structure,delta,stop_mult,tp_mult,vix_max,skip_bwd,trend_filter,trades24,pnl24,pf24,maxdd24,trades25,pnl25,pf25,maxdd25,worst_year_pnl,total_pnl,development_score,eligible
strangle,0.1,1.5,0.0,0.0,False,False,252,-9171.38,0.05,-9202.81,203,-12980.37,0.06,-12980.36,-12980.37,-22151.75,-1.0000007703946578,False
strangle,0.1,1.5,0.0,0.0,False,True,252,-5225.11,0.23,-5256.97,250,-9812.68,0.21,-9850.14,-9812.68,-15037.79,-0.9961970083673939,False
strangle,0.1,1.5,0.0,0.0,True,False,191,-5770.08,0.08,-5801.5,207,-6553.57,0.14,-6589.98,-6553.57,-12323.65,-0.9945841592691546,False
strangle,0.1,1.5,0.0,0.0,True,True,191,-3460.41,0.28,-3492.2,207,-3866.26,0.36,-3903.68,-3866.26,-7326.67,-0.9908968558501804,False
strangle,0.1,1.5,0.0,20.0,False,False,227,-8300.98,0.04,-8332.41,188,-5508.93,0.16,-5545.31,-8300.98,-13809.91,-0.9962279820604123,False
strangle,0.1,1.5,0.0,20.0,False,True,227,-4453.68,0.23,-4485.54,188,-3292.76,0.37,-3330.18,-4453.68,-7746.4400000000005,-0.9928971762597146,False
strangle,0.1,1.5,0.0,20.0,True,False,177,-5350.43,0.07,-5381.86,181,-5141.26,0.17,-5177.64,-5350.43,-10491.69,-0.9941600115945046,False
strangle,0.1,1.5,0.0,20.0,True,True,177,-3159.41,0.26,-3191.21,181,-3166.67,0.37,-3204.1,-3166.67,-6326.08,-0.9900351277415149,False
strangle,0.1,1.5,0.0,25.0,False,False,248,-8962.3,0.05,-8993.73,230,-8242.74,0.11,-8279.13,-8962.3,-17205.04,-0.9965053431668507,False
strangle,0.1,1.5,0.0,25.0,False,True,248,-5077.15,0.23,-5109.02,230,-4647.26,0.33,-4684.71,-5077.15,-9724.41,-0.9937620130670851,False
strangle,0.1,1.5,0.0,25.0,True,False,191,-5770.08,0.08,-5801.5,204,-6249.73,0.14,-6286.13,-6249.73,-12019.81,-0.9945841592691546,False
strangle,0.1,1.5,0.0,25.0,True,True,191,-3460.41,0.28,-3492.2,204,-3744.9,0.36,-3782.33,-3744.9,-7205.3099999999995,-0.9908968558501804,False
strangle,0.1,1.5,0.3,0.0,False,False,252,-10050.82,0.02,-10071.93,163,-13048.18,0.02,-13101.1,-13048.18,-23099.0,-0.9979040759814652,False
strangle,0.1,1.5,0.3,0.0,False,True,252,-5324.11,0.15,-5358.03,250,-10652.13,0.13,-10657.53,-10652.13,-15976.239999999998,-0.9994933159934806,False
strangle,0.1,1.5,0.3,0.0,True,False,191,-6657.86,0.02,-6678.95,207,-8278.6,0.05,-8301.18,-8278.6,-14936.46,-0.997279904784621,False
strangle,0.1,1.5,0.3,0.0,True,True,191,-3683.06,0.17,-3716.91,207,-4594.59,0.22,-4599.97,-4594.59,-8277.65,-0.9988304271549597,False
strangle,0.1,1.5,0.3,20.0,False,False,227,-8893.84,0.01,-8914.93,188,-7233.56,0.06,-7256.13,-8893.84,-16127.400000000001,-0.997634305597464,False
strangle,0.1,1.5,0.3,20.0,False,True,227,-4434.15,0.15,-4468.08,188,-4036.49,0.22,-4041.87,-4434.15,-8470.64,-0.9986689329444044,False
strangle,0.1,1.5,0.3,20.0,True,False,177,-6068.47,0.02,-6089.56,181,-6821.19,0.07,-6843.76,-6821.19,-12889.66,-0.9967021052754625,False
strangle,0.1,1.5,0.3,20.0,True,True,177,-3292.87,0.16,-3326.73,181,-3886.13,0.22,-3891.52,-3886.13,-7179.0,-0.998614937093989,False
strangle,0.1,1.5,0.3,25.0,False,False,248,-9806.89,0.02,-9827.99,230,-10125.76,0.04,-10148.33,-10125.76,-19932.65,-0.99785307066857,False
strangle,0.1,1.5,0.3,25.0,False,True,248,-5159.96,0.15,-5193.89,230,-5524.69,0.2,-5530.09,-5524.69,-10684.65,-0.999023524029446,False
strangle,0.1,1.5,0.3,25.0,True,False,191,-6657.86,0.02,-6678.95,204,-8045.08,0.06,-8067.66,-8045.08,-14702.939999999999,-0.9972011710954601,False
strangle,0.1,1.5,0.3,25.0,True,True,191,-3683.06,0.17,-3716.91,204,-4543.56,0.21,-4548.95,-4543.56,-8226.62,-0.9988151111795031,False
strangle,0.1,1.5,0.5,0.0,False,False,252,-10695.63,0.01,-10711.82,152,-13114.6,0.01,-13157.25,-13114.6,-23810.23,-0.9984885855064778,False
strangle,0.1,1.5,0.5,0.0,False,True,252,-5647.07,0.1,-5667.61,250,-10938.3,0.09,-10938.33,-10938.3,-16585.37,-0.999997257350985,False
strangle,0.1,1.5,0.5,0.0,True,False,191,-7252.92,0.01,-7269.12,207,-9050.64,0.04,-9050.73,-9050.64,-16303.56,-0.9999900560507274,False
strangle,0.1,1.5,0.5,0.0,True,True,191,-3959.78,0.11,-3980.27,207,-4835.3,0.15,-4835.33,-4835.3,-8795.08,-0.99999379566648,False
strangle,0.1,1.5,0.5,20.0,False,False,227,-9448.72,0.01,-9464.91,188,-8136.63,0.04,-8136.7,-9448.72,-17585.35,-0.9999913970036993,False
strangle,0.1,1.5,0.5,20.0,False,True,227,-4696.1,0.09,-4716.64,188,-4457.54,0.14,-4457.57,-4696.1,-9153.64,-0.9999932698757396,False
strangle,0.1,1.5,0.5,20.0,True,False,177,-6576.36,0.01,-6592.56,181,-7702.45,0.04,-7702.53,-7702.45,-14278.81,-0.9999896138022183,False
strangle,0.1,1.5,0.5,20.0,True,True,177,-3524.13,0.1,-3544.63,181,-4295.0,0.14,-4295.04,-4295.0,-7819.13,-0.9999906869319029,False
strangle,0.1,1.5,0.5,25.0,False,False,248,-10491.61,0.01,-10507.8,230,-10898.3,0.03,-10898.4,-10898.3,-21389.91,-0.9999908243411877,False
strangle,0.1,1.5,0.5,25.0,False,True,248,-5474.13,0.1,-5494.68,230,-5718.98,0.14,-5719.0,-5718.98,-11193.11,-0.9999965028851197,False
strangle,0.1,1.5,0.5,25.0,True,False,191,-7252.92,0.01,-7269.12,204,-8797.58,0.04,-8797.67,-8797.58,-16050.5,-0.9999897700186526,False
strangle,0.1,1.5,0.5,25.0,True,True,191,-3959.78,0.11,-3980.27,204,-4764.73,0.15,-4764.76,-4764.73,-8724.51,-0.9999937037752162,False
strangle,0.1,2.0,0.0,0.0,False,False,252,-3906.97,0.45,-3938.42,250,-8354.71,0.34,-8522.47,-8354.71,-12261.679999999998,-0.9920145642161069,False
strangle,0.1,2.0,0.0,0.0,False,True,252,-2679.72,0.53,-2749.23,250,-7100.56,0.38,-7201.56,-7100.56,-9780.28,-0.9859752609156905,False
strangle,0.1,2.0,0.0,0.0,True,False,191,-2091.31,0.55,-2122.73,207,-1590.95,0.71,-1758.72,-2091.31,-3682.26,-0.9851983059550673,False
strangle,0.1,2.0,0.0,0.0,True,True,191,-1765.0,0.58,-1834.46,207,-1782.28,0.66,-1883.25,-1782.28,-3547.2799999999997,-0.9621359964240158,False
strangle,0.1,2.0,0.0,20.0,False,False,227,-3702.63,0.4,-3734.08,188,-960.01,0.8,-1471.47,-3702.63,-4662.64,-0.9915775773416746,False
strangle,0.1,2.0,0.0,20.0,False,True,227,-2251.1,0.54,-2320.61,188,-1229.4,0.72,-1330.37,-2251.1,-3480.5,-0.9700466687638163,False
strangle,0.1,2.0,0.0,20.0,True,False,177,-1988.95,0.52,-2020.39,181,-736.88,0.83,-1248.35,-1988.95,-2725.83,-0.9844386479838051,False
strangle,0.1,2.0,0.0,20.0,True,True,177,-1621.0,0.56,-1690.47,181,-1197.91,0.72,-1298.9,-1621.0,-2818.91,-0.9589049199335096,False
strangle,0.1,2.0,0.0,25.0,False,False,248,-3801.13,0.45,-3832.58,230,-2691.29,0.6,-2859.03,-3801.13,-6492.42,-0.9917940395242891,False
strangle,0.1,2.0,0.0,25.0,False,True,248,-2531.76,0.55,-2601.27,230,-2195.07,0.63,-2296.05,-2531.76,-4726.83,-0.973278437071123,False
strangle,0.1,2.0,0.0,25.0,True,False,191,-2091.31,0.55,-2122.73,204,-1304.91,0.75,-1472.68,-2091.31,-3396.2200000000003,-0.9851983059550673,False
strangle,0.1,2.0,0.0,25.0,True,True,191,-1765.0,0.58,-1834.46,204,-1655.32,0.67,-1756.29,-1765.0,-3420.3199999999997,-0.9621359964240158,False
strangle,0.1,2.0,0.3,0.0,False,False,252,-6285.28,0.22,-6306.35,250,-11570.32,0.18,-11663.18,-11570.32,-17855.6,-0.9966589231488895,False
strangle,0.1,2.0,0.3,0.0,False,True,252,-3570.37,0.32,-3604.27,250,-8534.67,0.23,-8575.9,-8534.67,-12105.04,-0.995192341328607,False
strangle,0.1,2.0,0.3,0.0,True,False,191,-4012.69,0.26,-4033.74,207,-4370.58,0.35,-4463.48,-4370.58,-8383.27,-0.9947815178965427,False
strangle,0.1,2.0,0.3,0.0,True,True,191,-2561.11,0.33,-2594.97,207,-2970.23,0.41,-3011.46,-2970.23,-5531.34,-0.9869516795955253,False
strangle,0.1,2.0,0.3,20.0,False,False,227,-5638.76,0.2,-5659.82,188,-3799.2,0.37,-3892.08,-5638.76,-9437.96,-0.9962790336088427,False
strangle,0.1,2.0,0.3,20.0,False,True,227,-2947.51,0.33,-2981.41,188,-2525.1,0.42,-2566.33,-2947.51,-5472.610000000001,-0.9886295410560776,False
strangle,0.1,2.0,0.3,20.0,True,False,177,-3666.36,0.24,-3687.4,181,-3497.98,0.38,-3590.88,-3666.36,-7164.34,-0.9942940825513913,False
strangle,0.1,2.0,0.3,20.0,True,True,177,-2291.6,0.33,-2325.47,181,-2447.78,0.42,-2489.03,-2447.78,-4739.38,-0.9854352023461924,False
strangle,0.1,2.0,0.3,25.0,False,False,248,-6115.09,0.22,-6136.16,230,-5867.6,0.29,-5960.48,-6115.09,-11982.69,-0.9965662564209539,False
strangle,0.1,2.0,0.3,25.0,False,True,248,-3406.22,0.33,-3440.13,230,-3616.82,0.38,-3658.06,-3616.82,-7023.04,-0.9901428143703871,False
strangle,0.1,2.0,0.3,25.0,True,False,191,-4012.69,0.26,-4033.74,204,-4261.48,0.35,-4354.38,-4261.48,-8274.17,-0.9947815178965427,False
strangle,0.1,2.0,0.3,25.0,True,True,191,-2561.11,0.33,-2594.97,204,-2919.2,0.41,-2960.44,-2919.2,-5480.3099999999995,-0.9869516795955253,False
strangle,0.1,2.0,0.5,0.0,False,False,252,-7375.9,0.13,-7392.1,226,-12575.96,0.11,-12585.12,-12575.96,-19951.86,-0.999272156324294,False
strangle,0.1,2.0,0.5,0.0,False,True,252,-4063.69,0.21,-4084.13,250,-9071.94,0.16,-9085.2,-9071.94,-13135.630000000001,-0.99854048342359,False
strangle,0.1,2.0,0.5,0.0,True,False,191,-4967.34,0.15,-4983.58,207,-5699.14,0.21,-5756.03,-5699.14,-10666.48,-0.9967412984240246,False
strangle,0.1,2.0,0.5,0.0,True,True,191,-2963.38,0.21,-2983.81,207,-3442.26,0.28,-3455.51,-3442.26,-6405.64,-0.9961655443046034,False
strangle,0.1,2.0,0.5,20.0,False,False,227,-6601.7,0.11,-6617.91,188,-5227.14,0.21,-5284.05,-6601.7,-11828.84,-0.9975505862122633,False
strangle,0.1,2.0,0.5,20.0,False,True,227,-3341.32,0.21,-3361.77,188,-3193.92,0.27,-3207.2,-3341.32,-6535.24,-0.99585931653779,False
strangle,0.1,2.0,0.5,20.0,True,False,177,-4496.33,0.14,-4512.58,181,-4887.87,0.22,-4944.79,-4887.87,-9384.2,-0.9963989558079857,False
strangle,0.1,2.0,0.5,20.0,True,True,177,-2630.18,0.2,-2650.62,181,-3094.06,0.27,-3107.35,-3094.06,-5724.24,-0.9957230437511062,False
strangle,0.1,2.0,0.5,25.0,False,False,248,-7271.96,0.13,-7288.16,230,-7201.11,0.18,-7258.03,-7271.96,-14473.07,-0.9977772167460649,False
strangle,0.1,2.0,0.5,25.0,False,True,248,-3890.75,0.21,-3911.2,230,-4030.92,0.27,-4044.17,-4030.92,-7921.67,-0.9967236787771039,False
strangle,0.1,2.0,0.5,25.0,True,False,191,-4967.34,0.15,-4983.58,204,-5552.56,0.21,-5609.45,-5552.56,-10519.900000000001,-0.9967412984240246,False
strangle,0.1,2.0,0.5,25.0,True,True,191,-2963.38,0.21,-2983.81,204,-3371.69,0.28,-3384.94,-3371.69,-6335.07,-0.9960856026990139,False
strangle,0.1,3.0,0.0,0.0,False,False,252,1543.24,1.28,-734.6,250,-950.85,0.91,-6422.23,-950.85,592.39,-0.14805604906706862,False
strangle,0.1,3.0,0.0,0.0,False,True,252,92.74,1.02,-569.74,250,-2679.83,0.7,-5062.96,-2679.83,-2587.09,-0.5293010412881002,False
strangle,0.1,3.0,0.0,0.0,True,False,191,1552.06,1.42,-552.52,207,4312.41,2.02,-696.88,1552.06,5864.469999999999,2.8090566857308334,True
strangle,0.1,3.0,0.0,0.0,True,True,191,-179.2,0.94,-600.19,207,1637.83,1.5,-824.77,-179.2,1458.6299999999999,-0.29857211882903745,False
strangle,0.1,3.0,0.0,20.0,False,False,227,730.47,1.15,-731.85,188,3908.65,2.09,-591.01,730.47,4639.12,0.9981143676982989,False
strangle,0.1,3.0,0.0,20.0,False,True,227,-87.8,0.98,-499.25,188,1339.87,1.46,-686.24,-87.8,1252.07,-0.1758637956935403,False
strangle,0.1,3.0,0.0,20.0,True,False,177,1280.33,1.38,-492.59,181,3784.31,2.1,-591.01,1280.33,5064.639999999999,2.5991798453074564,False
strangle,0.1,3.0,0.0,20.0,True,True,177,-109.32,0.96,-499.25,181,1246.38,1.43,-686.24,-109.32,1137.0600000000002,-0.21896845267901852,False
strangle,0.1,3.0,0.0,25.0,False,False,248,1206.32,1.22,-691.24,230,4010.46,1.76,-1023.56,1206.32,5216.78,1.7451536369423064,False
strangle,0.1,3.0,0.0,25.0,False,True,248,-76.99,0.98,-612.39,230,1694.37,1.45,-866.44,-76.99,1617.3799999999999,-0.1257205375659302,False
strangle,0.1,3.0,0.0,25.0,True,False,191,1552.06,1.42,-552.52,204,4353.28,2.06,-697.1,1552.06,5905.34,2.8090566857308334,True
strangle,0.1,3.0,0.0,25.0,True,True,191,-179.2,0.94,-600.19,204,1653.53,1.52,-824.77,-179.2,1474.33,-0.29857211882903745,False
strangle,0.1,3.0,0.3,0.0,False,False,252,-1957.28,0.66,-2322.54,250,-6025.84,0.5,-7201.31,-6025.84,-7983.12,-0.8427325255969758,False
strangle,0.1,3.0,0.3,0.0,False,True,252,-1338.71,0.63,-1419.35,250,-5122.28,0.42,-5496.09,-5122.28,-6460.99,-0.9431852608588439,False
strangle,0.1,3.0,0.3,0.0,True,False,191,-1151.65,0.71,-1341.6,207,187.47,1.04,-1198.7,-1151.65,-964.1800000000001,-0.8584153249850925,False
strangle,0.1,3.0,0.3,0.0,True,True,191,-1293.12,0.56,-1373.74,207,-300.87,0.9,-1030.15,-1293.12,-1593.9899999999998,-0.941313494547731,False
strangle,0.1,3.0,0.3,20.0,False,False,227,-2173.55,0.58,-2478.38,188,156.76,1.04,-839.87,-2173.55,-2016.7900000000002,-0.8770043334758996,False
strangle,0.1,3.0,0.3,20.0,False,True,227,-1235.49,0.6,-1322.81,188,-480.76,0.84,-1002.26,-1235.49,-1716.25,-0.9339890082475942,False
strangle,0.1,3.0,0.3,20.0,True,False,177,-1117.58,0.69,-1244.99,181,169.3,1.04,-756.72,-1117.58,-948.28,-0.8976618286090651,False
strangle,0.1,3.0,0.3,20.0,True,True,177,-1085.15,0.57,-1172.44,181,-506.37,0.82,-1002.26,-1085.15,-1591.52,-0.9255484289174712,False
strangle,0.1,3.0,0.3,25.0,False,False,248,-2166.0,0.63,-2480.12,230,-552.94,0.91,-1553.32,-2166.0,-2718.94,-0.8733448381529927,False
strangle,0.1,3.0,0.3,25.0,False,True,248,-1443.95,0.6,-1524.6,230,-468.05,0.87,-1159.25,-1443.95,-1912.0,-0.9471008789190608,False
strangle,0.1,3.0,0.3,25.0,True,False,191,-1151.65,0.71,-1341.6,204,296.57,1.06,-1198.91,-1151.65,-855.0800000000002,-0.8584153249850925,False
strangle,0.1,3.0,0.3,25.0,True,True,191,-1293.12,0.56,-1373.74,204,-249.84,0.92,-1061.99,-1293.12,-1542.9599999999998,-0.941313494547731,False
strangle,0.1,3.0,0.5,0.0,False,False,252,-3597.15,0.39,-3675.8,250,-7724.72,0.34,-7885.17,-7724.72,-11321.87,-0.9796516752333811,False
strangle,0.1,3.0,0.5,0.0,False,True,252,-2078.07,0.4,-2134.35,250,-5997.57,0.29,-6188.38,-5997.57,-8075.639999999999,-0.9736313163258136,False
strangle,0.1,3.0,0.5,0.0,True,False,191,-2419.47,0.41,-2498.16,207,-1101.55,0.75,-1261.98,-2419.47,-3521.0199999999995,-0.9685008166010183,False
strangle,0.1,3.0,0.5,0.0,True,True,191,-1837.32,0.35,-1893.6,207,-1003.8,0.65,-1175.11,-1837.32,-2841.12,-0.970278833967047,False
strangle,0.1,3.0,0.5,20.0,False,False,227,-3503.73,0.34,-3582.4,188,-1568.13,0.64,-1723.45,-3503.73,-5071.860000000001,-0.9780398615453327,False
strangle,0.1,3.0,0.5,20.0,False,True,227,-1827.67,0.38,-1883.97,188,-1256.14,0.56,-1446.93,-1827.67,-3083.8100000000004,-0.9701162969686354,False
strangle,0.1,3.0,0.5,20.0,True,False,177,-2229.52,0.4,-2308.21,181,-1488.36,0.64,-1643.68,-2229.52,-3717.88,-0.9659086478266709,False
strangle,0.1,3.0,0.5,20.0,True,True,177,-1559.28,0.35,-1615.57,181,-1248.51,0.55,-1419.84,-1559.28,-2807.79,-0.9651578080801203,False
strangle,0.1,3.0,0.5,25.0,False,False,248,-3736.4,0.37,-3815.05,230,-1968.78,0.65,-2124.12,-3736.4,-5705.18,-0.9793842806778417,False
strangle,0.1,3.0,0.5,25.0,False,True,248,-2148.33,0.38,-2204.62,230,-1188.68,0.64,-1379.47,-2148.33,-3337.01,-0.9744672551278678,False
strangle,0.1,3.0,0.5,25.0,True,False,191,-2419.47,0.41,-2498.16,204,-954.97,0.77,-1110.3,-2419.47,-3374.4399999999996,-0.9685008166010183,False
strangle,0.1,3.0,0.5,25.0,True,True,191,-1837.32,0.35,-1893.6,204,-933.23,0.66,-1135.76,-1837.32,-2770.55,-0.970278833967047,False
strangle,0.16,1.5,0.0,0.0,False,False,252,-8267.56,0.26,-8325.4,220,-12826.7,0.22,-12826.64,-12826.7,-21094.260000000002,-1.000004677764403,False
strangle,0.16,1.5,0.0,0.0,False,True,252,-5087.8,0.45,-5156.39,250,-9911.26,0.38,-10085.99,-9911.26,-14999.060000000001,-0.9866980581375729,False
strangle,0.16,1.5,0.0,0.0,True,False,191,-4136.0,0.4,-4193.83,207,-4430.18,0.47,-4660.39,-4430.18,-8566.18,-0.98621069523562,False
strangle,0.16,1.5,0.0,0.0,True,True,191,-2893.98,0.55,-2962.58,207,-3237.53,0.61,-3412.25,-3237.53,-6131.51,-0.9768445071525494,False
strangle,0.16,1.5,0.0,20.0,False,False,227,-7734.73,0.23,-7792.59,188,-3157.54,0.56,-3387.76,-7734.73,-10892.27,-0.9925749975297045,False
strangle,0.16,1.5,0.0,20.0,False,True,227,-4370.19,0.45,-4438.79,188,-2658.53,0.63,-2833.23,-4370.19,-7028.719999999999,-0.9845453378060236,False
strangle,0.16,1.5,0.0,20.0,True,False,177,-4046.67,0.36,-4104.51,181,-2694.05,0.59,-2924.27,-4046.67,-6740.72,-0.9859081839245123,False
strangle,0.16,1.5,0.0,20.0,True,True,177,-2717.85,0.52,-2786.46,181,-2498.95,0.64,-2673.65,-2717.85,-5216.799999999999,-0.9753773605219526,False
strangle,0.16,1.5,0.0,25.0,False,False,248,-7986.58,0.27,-8044.42,230,-6397.67,0.39,-6627.87,-7986.58,-14384.25,-0.9928099229030807,False
strangle,0.16,1.5,0.0,25.0,False,True,248,-4877.66,0.46,-4946.25,230,-4168.13,0.56,-4342.84,-4877.66,-9045.79,-0.986132928986606,False
strangle,0.16,1.5,0.0,25.0,True,False,191,-4136.0,0.4,-4193.83,204,-3958.75,0.5,-4188.95,-4136.0,-8094.75,-0.98621069523562,False
strangle,0.16,1.5,0.0,25.0,True,True,191,-2893.98,0.55,-2962.58,204,-3070.37,0.62,-3245.08,-3070.37,-5964.35,-0.9768445071525494,False
strangle,0.16,1.5,0.3,0.0,False,False,252,-10040.82,0.14,-10081.13,132,-13139.64,0.05,-13188.35,-13139.64,-23180.46,-0.9963065887696337,False
strangle,0.16,1.5,0.3,0.0,False,True,252,-5492.12,0.34,-5576.75,248,-11729.97,0.26,-11767.4,-11729.97,-17222.09,-0.9968191784081445,False
strangle,0.16,1.5,0.3,0.0,True,False,191,-5927.82,0.21,-5968.07,207,-7639.52,0.23,-7764.02,-7639.52,-13567.34,-0.9932557761554406,False
strangle,0.16,1.5,0.3,0.0,True,True,191,-3537.68,0.39,-3622.3,207,-4765.44,0.41,-4856.49,-4765.44,-8303.119999999999,-0.9812518917983976,False
strangle,0.16,1.5,0.3,20.0,False,False,227,-8934.25,0.13,-8974.56,188,-6311.32,0.27,-6435.84,-8934.25,-15245.57,-0.9955084148972206,False
strangle,0.16,1.5,0.3,20.0,False,True,227,-4517.07,0.35,-4601.71,188,-4016.53,0.43,-4107.57,-4517.07,-8533.6,-0.9816068374582492,False
strangle,0.16,1.5,0.3,20.0,True,False,177,-5478.38,0.19,-5518.63,181,-5772.81,0.29,-5897.32,-5772.81,-11251.19,-0.9927065231769479,False
strangle,0.16,1.5,0.3,20.0,True,True,177,-3174.89,0.38,-3259.51,181,-3816.8,0.43,-3907.84,-3816.8,-6991.6900000000005,-0.9767032427120865,False
strangle,0.16,1.5,0.3,25.0,False,False,248,-9698.53,0.14,-9738.84,230,-9924.71,0.19,-10049.21,-9924.71,-19623.239999999998,-0.9958609033519393,False
strangle,0.16,1.5,0.3,25.0,False,True,248,-5254.84,0.35,-5339.48,230,-5825.87,0.38,-5916.92,-5825.87,-11080.71,-0.9846119264752607,False
strangle,0.16,1.5,0.3,25.0,True,False,191,-5927.82,0.21,-5968.07,204,-7273.7,0.24,-7398.19,-7273.7,-13201.52,-0.9932557761554406,False
strangle,0.16,1.5,0.3,25.0,True,True,191,-3537.68,0.39,-3622.3,204,-4569.46,0.42,-4660.5,-4569.46,-8107.139999999999,-0.9804656152773308,False
strangle,0.16,1.5,0.5,0.0,False,False,252,-11649.88,0.09,-11680.52,106,-13686.59,0.01,-13686.59,-13686.59,-25336.47,-1.0,False
strangle,0.16,1.5,0.5,0.0,False,True,252,-6327.51,0.23,-6384.28,241,-12148.77,0.19,-12148.76,-12148.77,-18476.28,-1.000000823129274,False
strangle,0.16,1.5,0.5,0.0,True,False,191,-7431.63,0.12,-7462.23,207,-9409.16,0.15,-9477.71,-9409.16,-16840.79,-0.9958993491221794,False
strangle,0.16,1.5,0.5,0.0,True,True,191,-4247.54,0.26,-4304.32,207,-5317.24,0.31,-5357.43,-5317.24,-9564.779999999999,-0.992498268759461,False
strangle,0.16,1.5,0.5,20.0,False,False,227,-10311.51,0.08,-10342.13,188,-8398.48,0.16,-8467.03,-10311.51,-18709.989999999998,-0.9970392946133921,False
strangle,0.16,1.5,0.5,20.0,False,True,227,-5204.84,0.24,-5261.61,188,-4985.27,0.29,-5025.45,-5204.84,-10190.11,-0.992004696096867,False
strangle,0.16,1.5,0.5,20.0,True,False,177,-6776.12,0.11,-6806.7,181,-7817.95,0.17,-7886.5,-7817.95,-14594.07,-0.9955073677406086,False
strangle,0.16,1.5,0.5,20.0,True,True,177,-3778.3,0.25,-3835.09,181,-4762.78,0.29,-4802.96,-4762.78,-8541.08,-0.9916343254992754,False
strangle,0.16,1.5,0.5,25.0,False,False,248,-11369.42,0.09,-11400.05,227,-11716.81,0.12,-11760.15,-11716.81,-23086.23,-0.9973131696790805,False
strangle,0.16,1.5,0.5,25.0,False,True,248,-6074.14,0.24,-6130.91,230,-6456.01,0.28,-6496.2,-6456.01,-12530.150000000001,-0.9938133062405715,False
strangle,0.16,1.5,0.5,25.0,True,False,191,-7431.63,0.12,-7462.23,204,-9140.75,0.15,-9209.29,-9140.75,-16572.38,-0.9958993491221794,False
strangle,0.16,1.5,0.5,25.0,True,True,191,-4247.54,0.26,-4304.32,204,-5235.56,0.31,-5275.74,-5235.56,-9483.1,-0.9923840067933599,False
strangle,0.16,2.0,0.0,0.0,False,False,252,-432.62,0.95,-2006.86,250,-4860.55,0.67,-9087.17,-4860.55,-5293.17,-0.534880496348148,False
strangle,0.16,2.0,0.0,0.0,False,True,252,-1630.9,0.8,-1877.23,250,-6400.57,0.58,-6680.59,-6400.57,-8031.469999999999,-0.9580845404372966,False
strangle,0.16,2.0,0.0,0.0,True,False,191,902.23,1.17,-938.37,207,2372.4,1.37,-1335.42,902.23,3274.63,0.9614864072807102,False
strangle,0.16,2.0,0.0,0.0,True,True,191,-945.16,0.84,-1378.23,207,-561.77,0.93,-1648.1,-945.16,-1506.9299999999998,-0.6857781357248064,False
strangle,0.16,2.0,0.0,20.0,False,False,227,-954.2,0.87,-1881.51,188,3044.64,1.58,-944.15,-954.2,2090.4399999999996,-0.5071458562537536,False
strangle,0.16,2.0,0.0,20.0,False,True,227,-1361.43,0.8,-1607.78,188,34.76,1.01,-1272.15,-1361.43,-1326.67,-0.8467763002400827,False
strangle,0.16,2.0,0.0,20.0,True,False,177,577.96,1.12,-733.4,181,3073.03,1.61,-878.31,577.96,3650.9900000000002,0.788055631306245,False
strangle,0.16,2.0,0.0,20.0,True,True,177,-879.55,0.83,-1375.18,181,27.42,1.0,-1272.15,-879.55,-852.13,-0.6395889992582788,False
strangle,0.16,2.0,0.0,25.0,False,False,248,-477.84,0.94,-1895.77,230,1619.29,1.2,-2668.84,-477.84,1141.45,-0.2520558928562009,False
strangle,0.16,2.0,0.0,25.0,False,True,248,-1561.63,0.8,-1807.97,230,-1051.23,0.88,-1635.23,-1561.63,-2612.86,-0.8637477391770881,False
strangle,0.16,2.0,0.0,25.0,True,False,191,902.23,1.17,-938.37,204,2865.0,1.48,-958.81,902.23,3767.23,0.9614864072807102,False
strangle,0.16,2.0,0.0,25.0,True,True,191,-945.16,0.84,-1378.23,204,-362.63,0.95,-1525.53,-945.16,-1307.79,-0.6857781357248064,False
strangle,0.16,2.0,0.3,0.0,False,False,252,-4702.27,0.51,-4828.39,250,-10179.22,0.4,-10382.41,-10179.22,-14881.49,-0.980429399339845,False
strangle,0.16,2.0,0.3,0.0,False,True,252,-3221.26,0.56,-3389.42,250,-8475.35,0.41,-8633.32,-8475.35,-11696.61,-0.9817022883433025,False
strangle,0.16,2.0,0.3,0.0,True,False,191,-2522.37,0.6,-2574.09,207,-2269.22,0.72,-2472.42,-2522.37,-4791.59,-0.9799074624430381,False
strangle,0.16,2.0,0.3,0.0,True,True,191,-2331.6,0.56,-2499.76,207,-2498.9,0.65,-2656.86,-2498.9,-4830.5,-0.9405463592360908,False
strangle,0.16,2.0,0.3,20.0,False,False,227,-4424.37,0.47,-4476.09,188,-1729.5,0.75,-1932.74,-4424.37,-6153.87,-0.9884452725481391,False
strangle,0.16,2.0,0.3,20.0,False,True,227,-2607.06,0.57,-2775.24,188,-2045.06,0.67,-2203.03,-2607.06,-4652.12,-0.9393998356898864,False
strangle,0.16,2.0,0.3,20.0,True,False,177,-2401.15,0.58,-2452.86,181,-1536.69,0.77,-1739.92,-2401.15,-3937.84,-0.9789184869906966,False
strangle,0.16,2.0,0.3,20.0,True,True,177,-2055.71,0.56,-2223.88,181,-1974.96,0.67,-2132.93,-2055.71,-4030.67,-0.9259375600699508,False
strangle,0.16,2.0,0.3,25.0,False,False,248,-4609.47,0.51,-4661.2,230,-3523.26,0.65,-3726.46,-4609.47,-8132.7300000000005,-0.9889019994851113,False
strangle,0.16,2.0,0.3,25.0,False,True,248,-3100.26,0.56,-3268.42,230,-2933.45,0.64,-3091.42,-3100.26,-6033.71,-0.948900505269423,False
strangle,0.16,2.0,0.3,25.0,True,False,191,-2522.37,0.6,-2574.09,204,-1981.09,0.75,-2184.29,-2522.37,-4503.46,-0.9799074624430381,False
strangle,0.16,2.0,0.3,25.0,True,True,191,-2331.6,0.56,-2499.76,204,-2270.94,0.67,-2428.9,-2331.6,-4602.54,-0.9349664457161678,False
strangle,0.16,2.0,0.5,0.0,False,False,252,-7028.89,0.33,-7058.38,226,-12345.1,0.26,-12364.09,-12345.1,-19373.99,-0.9984641004716077,False
strangle,0.16,2.0,0.5,0.0,False,True,252,-4354.19,0.39,-4480.28,250,-9396.43,0.31,-9481.95,-9396.43,-13750.619999999999,-0.9909807581773791,False
strangle,0.16,2.0,0.5,0.0,True,False,191,-4524.73,0.36,-4554.23,207,-4722.31,0.46,-4842.73,-4722.31,-9247.04,-0.9935225054509763,False
strangle,0.16,2.0,0.5,0.0,True,True,191,-3182.04,0.39,-3308.18,207,-3268.1,0.5,-3353.6,-3268.1,-6450.139999999999,-0.9745050095419847,False
strangle,0.16,2.0,0.5,20.0,False,False,227,-6458.5,0.3,-6487.98,188,-4461.13,0.45,-4581.56,-6458.5,-10919.630000000001,-0.9954562128736526,False
strangle,0.16,2.0,0.5,20.0,False,True,227,-3542.18,0.4,-3668.27,188,-3268.4,0.46,-3353.91,-3542.18,-6810.58,-0.9745043844348835,False
strangle,0.16,2.0,0.5,20.0,True,False,177,-4148.53,0.35,-4178.01,181,-4176.69,0.46,-4297.12,-4176.69,-8325.22,-0.9929440092292741,False
strangle,0.16,2.0,0.5,20.0,True,True,177,-2785.96,0.38,-2912.11,181,-3154.67,0.46,-3240.17,-3154.67,-5940.63,-0.9736124956406609,False
strangle,0.16,2.0,0.5,25.0,False,False,248,-7022.58,0.32,-7052.08,230,-6111.43,0.42,-6231.84,-7022.58,-13134.01,-0.9958168370182982,False
strangle,0.16,2.0,0.5,25.0,False,True,248,-4202.7,0.39,-4328.79,230,-3796.66,0.49,-3882.18,-4202.7,-7999.36,-0.9779711399265362,False
strangle,0.16,2.0,0.5,25.0,True,False,191,-4524.73,0.36,-4554.23,204,-4547.13,0.47,-4667.55,-4547.13,-9071.86,-0.9935225054509763,False
strangle,0.16,2.0,0.5,25.0,True,True,191,-3182.04,0.39,-3308.18,204,-3186.42,0.5,-3271.91,-3186.42,-6368.46,-0.9738715306961377,False
strangle,0.16,3.0,0.0,0.0,False,False,252,7652.78,2.06,-856.15,250,7242.97,1.55,-6817.72,7242.97,14895.75,1.0623742248141608,False
strangle,0.16,3.0,0.0,0.0,False,True,252,2578.36,1.43,-900.79,250,926.16,1.08,-5866.88,926.16,3504.52,0.15786244136576852,False
strangle,0.16,3.0,0.0,0.0,True,False,191,6010.37,2.22,-841.66,207,11641.65,3.14,-701.52,6010.37,17652.02,7.14109022645724,True
strangle,0.16,3.0,0.0,0.0,True,True,191,1367.17,1.29,-979.96,207,5101.12,2.12,-1010.42,1367.17,6468.29,1.3951283725866361,False
strangle,0.16,3.0,0.0,20.0,False,False,227,5931.91,1.93,-585.28,188,10519.14,3.3,-712.01,5931.91,16451.05,10.135166074357572,False
strangle,0.16,3.0,0.0,20.0,False,True,227,2054.32,1.4,-638.73,188,4322.9,2.04,-759.11,2054.32,6377.219999999999,3.2162572605013073,False
strangle,0.16,3.0,0.0,20.0,True,False,177,5182.17,2.19,-567.97,181,10214.47,3.33,-712.01,5182.17,15396.64,9.124020634892688,False
strangle,0.16,3.0,0.0,20.0,True,True,177,1362.9,1.33,-638.73,181,4117.65,2.02,-759.11,1362.9,5480.549999999999,2.133765440796581,False
strangle,0.16,3.0,0.0,25.0,False,False,248,7208.79,2.01,-841.66,230,12252.03,2.88,-796.45,7208.79,19460.82,8.564966851222584,True
strangle,0.16,3.0,0.0,25.0,False,True,248,2248.85,1.37,-979.96,230,5313.19,1.98,-942.18,2248.85,7562.039999999999,2.294838564839381,True
strangle,0.16,3.0,0.0,25.0,True,False,191,6010.37,2.22,-841.66,204,11681.85,3.23,-704.87,6010.37,17692.22,7.14109022645724,True
strangle,0.16,3.0,0.0,25.0,True,True,191,1367.17,1.29,-979.96,204,4847.86,2.06,-1010.42,1367.17,6215.03,1.3951283725866361,False
strangle,0.16,3.0,0.3,0.0,False,False,252,1836.6,1.24,-1263.5,250,-926.79,0.94,-7751.74,-926.79,909.81,-0.11955896353592871,False
strangle,0.16,3.0,0.3,0.0,False,True,252,147.22,1.03,-861.49,250,-3110.49,0.72,-6099.8,-3110.49,-2963.27,-0.5099331125610675,False
strangle,0.16,3.0,0.3,0.0,True,False,191,1573.51,1.3,-982.1,207,5112.38,1.84,-1003.61,1573.51,6685.89,1.6021891864372264,True
strangle,0.16,3.0,0.3,0.0,True,True,191,-517.42,0.88,-956.76,207,1895.3,1.43,-1333.28,-517.42,1377.88,-0.5408043814540742,False
strangle,0.16,3.0,0.3,20.0,False,False,227,1120.22,1.17,-1169.0,188,4268.38,1.8,-948.71,1120.22,5388.6,0.9582720273738238,False
strangle,0.16,3.0,0.3,20.0,False,True,227,113.52,1.03,-861.49,188,1241.0,1.3,-1058.05,113.52,1354.52,0.13177169787229104,False
strangle,0.16,3.0,0.3,20.0,True,False,177,1290.64,1.28,-737.94,181,4184.59,1.82,-875.23,1290.64,5475.2300000000005,1.7489768815892892,False
strangle,0.16,3.0,0.3,20.0,True,True,177,-271.0,0.93,-765.68,181,1150.14,1.28,-1058.05,-271.0,879.1400000000001,-0.3539337582279804,False
strangle,0.16,3.0,0.3,25.0,False,False,248,1591.3,1.21,-1189.55,230,4678.66,1.63,-1278.36,1591.3,6269.96,1.3377327560842336,False
strangle,0.16,3.0,0.3,25.0,False,True,248,-69.87,0.99,-861.49,230,1734.36,1.33,-1331.39,-69.87,1664.4899999999998,-0.08110366922425101,False
strangle,0.16,3.0,0.3,25.0,True,False,191,1573.51,1.3,-982.1,204,5005.43,1.84,-1006.96,1573.51,6578.9400000000005,1.6021891864372264,True
strangle,0.16,3.0,0.3,25.0,True,True,191,-517.42,0.88,-956.76,204,1728.19,1.4,-1333.28,-517.42,1210.77,-0.5408043814540742,False
strangle,0.16,3.0,0.5,0.0,False,False,252,-1287.1,0.83,-2249.15,250,-4316.92,0.69,-8052.93,-4316.92,-5604.02,-0.5722606317942334,False
strangle,0.16,3.0,0.5,0.0,False,True,252,-1275.26,0.74,-1422.77,250,-4632.37,0.54,-5906.21,-4632.37,-5907.63,-0.8963219634937482,False
strangle,0.16,3.0,0.5,0.0,True,False,191,-957.64,0.83,-1676.51,207,2491.17,1.47,-868.24,-957.64,1533.5300000000002,-0.5712104311933719,False
strangle,0.16,3.0,0.5,0.0,True,True,191,-1636.0,0.61,-1783.54,207,666.56,1.18,-952.88,-1636.0,-969.44,-0.9172768763246129,False
strangle,0.16,3.0,0.5,20.0,False,False,227,-1592.35,0.76,-2440.29,188,1099.53,1.2,-1162.9,-1592.35,-492.81999999999994,-0.6525249048268853,False
strangle,0.16,3.0,0.5,20.0,False,True,227,-1026.09,0.75,-1317.15,188,-97.68,0.97,-1197.6,-1026.09,-1123.77,-0.7790228903313973,False
strangle,0.16,3.0,0.5,20.0,True,False,177,-929.0,0.81,-1474.84,181,1138.98,1.22,-990.49,-929.0,209.98000000000002,-0.6298988364839576,False
strangle,0.16,3.0,0.5,20.0,True,True,177,-1246.44,0.64,-1537.53,181,-124.27,0.97,-1197.6,-1246.44,-1370.71,-0.8106768648416617,False
strangle,0.16,3.0,0.5,25.0,False,False,248,-1582.45,0.79,-2471.62,230,1874.48,1.28,-1574.27,-1582.45,292.03,-0.6402480963902218,False
strangle,0.16,3.0,0.5,25.0,False,True,248,-1425.41,0.71,-1572.92,230,541.17,1.13,-1122.57,-1425.41,-884.2400000000001,-0.9062190066881978,False
strangle,0.16,3.0,0.5,25.0,True,False,191,-957.64,0.83,-1676.51,204,2468.98,1.47,-868.24,-957.64,1511.3400000000001,-0.5712104311933719,False
strangle,0.16,3.0,0.5,25.0,True,True,191,-1636.0,0.61,-1783.54,204,550.88,1.15,-975.11,-1636.0,-1085.12,-0.9172768763246129,False
strangle,0.2,1.5,0.0,0.0,False,False,252,-6543.86,0.42,-7267.06,226,-12183.2,0.34,-12449.99,-12183.2,-18727.06,-0.9785710671253552,False
strangle,0.2,1.5,0.0,0.0,False,True,252,-4012.0,0.61,-4204.55,250,-9948.77,0.47,-10185.49,-9948.77,-13960.77,-0.9767590955368863,False
strangle,0.2,1.5,0.0,0.0,True,False,191,-2447.3,0.64,-3408.69,207,-3020.33,0.69,-3324.88,-3020.33,-5467.63,-0.9084027092707104,False
strangle,0.2,1.5,0.0,0.0,True,True,191,-1944.82,0.72,-2040.04,207,-2844.56,0.71,-3081.3,-2844.56,-4789.38,-0.953324444618733,False
strangle,0.2,1.5,0.0,20.0,False,False,227,-6204.17,0.38,-6483.22,188,-1253.85,0.84,-2413.54,-6204.17,-7458.02,-0.9569581164914965,False
strangle,0.2,1.5,0.0,20.0,False,True,227,-3333.98,0.61,-3585.23,188,-1951.79,0.77,-2188.53,-3333.98,-5285.77,-0.9299208140063538,False
strangle,0.2,1.5,0.0,20.0,True,False,177,-2566.27,0.58,-2925.62,181,-777.61,0.89,-1937.29,-2566.27,-3343.88,-0.8771713346230885,False
strangle,0.2,1.5,0.0,20.0,True,True,177,-1867.23,0.7,-2118.51,181,-1738.65,0.79,-1975.38,-1867.23,-3605.88,-0.8813883342537915,False
strangle,0.2,1.5,0.0,25.0,False,False,248,-6217.5,0.43,-6899.22,230,-5202.94,0.56,-5507.51,-6217.5,-11420.439999999999,-0.944699147164508,False
strangle,0.2,1.5,0.0,25.0,False,True,248,-3778.84,0.62,-3874.04,230,-3952.94,0.66,-4189.68,-3952.94,-7731.780000000001,-0.9754261700963336,False
strangle,0.2,1.5,0.0,25.0,True,False,191,-2447.3,0.64,-3408.69,204,-2414.06,0.73,-2718.62,-2447.3,-4861.360000000001,-0.8879725743207951,False
strangle,0.2,1.5,0.0,25.0,True,True,191,-1944.82,0.72,-2040.04,204,-2624.11,0.73,-2860.85,-2624.11,-4568.93,-0.953324444618733,False
strangle,0.2,1.5,0.3,0.0,False,False,252,-9825.88,0.21,-9879.56,100,-13738.17,0.04,-13738.14,-13738.17,-23564.05,-1.000002183701724,False
strangle,0.2,1.5,0.3,0.0,False,True,252,-5283.8,0.45,-5405.63,239,-12006.25,0.32,-12006.33,-12006.25,-17290.05,-0.999993336848146,False
strangle,0.2,1.5,0.3,0.0,True,False,191,-5672.68,0.3,-5726.36,207,-7210.31,0.35,-7386.75,-7210.31,-12882.990000000002,-0.9906258076683968,False
strangle,0.2,1.5,0.3,0.0,True,True,191,-3465.22,0.49,-3587.07,207,-4683.15,0.51,-4814.54,-4683.15,-8148.369999999999,-0.9727097500488104,False
strangle,0.2,1.5,0.3,20.0,False,False,227,-8733.48,0.19,-8787.14,188,-5498.91,0.42,-5675.36,-8733.48,-14232.39,-0.9938933486891071,False
strangle,0.2,1.5,0.3,20.0,False,True,227,-4261.44,0.46,-4400.42,188,-3823.55,0.54,-3954.92,-4261.44,-8084.99,-0.9684166511378458,False
strangle,0.2,1.5,0.3,20.0,True,False,177,-5311.77,0.27,-5365.45,181,-4905.96,0.45,-5082.4,-5311.77,-10217.73,-0.9899952473697454,False
strangle,0.2,1.5,0.3,20.0,True,True,177,-3135.25,0.48,-3274.25,181,-3559.2,0.55,-3690.56,-3559.2,-6694.45,-0.9644064857365819,False
strangle,0.2,1.5,0.3,25.0,False,False,248,-9416.46,0.21,-9470.14,230,-9840.98,0.29,-10017.43,-9840.98,-19257.44,-0.9943316571877501,False
strangle,0.2,1.5,0.3,25.0,False,True,248,-5012.93,0.46,-5134.77,230,-5954.13,0.47,-6085.52,-5954.13,-10967.060000000001,-0.9784094046194901,False
strangle,0.2,1.5,0.3,25.0,True,False,191,-5672.68,0.3,-5726.36,204,-6739.68,0.37,-6916.12,-6739.68,-12412.36,-0.9906258076683968,False
strangle,0.2,1.5,0.3,25.0,True,True,191,-3465.22,0.49,-3587.07,204,-4428.48,0.52,-4559.86,-4428.48,-7893.699999999999,-0.9711877119034356,False
strangle,0.2,1.5,0.5,0.0,False,False,252,-12060.87,0.13,-12101.5,89,-13957.49,0.02,-14009.49,-13957.49,-26018.36,-0.9966425649712847,False
strangle,0.2,1.5,0.5,0.0,False,True,252,-6508.17,0.31,-6591.48,224,-12436.75,0.24,-12447.92,-12436.75,-18944.92,-0.9991026613281576,False
strangle,0.2,1.5,0.5,0.0,True,False,191,-7629.72,0.18,-7670.37,207,-9672.45,0.22,-9775.5,-9672.45,-17302.170000000002,-0.9947003860309216,False
strangle,0.2,1.5,0.5,0.0,True,True,191,-4386.89,0.35,-4470.22,207,-5614.92,0.38,-5685.92,-5614.92,-10001.810000000001,-0.9875130146044967,False
strangle,0.2,1.5,0.5,20.0,False,False,227,-10672.84,0.12,-10713.49,188,-8430.4,0.24,-8533.44,-10672.84,-19103.239999999998,-0.9962057182113392,False
strangle,0.2,1.5,0.5,20.0,False,True,227,-5280.28,0.32,-5363.59,188,-5202.54,0.37,-5273.52,-5280.28,-10482.82,-0.9865402994584261,False
strangle,0.2,1.5,0.5,20.0,True,False,177,-6982.88,0.16,-7023.53,181,-7769.63,0.26,-7872.67,-7769.63,-14752.51,-0.99421231204252,False
strangle,0.2,1.5,0.5,20.0,True,True,177,-3906.69,0.34,-3990.03,181,-4908.04,0.38,-4979.03,-4908.04,-8814.73,-0.9857422027985371,False
strangle,0.2,1.5,0.5,25.0,False,False,248,-11754.3,0.13,-11794.94,219,-11933.69,0.18,-11933.71,-11933.69,-23687.989999999998,-0.9999983240752458,False
strangle,0.2,1.5,0.5,25.0,False,True,248,-6214.17,0.32,-6297.48,230,-7008.96,0.35,-7079.94,-7008.96,-13223.130000000001,-0.9899744913092484,False
strangle,0.2,1.5,0.5,25.0,True,False,191,-7629.72,0.18,-7670.37,204,-9341.56,0.22,-9444.6,-9341.56,-16971.28,-0.9947003860309216,False
strangle,0.2,1.5,0.5,25.0,True,True,191,-4386.89,0.35,-4470.22,204,-5520.48,0.38,-5591.47,-5520.48,-9907.369999999999,-0.9873038753673005,False
strangle,0.2,2.0,0.0,0.0,False,False,252,2511.48,1.29,-1171.2,250,-1522.67,0.9,-9601.82,-1522.67,988.81,-0.15858139394406479,False
strangle,0.2,2.0,0.0,0.0,False,True,252,-245.24,0.97,-1451.54,250,-5675.16,0.68,-6808.82,-5675.16,-5920.4,-0.8335012527868265,False
strangle,0.2,2.0,0.0,0.0,True,False,191,3465.46,1.62,-911.99,207,5906.04,1.86,-1408.76,3465.46,9371.5,3.7998881566683846,True
strangle,0.2,2.0,0.0,0.0,True,True,191,286.11,1.04,-1386.54,207,260.67,1.03,-1868.96,260.67,546.78,0.13947328995805156,False
strangle,0.2,2.0,0.0,20.0,False,False,227,1569.9,1.2,-1069.14,188,6304.95,2.14,-984.12,1569.9,7874.85,1.468376452101689,False
strangle,0.2,2.0,0.0,20.0,False,True,227,-101.67,0.99,-1213.46,188,1073.32,1.14,-1329.16,-101.67,971.65,-0.0837852092363984,False
strangle,0.2,2.0,0.0,20.0,True,False,177,2836.61,1.56,-844.13,181,6265.58,2.19,-984.12,2836.61,9102.19,3.36039472593084,False
strangle,0.2,2.0,0.0,20.0,True,True,177,229.14,1.04,-1271.92,181,1056.55,1.14,-1329.16,229.14,1285.69,0.18015283980124533,False
strangle,0.2,2.0,0.0,25.0,False,False,248,2455.79,1.29,-1040.9,230,5343.68,1.63,-2795.43,2455.79,7799.47,1.9115771097827527,False
strangle,0.2,2.0,0.0,25.0,False,True,248,-167.54,0.98,-1565.93,230,-121.26,0.99,-1782.63,-167.54,-288.8,-0.10699073394085303,False
strangle,0.2,2.0,0.0,25.0,True,False,191,3465.46,1.62,-911.99,204,6537.69,2.05,-1140.55,3465.46,10003.15,3.7998881566683846,True
strangle,0.2,2.0,0.0,25.0,True,True,191,286.11,1.04,-1386.54,204,540.03,1.06,-1688.16,286.11,826.14,0.20634817603531094,False
strangle,0.2,2.0,0.3,0.0,False,False,252,-2825.73,0.73,-3830.72,250,-8569.8,0.54,-9911.28,-8569.8,-11395.529999999999,-0.8646511853161245,False
strangle,0.2,2.0,0.3,0.0,False,True,252,-2220.61,0.73,-2453.61,250,-8532.87,0.49,-8770.61,-8532.87,-10753.480000000001,-0.9728935615652732,False
strangle,0.2,2.0,0.3,0.0,True,False,191,-994.77,0.86,-1687.45,207,-243.02,0.97,-1611.76,-994.77,-1237.79,-0.5895108003200095,False
strangle,0.2,2.0,0.3,0.0,True,True,191,-1528.59,0.75,-1761.6,207,-2248.27,0.74,-2732.07,-2248.27,-3776.8599999999997,-0.8677282016348774,False
strangle,0.2,2.0,0.3,20.0,False,False,227,-2725.26,0.7,-3357.23,188,49.28,1.01,-1397.1,-2725.26,-2675.98,-0.8117585032899146,False
strangle,0.2,2.0,0.3,20.0,False,True,227,-1619.2,0.76,-1852.23,188,-1649.38,0.78,-1987.38,-1649.38,-3268.58,-0.8741894905060387,False
strangle,0.2,2.0,0.3,20.0,True,False,177,-1037.42,0.83,-1253.75,181,228.12,1.03,-1221.93,-1037.42,-809.3000000000001,-0.8274536390827518,False
strangle,0.2,2.0,0.3,20.0,True,True,177,-1303.93,0.75,-1536.96,181,-1566.33,0.78,-1987.38,-1566.33,-2870.26,-0.8483825213408287,False
strangle,0.2,2.0,0.3,25.0,False,False,248,-2694.7,0.73,-3547.14,230,-1245.57,0.88,-2723.71,-2694.7,-3940.2699999999995,-0.759682448395045,False
strangle,0.2,2.0,0.3,25.0,False,True,248,-2069.84,0.74,-2302.85,230,-2523.67,0.74,-2761.42,-2523.67,-4593.51,-0.91390299193893,False
strangle,0.2,2.0,0.3,25.0,True,False,191,-994.77,0.86,-1687.45,204,137.66,1.02,-1509.01,-994.77,-857.11,-0.5895108003200095,False
strangle,0.2,2.0,0.3,25.0,True,True,191,-1528.59,0.75,-1761.6,204,-1934.69,0.77,-2551.27,-1934.69,-3463.2799999999997,-0.8677282016348774,False
strangle,0.2,2.0,0.5,0.0,False,False,252,-6024.31,0.47,-6057.55,230,-11855.56,0.36,-11951.33,-11855.56,-17879.87,-0.9945126329951879,False
strangle,0.2,2.0,0.5,0.0,False,True,252,-3845.88,0.52,-4022.51,250,-9676.7,0.38,-9804.55,-9676.7,-13522.580000000002,-0.9869601358552919,False
strangle,0.2,2.0,0.5,0.0,True,False,191,-3643.74,0.53,-3676.97,207,-3740.65,0.62,-3908.26,-3740.65,-7384.389999999999,-0.990962667631229,False
strangle,0.2,2.0,0.5,0.0,True,True,191,-2672.08,0.54,-2848.73,207,-3364.41,0.58,-3492.27,-3364.41,-6036.49,-0.9633877105722066,False
strangle,0.2,2.0,0.5,20.0,False,False,227,-5673.34,0.43,-5706.59,188,-3608.16,0.6,-3775.79,-5673.34,-9281.5,-0.9941734030305314,False
strangle,0.2,2.0,0.5,20.0,False,True,227,-3084.76,0.53,-3261.41,188,-3206.91,0.56,-3334.75,-3206.91,-6291.67,-0.9616642926756128,False
strangle,0.2,2.0,0.5,20.0,True,False,177,-3451.1,0.51,-3484.33,181,-3301.85,0.61,-3469.47,-3451.1,-6752.95,-0.990463015845227,False
strangle,0.2,2.0,0.5,20.0,True,True,177,-2393.18,0.53,-2569.84,181,-3065.31,0.56,-3193.16,-3065.31,-5458.49,-0.9599612922622105,False
strangle,0.2,2.0,0.5,25.0,False,False,248,-6037.52,0.46,-6070.77,230,-4983.7,0.58,-5151.32,-6037.52,-11021.220000000001,-0.9945229353113362,False
strangle,0.2,2.0,0.5,25.0,False,True,248,-3650.41,0.53,-3827.04,230,-3818.1,0.58,-3945.93,-3818.1,-7468.51,-0.9676045951144597,False
strangle,0.2,2.0,0.5,25.0,True,False,191,-3643.74,0.53,-3676.97,204,-3535.09,0.63,-3702.7,-3643.74,-7178.83,-0.990962667631229,False
strangle,0.2,2.0,0.5,25.0,True,True,191,-2672.08,0.54,-2848.73,204,-3269.97,0.58,-3397.81,-3269.97,-5942.049999999999,-0.9623757655666444,False
strangle,0.2,3.0,0.0,0.0,False,False,252,12760.6,2.6,-871.57,250,13509.19,1.88,-8389.92,12760.6,26269.79,1.6101691076911342,False
strangle,0.2,3.0,0.0,0.0,False,True,252,4773.39,1.68,-1069.94,250,4005.21,1.32,-6248.76,4005.21,8778.6,0.6409607666160966,False
strangle,0.2,3.0,0.0,0.0,True,False,191,9819.52,2.73,-952.87,207,17864.84,3.93,-803.78,9819.52,27684.36,10.305204277603451,True
strangle,0.2,3.0,0.0,0.0,True,True,191,3055.15,1.55,-1184.33,207,7641.9,2.38,-875.74,3055.15,10697.05,2.5796441870086886,True
strangle,0.2,3.0,0.0,20.0,False,False,227,10139.97,2.43,-658.19,188,16178.31,4.3,-822.21,10139.97,26318.28,15.405840258891807,False
strangle,0.2,3.0,0.0,20.0,False,True,227,3904.75,1.65,-756.39,188,6485.36,2.3,-803.45,3904.75,10390.11,5.1623501103927865,False
strangle,0.2,3.0,0.0,20.0,True,False,177,8566.04,2.7,-630.16,181,15701.06,4.36,-822.21,8566.04,24267.1,13.593436587533327,False
strangle,0.2,3.0,0.0,20.0,True,True,177,2908.75,1.61,-756.39,181,6197.74,2.27,-803.45,2908.75,9106.49,3.8455690847314217,False
strangle,0.2,3.0,0.0,25.0,False,False,248,12173.74,2.55,-952.87,230,19553.84,3.77,-968.03,12173.74,31727.58,12.775866592504748,True
strangle,0.2,3.0,0.0,25.0,False,True,248,4319.92,1.61,-1184.33,230,8351.88,2.32,-771.61,4319.92,12671.8,3.6475644457203655,True
strangle,0.2,3.0,0.0,25.0,True,False,191,9819.52,2.73,-952.87,204,17962.22,4.12,-801.27,9819.52,27781.74,10.305204277603451,True
strangle,0.2,3.0,0.0,25.0,True,True,191,3055.15,1.55,-1184.33,204,7298.27,2.32,-875.74,3055.15,10353.42,2.5796441870086886,True
strangle,0.2,3.0,0.3,0.0,False,False,252,5345.27,1.64,-1120.86,250,2894.23,1.17,-9166.0,2894.23,8239.5,0.3157571459742527,False
strangle,0.2,3.0,0.3,0.0,False,True,252,1623.37,1.26,-794.69,250,-1157.49,0.91,-6582.79,-1157.49,465.8799999999999,-0.17583577783887988,False
strangle,0.2,3.0,0.3,0.0,True,False,191,4104.46,1.68,-1042.15,207,9507.99,2.42,-969.51,4104.46,13612.45,3.938454157271026,True
strangle,0.2,3.0,0.3,0.0,True,True,191,553.79,1.11,-1012.15,207,3643.67,1.71,-1265.18,553.79,4197.46,0.5471422220026676,False
strangle,0.2,3.0,0.3,20.0,False,False,227,4005.36,1.54,-989.75,188,8082.61,2.4,-1011.74,4005.36,12087.97,4.0468401111391765,False
strangle,0.2,3.0,0.3,20.0,False,True,227,1395.15,1.27,-637.08,188,2517.25,1.5,-1128.33,1395.15,3912.4,2.189913354680731,False
strangle,0.2,3.0,0.3,20.0,True,False,177,3563.14,1.67,-792.53,181,7895.73,2.43,-1011.74,3563.14,11458.869999999999,4.495905517772198,False
strangle,0.2,3.0,0.3,20.0,True,True,177,739.97,1.18,-632.42,181,2376.92,1.49,-1128.33,739.97,3116.8900000000003,1.1700610353878753,False
strangle,0.2,3.0,0.3,25.0,False,False,248,5021.67,1.61,-1027.99,230,9790.7,2.22,-1077.23,5021.67,14812.37,4.884940514985554,True
strangle,0.2,3.0,0.3,25.0,False,True,248,1319.52,1.21,-812.23,230,3833.29,1.64,-1195.69,1319.52,5152.8099999999995,1.6245644706548636,False
strangle,0.2,3.0,0.3,25.0,True,False,191,4104.46,1.68,-1042.15,204,9433.43,2.46,-975.92,4104.46,13537.89,3.938454157271026,True
strangle,0.2,3.0,0.3,25.0,True,True,191,553.79,1.11,-1012.15,204,3413.29,1.66,-1265.18,553.79,3967.08,0.5471422220026676,False
strangle,0.2,3.0,0.5,0.0,False,False,252,1001.29,1.12,-1431.67,250,-2481.4,0.85,-9817.85,-2481.4,-1480.1100000000001,-0.2527437269870695,False
strangle,0.2,3.0,0.5,0.0,False,True,252,-417.91,0.93,-863.63,250,-3813.93,0.67,-6505.62,-3813.93,-4231.84,-0.586251579403654,False
strangle,0.2,3.0,0.5,0.0,True,False,191,564.27,1.09,-1620.6,207,5184.09,1.84,-1042.58,564.27,5748.360000000001,0.3481858570899667,False
strangle,0.2,3.0,0.5,0.0,True,True,191,-1055.83,0.78,-1525.34,207,1375.85,1.29,-1310.13,-1055.83,320.02,-0.6921932159387415,False
strangle,0.2,3.0,0.5,20.0,False,False,227,193.14,1.03,-1676.45,188,3676.97,1.62,-1238.1,193.14,3870.1099999999997,0.11520773062125324,False
strangle,0.2,3.0,0.5,20.0,False,True,227,-263.21,0.94,-777.7,188,653.93,1.14,-1214.13,-263.21,390.71999999999997,-0.3384467018130384,False
strangle,0.2,3.0,0.5,20.0,True,False,177,445.71,1.08,-1431.24,181,3659.67,1.65,-1147.27,445.71,4105.38,0.31141527626393894,False
strangle,0.2,3.0,0.5,20.0,True,True,177,-671.94,0.83,-1378.52,181,599.8,1.13,-1214.13,-671.94,-72.1400000000001,-0.48743580071380904,False
strangle,0.2,3.0,0.5,25.0,False,False,248,580.48,1.07,-1637.4,230,5159.11,1.7,-1512.34,580.48,5739.59,0.3545132527177232,False
strangle,0.2,3.0,0.5,25.0,False,True,248,-630.04,0.89,-960.28,230,1572.24,1.3,-1261.72,-630.04,942.2,-0.6561003040779773,False
strangle,0.2,3.0,0.5,25.0,True,False,191,564.27,1.09,-1620.6,204,5223.05,1.89,-995.94,564.27,5787.32,0.3481858570899667,False
strangle,0.2,3.0,0.5,25.0,True,True,191,-1055.83,0.78,-1525.34,204,1214.98,1.26,-1310.13,-1055.83,159.1500000000001,-0.6921932159387415,False
put,0.1,1.5,0.0,0.0,False,False,252,-5536.67,0.23,-5536.69,250,-5715.15,0.32,-5752.59,-5715.15,-11251.82,-0.9999963877334654,False
put,0.1,1.5,0.0,0.0,False,True,201,-3789.8,0.25,-3789.82,182,-2837.52,0.42,-2874.97,-3789.8,-6627.32,-0.9999947227045084,False
put,0.1,1.5,0.0,0.0,True,False,191,-3353.57,0.29,-3353.55,207,-3954.13,0.36,-3991.57,-3954.13,-7307.700000000001,-1.0000059638293748,False
put,0.1,1.5,0.0,0.0,True,True,170,-2771.53,0.31,-2771.51,169,-2553.03,0.43,-2590.48,-2771.53,-5324.56,-1.0000072162828206,False
put,0.1,1.5,0.0,20.0,False,False,227,-5470.56,0.18,-5470.56,188,-3659.78,0.35,-3697.19,-5470.56,-9130.34,-1.0,False
put,0.1,1.5,0.0,20.0,False,True,190,-3749.71,0.22,-3749.73,158,-2431.05,0.42,-2468.48,-3749.71,-6180.76,-0.999994666282639,False
put,0.1,1.5,0.0,20.0,True,False,177,-3370.98,0.24,-3370.95,181,-3373.33,0.37,-3410.75,-3373.33,-6744.3099999999995,-1.000008899568371,False
put,0.1,1.5,0.0,20.0,True,True,160,-2801.7,0.27,-2801.68,153,-2313.79,0.42,-2351.23,-2801.7,-5115.49,-1.0000071385739984,False
put,0.1,1.5,0.0,25.0,False,False,248,-5475.54,0.22,-5475.56,230,-4989.13,0.33,-5026.55,-5475.54,-10464.67,-0.9999963474055621,False
put,0.1,1.5,0.0,25.0,False,True,201,-3789.8,0.25,-3789.82,178,-2819.01,0.41,-2856.46,-3789.8,-6608.81,-0.9999947227045084,False
put,0.1,1.5,0.0,25.0,True,False,191,-3353.57,0.29,-3353.55,204,-3771.64,0.38,-3809.07,-3771.64,-7125.21,-1.0000059638293748,False
put,0.1,1.5,0.0,25.0,True,True,170,-2771.53,0.31,-2771.51,169,-2553.03,0.43,-2590.48,-2771.53,-5324.56,-1.0000072162828206,False
put,0.1,1.5,0.3,0.0,False,False,252,-5892.5,0.13,-5892.48,250,-6608.79,0.2,-6614.21,-6608.79,-12501.29,-1.00000339415662,False
put,0.1,1.5,0.3,0.0,False,True,201,-4000.84,0.15,-4021.13,182,-3525.74,0.26,-3531.13,-4000.84,-7526.58,-0.9984735764471996,False
put,0.1,1.5,0.3,0.0,True,False,191,-3628.24,0.17,-3628.21,207,-4823.25,0.22,-4828.65,-4823.25,-8451.49,-1.0000082685401341,False
put,0.1,1.5,0.3,0.0,True,True,170,-2996.04,0.19,-3016.3,169,-3269.07,0.26,-3274.46,-3269.07,-6265.110000000001,-0.9983539270597289,False
put,0.1,1.5,0.3,20.0,False,False,227,-5647.16,0.1,-5647.14,188,-4419.17,0.21,-4424.55,-5647.16,-10066.33,-1.0000035416157558,False
put,0.1,1.5,0.3,20.0,False,True,190,-3884.51,0.13,-3904.8,158,-3079.95,0.25,-3085.33,-3884.51,-6964.46,-0.9982562643218067,False
put,0.1,1.5,0.3,20.0,True,False,177,-3540.68,0.14,-3540.64,181,-4120.66,0.22,-4126.05,-4120.66,-7661.34,-1.000011297392562,False
put,0.1,1.5,0.3,20.0,True,True,160,-2949.97,0.16,-2970.23,153,-2950.63,0.25,-2956.02,-2950.63,-5900.6,-0.9981766023233943,False
put,0.1,1.5,0.3,25.0,False,False,248,-5812.69,0.13,-5812.68,230,-5859.42,0.2,-5864.81,-5859.42,-11672.11,-1.0000017203768312,False
put,0.1,1.5,0.3,25.0,False,True,201,-4000.84,0.15,-4021.13,178,-3560.2,0.25,-3565.58,-4000.84,-7561.04,-0.9984911290729699,False
put,0.1,1.5,0.3,25.0,True,False,191,-3628.24,0.17,-3628.21,204,-4640.76,0.22,-4646.15,-4640.76,-8269.0,-1.0000082685401341,False
put,0.1,1.5,0.3,25.0,True,True,170,-2996.04,0.19,-3016.3,169,-3269.07,0.26,-3274.46,-3269.07,-6265.110000000001,-0.9983539270597289,False
put,0.1,1.5,0.5,0.0,False,False,252,-6189.0,0.09,-6188.98,250,-7043.03,0.14,-7043.11,-7043.03,-13232.029999999999,-1.0000032315502716,False
put,0.1,1.5,0.5,0.0,False,True,201,-4283.99,0.09,-4299.87,182,-3807.98,0.18,-3808.03,-4283.99,-8091.969999999999,-0.9999868698513404,False
put,0.1,1.5,0.5,0.0,True,False,191,-3923.35,0.1,-3923.32,207,-5145.34,0.15,-5145.4,-5145.34,-9068.69,-1.0000076465850352,False
put,0.1,1.5,0.5,0.0,True,True,170,-3267.71,0.11,-3283.57,169,-3513.09,0.18,-3513.14,-3513.09,-6780.8,-0.9999857677177683,False
put,0.1,1.5,0.5,20.0,False,False,227,-5909.35,0.06,-5909.32,188,-4848.64,0.13,-4848.69,-5909.35,-10757.990000000002,-1.0000050767262563,False
put,0.1,1.5,0.5,20.0,False,True,190,-4128.83,0.08,-4144.71,158,-3453.75,0.16,-3453.79,-4128.83,-7582.58,-0.9999884185199448,False
put,0.1,1.5,0.5,20.0,True,False,177,-3781.81,0.09,-3781.76,181,-4544.09,0.14,-4544.15,-4544.09,-8325.9,-1.0000132213572517,False
put,0.1,1.5,0.5,20.0,True,True,160,-3182.81,0.1,-3198.67,153,-3318.39,0.16,-3318.45,-3318.39,-6501.2,-0.9999819192695385,False
put,0.1,1.5,0.5,25.0,False,False,248,-6157.9,0.08,-6157.89,230,-6225.32,0.14,-6225.36,-6225.32,-12383.22,-1.000001623932873,False
put,0.1,1.5,0.5,25.0,False,True,201,-4283.99,0.09,-4299.87,178,-3816.98,0.17,-3817.02,-4283.99,-8100.969999999999,-0.9999895206207985,False
put,0.1,1.5,0.5,25.0,True,False,191,-3923.35,0.1,-3923.32,204,-4962.85,0.15,-4962.9,-4962.85,-8886.2,-1.0000076465850352,False
put,0.1,1.5,0.5,25.0,True,True,170,-3267.71,0.11,-3283.57,169,-3513.09,0.18,-3513.14,-3513.09,-6780.8,-0.9999857677177683,False
put,0.1,2.0,0.0,0.0,False,False,252,-3401.06,0.47,-3412.13,250,-3068.44,0.59,-3166.25,-3401.06,-6469.5,-0.996755692192267,False
put,0.1,2.0,0.0,0.0,False,True,201,-2019.8,0.54,-2019.75,182,-905.19,0.78,-981.41,-2019.8,-2924.99,-1.0000247555390518,False
put,0.1,2.0,0.0,0.0,True,False,191,-1757.08,0.57,-1768.14,207,-1905.42,0.65,-2003.25,-1905.42,-3662.5,-0.9937448392095648,False
put,0.1,2.0,0.0,0.0,True,True,170,-1360.98,0.61,-1360.91,169,-931.39,0.76,-1007.61,-1360.98,-2292.37,-1.0000514361713853,False
put,0.1,2.0,0.0,20.0,False,False,227,-3651.27,0.39,-3662.33,188,-1574.48,0.67,-1672.27,-3651.27,-5225.75,-0.9969800646036813,False
put,0.1,2.0,0.0,20.0,False,True,190,-2080.56,0.5,-2080.51,158,-675.85,0.8,-820.02,-2080.56,-2756.41,-1.0000240325689373,False
put,0.1,2.0,0.0,20.0,True,False,177,-1927.85,0.51,-1938.91,181,-1382.63,0.69,-1480.43,-1927.85,-3310.48,-0.9942957641148892,False
put,0.1,2.0,0.0,20.0,True,True,160,-1492.0,0.56,-1491.94,153,-653.19,0.8,-820.02,-1492.0,-2145.19,-1.000040216094481,False
put,0.1,2.0,0.0,25.0,False,False,248,-3443.18,0.45,-3454.25,230,-2591.5,0.6,-2689.29,-3443.18,-6034.68,-0.9967952522255192,False
put,0.1,2.0,0.0,25.0,False,True,201,-2019.8,0.54,-2019.75,178,-965.32,0.76,-1041.54,-2019.8,-2985.12,-1.0000247555390518,False
put,0.1,2.0,0.0,25.0,True,False,191,-1757.08,0.57,-1768.14,204,-1746.35,0.67,-1844.16,-1757.08,-3503.43,-0.9937448392095648,False
put,0.1,2.0,0.0,25.0,True,True,170,-1360.98,0.61,-1360.91,169,-931.39,0.76,-1007.61,-1360.98,-2292.37,-1.0000514361713853,False
put,0.1,2.0,0.3,0.0,False,False,252,-4397.92,0.27,-4397.92,250,-4437.36,0.38,-4464.64,-4437.36,-8835.279999999999,-1.0,False
put,0.1,2.0,0.3,0.0,False,True,201,-2754.34,0.32,-2797.47,182,-2018.24,0.49,-2045.51,-2754.34,-4772.58,-0.9866683614355344,False
put,0.1,2.0,0.3,0.0,True,False,191,-2530.96,0.33,-2530.96,207,-3121.17,0.41,-3148.46,-3121.17,-5652.13,-1.0,False
put,0.1,2.0,0.3,0.0,True,True,170,-2036.3,0.36,-2079.41,169,-2007.47,0.46,-2034.75,-2036.3,-4043.77,-0.9865929475365525,False
put,0.1,2.0,0.3,20.0,False,False,227,-4390.38,0.22,-4390.38,188,-2886.86,0.39,-2914.12,-4390.38,-7277.24,-1.0,False
put,0.1,2.0,0.3,20.0,False,True,190,-2714.62,0.29,-2757.75,158,-1804.11,0.47,-1831.38,-2714.62,-4518.73,-0.9851095894898928,False
put,0.1,2.0,0.3,20.0,True,False,177,-2560.19,0.29,-2560.18,181,-2661.39,0.41,-2688.67,-2661.39,-5221.58,-1.0000039059753612,False
put,0.1,2.0,0.3,20.0,True,True,160,-2066.84,0.32,-2109.95,153,-1747.83,0.47,-1775.12,-2066.84,-3814.67,-0.9846263914552256,False
put,0.1,2.0,0.3,25.0,False,False,248,-4391.88,0.26,-4391.88,230,-3985.85,0.37,-4013.12,-4391.88,-8377.73,-1.0,False
put,0.1,2.0,0.3,25.0,False,True,201,-2754.34,0.32,-2797.47,178,-2116.89,0.46,-2144.16,-2754.34,-4871.23,-0.9872817327065144,False
put,0.1,2.0,0.3,25.0,True,False,191,-2530.96,0.33,-2530.96,204,-3063.09,0.4,-3090.38,-3063.09,-5594.05,-1.0,False
put,0.1,2.0,0.3,25.0,True,True,170,-2036.3,0.36,-2079.41,169,-2007.47,0.46,-2034.75,-2036.3,-4043.77,-0.9865929475365525,False
put,0.1,2.0,0.5,0.0,False,False,252,-4791.47,0.17,-4791.37,250,-5185.42,0.25,-5189.99,-5185.42,-9976.89,-1.0000208708573957,False
put,0.1,2.0,0.5,0.0,False,True,201,-3120.15,0.2,-3150.69,182,-2510.84,0.34,-2515.39,-3120.15,-5630.99,-0.9981911353706583,False
put,0.1,2.0,0.5,0.0,True,False,191,-2922.43,0.21,-2922.35,207,-3682.75,0.27,-3687.3,-3682.75,-6605.18,-1.0000273752288398,False
put,0.1,2.0,0.5,0.0,True,True,170,-2382.06,0.22,-2412.6,169,-2428.68,0.32,-2433.22,-2428.68,-4810.74,-0.9981341596731903,False
put,0.1,2.0,0.5,20.0,False,False,227,-4751.24,0.14,-4751.14,188,-3564.77,0.25,-3569.32,-4751.24,-8316.01,-1.0000210475801596,False
put,0.1,2.0,0.5,20.0,False,True,190,-3029.43,0.18,-3059.97,158,-2389.28,0.3,-2393.82,-3029.43,-5418.71,-0.998103449716353,False
put,0.1,2.0,0.5,20.0,True,False,177,-2879.29,0.18,-2879.22,181,-3322.9,0.26,-3327.46,-3322.9,-6202.1900000000005,-1.0000243121400936,False
put,0.1,2.0,0.5,20.0,True,True,160,-2361.6,0.2,-2392.15,153,-2316.6,0.3,-2321.15,-2361.6,-4678.2,-0.9980397647717726,False
put,0.1,2.0,0.5,25.0,False,False,248,-4860.46,0.16,-4860.36,230,-4618.84,0.25,-4623.37,-4860.46,-9479.3,-1.0000205746076423,False
put,0.1,2.0,0.5,25.0,False,True,201,-3120.15,0.2,-3150.69,178,-2576.4,0.32,-2580.94,-3120.15,-5696.55,-0.9982409509713516,False
put,0.1,2.0,0.5,25.0,True,False,191,-2922.43,0.21,-2922.35,204,-3606.75,0.27,-3611.29,-3606.75,-6529.18,-1.0000273752288398,False
put,0.1,2.0,0.5,25.0,True,True,170,-2382.06,0.22,-2412.6,169,-2428.68,0.32,-2433.22,-2428.68,-4810.74,-0.9981341596731903,False
put,0.1,3.0,0.0,0.0,False,False,252,-569.73,0.88,-928.75,250,-662.25,0.9,-2072.78,-662.25,-1231.98,-0.6134374158815613,False
put,0.1,3.0,0.0,0.0,False,True,201,165.66,1.05,-362.42,182,1498.99,1.54,-608.73,165.66,1664.65,0.4570939793609624,False
put,0.1,3.0,0.0,0.0,True,False,191,-0.07,1.0,-483.15,207,382.94,1.09,-1154.41,-0.07,382.87,-0.00014488254165373075,False
put,0.1,3.0,0.0,0.0,True,True,170,110.01,1.04,-362.42,169,1309.95,1.5,-608.73,110.01,1419.96,0.3035428508360466,False
put,0.1,3.0,0.0,20.0,False,False,227,-1201.66,0.73,-1376.31,188,580.6,1.16,-716.05,-1201.66,-621.0600000000001,-0.8731027166844679,False
put,0.1,3.0,0.0,20.0,False,True,190,-75.14,0.97,-362.42,158,1197.76,1.5,-465.01,-75.14,1122.62,-0.207328513878925,False
put,0.1,3.0,0.0,20.0,True,False,177,-338.66,0.89,-686.64,181,644.54,1.19,-647.19,-338.66,305.87999999999994,-0.4932133286729582,False
put,0.1,3.0,0.0,20.0,True,True,160,-95.13,0.96,-362.42,153,1157.74,1.5,-465.01,-95.13,1062.6100000000001,-0.2624855140444788,False
put,0.1,3.0,0.0,25.0,False,False,248,-736.92,0.84,-1055.84,230,-219.78,0.96,-1370.74,-736.92,-956.6999999999999,-0.697946658584634,False
put,0.1,3.0,0.0,25.0,False,True,201,165.66,1.05,-362.42,178,1338.7,1.48,-608.73,165.66,1504.3600000000001,0.4570939793609624,False
put,0.1,3.0,0.0,25.0,True,False,191,-0.07,1.0,-483.15,204,408.12,1.1,-1147.7,-0.07,408.05,-0.00014488254165373075,False
put,0.1,3.0,0.0,25.0,True,True,170,110.01,1.04,-362.42,169,1309.95,1.5,-608.73,110.01,1419.96,0.3035428508360466,False
put,0.1,3.0,0.3,0.0,False,False,252,-2148.56,0.51,-2273.12,250,-2969.7,0.54,-3118.09,-2969.7,-5118.26,-0.9524099689232831,False
put,0.1,3.0,0.3,0.0,False,True,201,-1032.29,0.62,-1214.3,182,-188.68,0.93,-920.88,-1032.29,-1220.97,-0.8501111751626451,False
put,0.1,3.0,0.3,0.0,True,False,191,-1121.67,0.59,-1232.91,207,-1488.22,0.65,-1636.59,-1488.22,-2609.8900000000003,-0.9097744360902256,False
put,0.1,3.0,0.3,0.0,True,True,170,-858.21,0.63,-1040.22,169,-229.15,0.91,-920.88,-858.21,-1087.3600000000001,-0.8250273980504125,False
put,0.1,3.0,0.3,20.0,False,False,227,-2467.97,0.41,-2579.23,188,-1192.21,0.67,-1340.55,-2467.97,-3660.18,-0.9568630947996106,False
put,0.1,3.0,0.3,20.0,False,True,190,-1145.94,0.57,-1327.95,158,-335.98,0.86,-763.61,-1145.94,-1481.92,-0.8629391166836101,False
put,0.1,3.0,0.3,20.0,True,False,177,-1293.6,0.52,-1404.84,181,-1071.6,0.68,-1219.96,-1293.6,-2365.2,-0.9208166054497309,False
put,0.1,3.0,0.3,20.0,True,True,160,-950.29,0.58,-1132.3,153,-330.94,0.86,-763.61,-950.29,-1281.23,-0.8392563808178045,False
put,0.1,3.0,0.3,25.0,False,False,248,-2252.03,0.48,-2363.28,230,-2280.18,0.57,-2428.54,-2280.18,-4532.21,-0.9529255949358518,False
put,0.1,3.0,0.3,25.0,False,True,201,-1032.29,0.62,-1214.3,178,-287.33,0.89,-920.88,-1032.29,-1319.62,-0.8501111751626451,False
put,0.1,3.0,0.3,25.0,True,False,191,-1121.67,0.59,-1232.91,204,-1430.14,0.65,-1578.51,-1430.14,-2551.8100000000004,-0.9097744360902256,False
put,0.1,3.0,0.3,25.0,True,True,170,-858.21,0.63,-1040.22,169,-229.15,0.91,-920.88,-858.21,-1087.3600000000001,-0.8250273980504125,False
put,0.1,3.0,0.5,0.0,False,False,252,-2914.72,0.32,-2999.52,250,-3493.33,0.39,-3604.36,-3493.33,-6408.049999999999,-0.9717288099429241,False
put,0.1,3.0,0.5,0.0,False,True,201,-1612.51,0.39,-1712.31,182,-886.51,0.65,-1117.18,-1612.51,-2499.02,-0.9417161612091268,False
put,0.1,3.0,0.5,0.0,True,False,191,-1671.0,0.37,-1755.83,207,-1779.0,0.5,-1889.99,-1779.0,-3450.0,-0.9516866667046354,False
put,0.1,3.0,0.5,0.0,True,True,170,-1335.28,0.4,-1435.09,169,-849.96,0.64,-1117.18,-1335.28,-2185.24,-0.9304503550299982,False
put,0.1,3.0,0.5,20.0,False,False,227,-3071.8,0.25,-3156.61,188,-2065.98,0.42,-2176.97,-3071.8,-5137.780000000001,-0.9731325694336647,False
put,0.1,3.0,0.5,20.0,False,True,190,-1661.39,0.35,-1761.19,158,-1090.39,0.55,-1208.18,-1661.39,-2751.78,-0.9433337686450639,False
put,0.1,3.0,0.5,20.0,True,False,177,-1757.82,0.32,-1842.65,181,-1917.6,0.43,-2028.61,-1917.6,-3675.42,-0.9539630423574742,False
put,0.1,3.0,0.5,20.0,True,True,160,-1369.98,0.36,-1469.79,153,-1063.32,0.54,-1174.32,-1369.98,-2433.3,-0.9320923397220011,False
put,0.1,3.0,0.5,25.0,False,False,248,-2983.71,0.3,-3068.51,230,-2667.12,0.43,-2778.11,-2983.71,-5650.83,-0.9723644374631335,False
put,0.1,3.0,0.5,25.0,False,True,201,-1612.51,0.39,-1712.31,178,-952.07,0.62,-1117.18,-1612.51,-2564.58,-0.9417161612091268,False
put,0.1,3.0,0.5,25.0,True,False,191,-1671.0,0.37,-1755.83,204,-1703.0,0.51,-1813.98,-1703.0,-3374.0,-0.9516866667046354,False
put,0.1,3.0,0.5,25.0,True,True,170,-1335.28,0.4,-1435.09,169,-849.96,0.64,-1117.18,-1335.28,-2185.24,-0.9304503550299982,False
put,0.16,1.5,0.0,0.0,False,False,252,-5327.48,0.45,-5394.57,250,-5503.01,0.53,-5689.52,-5503.01,-10830.49,-0.9875634202540703,False
put,0.16,1.5,0.0,0.0,False,True,201,-3318.02,0.51,-3318.02,182,-1870.83,0.72,-2045.55,-3318.02,-5188.85,-1.0,False
put,0.16,1.5,0.0,0.0,True,False,191,-2602.86,0.58,-2669.97,207,-3356.76,0.61,-3543.29,-3356.76,-5959.620000000001,-0.9748648861223161,False
put,0.16,1.5,0.0,0.0,True,True,170,-2071.78,0.61,-2071.77,169,-1614.6,0.73,-1789.32,-2071.78,-3686.38,-1.0000048267906188,False
put,0.16,1.5,0.0,20.0,False,False,227,-5653.8,0.37,-5720.91,188,-3193.85,0.59,-3380.37,-5653.8,-8847.65,-0.988269348757453,False
put,0.16,1.5,0.0,20.0,False,True,190,-3516.0,0.46,-3516.01,158,-1708.67,0.7,-1883.39,-3516.0,-5224.67,-0.9999971558670196,False
put,0.16,1.5,0.0,20.0,True,False,177,-2987.84,0.49,-3054.95,181,-2790.83,0.62,-2977.35,-2987.84,-5778.67,-0.9780323736886039,False
put,0.16,1.5,0.0,20.0,True,True,160,-2368.16,0.53,-2368.16,153,-1548.8,0.72,-1723.52,-2368.16,-3916.96,-1.0,False
put,0.16,1.5,0.0,25.0,False,False,248,-5256.62,0.45,-5323.72,230,-4462.47,0.56,-4649.0,-5256.62,-9719.09,-0.987396031346502,False
put,0.16,1.5,0.0,25.0,False,True,201,-3318.02,0.51,-3318.02,178,-1840.15,0.72,-2014.87,-3318.02,-5158.17,-1.0,False
put,0.16,1.5,0.0,25.0,True,False,191,-2602.86,0.58,-2669.97,204,-3052.5,0.63,-3239.03,-3052.5,-5655.360000000001,-0.9748648861223161,False
put,0.16,1.5,0.0,25.0,True,True,170,-2071.78,0.61,-2071.77,169,-1614.6,0.73,-1789.32,-2071.78,-3686.38,-1.0000048267906188,False
put,0.16,1.5,0.3,0.0,False,False,252,-6328.93,0.3,-6338.44,250,-7075.43,0.38,-7166.46,-7075.43,-13404.36,-0.9984996308239883,False
put,0.16,1.5,0.3,0.0,False,True,201,-4002.92,0.35,-4106.02,182,-3156.45,0.5,-3247.5,-4002.92,-7159.37,-0.9748905265926614,False
put,0.16,1.5,0.3,0.0,True,False,191,-3399.32,0.4,-3408.85,207,-4738.4,0.43,-4829.46,-4738.4,-8137.719999999999,-0.9972043357730613,False
put,0.16,1.5,0.3,0.0,True,True,170,-2722.01,0.42,-2825.11,169,-2934.66,0.5,-3025.72,-2934.66,-5656.67,-0.9699046838438454,False
put,0.16,1.5,0.3,20.0,False,False,227,-6303.55,0.25,-6313.07,188,-4478.83,0.41,-4569.89,-6303.55,-10782.380000000001,-0.9984920173544726,False
put,0.16,1.5,0.3,20.0,False,True,190,-4035.41,0.32,-4138.52,158,-2867.38,0.48,-2958.44,-4035.41,-6902.79,-0.9750852961928418,False
put,0.16,1.5,0.3,20.0,True,False,177,-3554.59,0.34,-3564.13,181,-4055.92,0.43,-4146.98,-4055.92,-7610.51,-0.9973233299571004,False
put,0.16,1.5,0.3,20.0,True,True,160,-2852.9,0.37,-2956.01,153,-2687.62,0.49,-2778.68,-2852.9,-5540.52,-0.9672290440065067,False
put,0.16,1.5,0.3,25.0,False,False,248,-6223.91,0.3,-6233.42,230,-6146.93,0.38,-6237.98,-6223.91,-12370.84,-0.9984743527630097,False
put,0.16,1.5,0.3,25.0,False,True,201,-4002.92,0.35,-4106.02,178,-3230.42,0.49,-3321.48,-4002.92,-7233.34,-0.9748905265926614,False
put,0.16,1.5,0.3,25.0,True,False,191,-3399.32,0.4,-3408.85,204,-4568.56,0.43,-4659.62,-4568.56,-7967.880000000001,-0.9972043357730613,False
put,0.16,1.5,0.3,25.0,True,True,170,-2722.01,0.42,-2825.11,169,-2934.66,0.5,-3025.72,-2934.66,-5656.67,-0.9699046838438454,False
put,0.16,1.5,0.5,0.0,False,False,252,-7082.62,0.21,-7082.56,250,-8084.21,0.27,-8124.38,-8084.21,-15166.83,-1.0000084715131252,False
put,0.16,1.5,0.5,0.0,False,True,201,-4678.26,0.24,-4753.65,182,-3929.11,0.36,-3969.27,-4678.26,-8607.37,-0.9898822705434501,False
put,0.16,1.5,0.5,0.0,True,False,191,-4159.19,0.26,-4159.17,207,-5617.26,0.3,-5657.45,-5617.26,-9776.45,-1.0000048086517261,False
put,0.16,1.5,0.5,0.0,True,True,170,-3402.38,0.28,-3477.78,169,-3623.29,0.36,-3663.45,-3623.29,-7025.67,-0.9890376557616455,False
put,0.16,1.5,0.5,20.0,False,False,227,-6953.45,0.17,-6953.42,188,-5467.61,0.28,-5507.8,-6953.45,-12421.06,-1.0000043144236936,False
put,0.16,1.5,0.5,20.0,False,True,190,-4616.42,0.22,-4691.81,158,-3723.3,0.33,-3763.47,-4616.42,-8339.720000000001,-0.9893263397874834,False
put,0.16,1.5,0.5,20.0,True,False,177,-4183.32,0.22,-4183.31,181,-5033.44,0.29,-5073.63,-5033.44,-9216.759999999998,-1.00000239045158,False
put,0.16,1.5,0.5,20.0,True,True,160,-3438.94,0.25,-3514.35,153,-3532.28,0.33,-3572.45,-3532.28,-6971.22,-0.9887556158938544,False
put,0.16,1.5,0.5,25.0,False,False,248,-7055.52,0.2,-7055.47,230,-7018.91,0.28,-7059.09,-7055.52,-14074.43,-1.0000070867001065,False
put,0.16,1.5,0.5,25.0,False,True,201,-4678.26,0.24,-4753.65,178,-3959.85,0.35,-4000.02,-4678.26,-8638.11,-0.989957550212249,False
put,0.16,1.5,0.5,25.0,True,False,191,-4159.19,0.26,-4159.17,204,-5430.54,0.31,-5470.72,-5430.54,-9589.73,-1.0000048086517261,False
put,0.16,1.5,0.5,25.0,True,True,170,-3402.38,0.28,-3477.78,169,-3623.29,0.36,-3663.45,-3623.29,-7025.67,-0.9890376557616455,False
put,0.16,2.0,0.0,0.0,False,False,252,-2848.01,0.68,-2970.53,250,-1973.02,0.82,-3002.54,-2848.01,-4821.030000000001,-0.9587548349957752,False
put,0.16,2.0,0.0,0.0,False,True,201,-1255.91,0.79,-1291.53,182,667.72,1.11,-1206.8,-1255.91,-588.19,-0.9724203076970726,False
put,0.16,2.0,0.0,0.0,True,False,191,-1134.32,0.8,-1394.67,207,-667.24,0.92,-1393.61,-1134.32,-1801.56,-0.8133250159535946,False
put,0.16,2.0,0.0,0.0,True,True,170,-690.44,0.86,-961.32,169,498.18,1.09,-1206.8,-690.44,-192.26000000000005,-0.7182207797611617,False
put,0.16,2.0,0.0,20.0,False,False,227,-3477.51,0.58,-3600.05,188,-390.9,0.94,-1098.81,-3477.51,-3868.4100000000003,-0.9659615838668908,False
put,0.16,2.0,0.0,20.0,False,True,190,-1453.89,0.75,-1489.52,158,533.73,1.11,-1006.04,-1453.89,-920.1600000000001,-0.9760795424029218,False
put,0.16,2.0,0.0,20.0,True,False,177,-1519.3,0.73,-1779.66,181,-264.65,0.96,-1033.48,-1519.3,-1783.9499999999998,-0.8537023925918433,False
put,0.16,2.0,0.0,20.0,True,True,160,-986.82,0.79,-1257.71,153,526.68,1.11,-1006.04,-986.82,-460.1400000000001,-0.7846164855173291,False
put,0.16,2.0,0.0,25.0,False,False,248,-2962.48,0.66,-3085.0,230,-1229.89,0.87,-2098.15,-2962.48,-4192.37,-0.9602852512155592,False
put,0.16,2.0,0.0,25.0,False,True,201,-1255.91,0.79,-1291.53,178,557.5,1.1,-1206.8,-1255.91,-698.4100000000001,-0.9724203076970726,False
put,0.16,2.0,0.0,25.0,True,False,191,-1134.32,0.8,-1394.67,204,-373.77,0.95,-1474.52,-1134.32,-1508.09,-0.8133250159535946,False
put,0.16,2.0,0.0,25.0,True,True,170,-690.44,0.86,-961.32,169,498.18,1.09,-1206.8,-690.44,-192.26000000000005,-0.7182207797611617,False
put,0.16,2.0,0.3,0.0,False,False,252,-4622.77,0.45,-4675.91,250,-4307.91,0.58,-4413.69,-4622.77,-8930.68,-0.9886353672333301,False
put,0.16,2.0,0.3,0.0,False,True,201,-2572.03,0.54,-2691.4,182,-1142.66,0.79,-1789.53,-2572.03,-3714.6900000000005,-0.9556476183398975,False
put,0.16,2.0,0.3,0.0,True,False,191,-2457.62,0.54,-2510.76,207,-2593.97,0.65,-2699.78,-2593.97,-5051.59,-0.978835093756472,False
put,0.16,2.0,0.3,0.0,True,True,170,-1836.5,0.59,-1955.86,169,-1259.77,0.76,-1789.53,-1836.5,-3096.27,-0.9389731371366049,False
put,0.16,2.0,0.3,20.0,False,False,227,-4823.89,0.39,-4877.04,188,-2503.14,0.62,-2608.94,-4823.89,-7327.030000000001,-0.9891019962928335,False
put,0.16,2.0,0.3,20.0,False,True,190,-2604.52,0.51,-2723.89,158,-1248.47,0.74,-1563.57,-2604.52,-3852.99,-0.9561766444313097,False
put,0.16,2.0,0.3,20.0,True,False,177,-2612.89,0.49,-2666.04,181,-2300.0,0.64,-2405.8,-2612.89,-4912.889999999999,-0.980064065055288,False
put,0.16,2.0,0.3,20.0,True,True,160,-1967.39,0.54,-2086.76,153,-1198.34,0.74,-1563.57,-1967.39,-3165.73,-0.942796488335985,False
put,0.16,2.0,0.3,25.0,False,False,248,-4650.97,0.44,-4704.11,230,-3684.16,0.59,-3789.96,-4650.97,-8335.130000000001,-0.9887034954539755,False
put,0.16,2.0,0.3,25.0,False,True,201,-2572.03,0.54,-2691.4,178,-1331.2,0.76,-1789.53,-2572.03,-3903.2300000000005,-0.9556476183398975,False
put,0.16,2.0,0.3,25.0,True,False,191,-2457.62,0.54,-2510.76,204,-2533.8,0.65,-2639.61,-2533.8,-4991.42,-0.978835093756472,False
put,0.16,2.0,0.3,25.0,True,True,170,-1836.5,0.59,-1955.86,169,-1259.77,0.76,-1789.53,-1836.5,-3096.27,-0.9389731371366049,False
put,0.16,2.0,0.5,0.0,False,False,252,-5499.49,0.32,-5518.41,250,-5748.36,0.42,-5788.52,-5748.36,-11247.849999999999,-0.9965714762041965,False
put,0.16,2.0,0.5,0.0,False,True,201,-3359.48,0.38,-3445.28,182,-2221.26,0.58,-2261.42,-3359.48,-5580.74,-0.9822412466503349,False
put,0.16,2.0,0.5,0.0,True,False,191,-3271.97,0.37,-3290.95,207,-3799.99,0.46,-3840.15,-3799.99,-7071.959999999999,-0.9942326683784317,False
put,0.16,2.0,0.5,0.0,True,True,170,-2554.69,0.4,-2640.52,169,-2204.43,0.55,-2244.58,-2554.69,-4759.12,-0.982112466474797,False
put,0.16,2.0,0.5,20.0,False,False,227,-5621.5,0.27,-5640.46,188,-3850.61,0.42,-3890.78,-5621.5,-9472.11,-0.9966385720313592,False
put,0.16,2.0,0.5,20.0,False,True,190,-3297.64,0.36,-3383.44,158,-2409.95,0.5,-2450.11,-3297.64,-5707.59,-0.983608899192281,False
put,0.16,2.0,0.5,20.0,True,False,177,-3296.1,0.33,-3315.09,181,-3604.21,0.43,-3644.37,-3604.21,-6900.3099999999995,-0.9942716487335185,False
put,0.16,2.0,0.5,20.0,True,True,160,-2591.25,0.37,-2677.08,153,-2327.69,0.5,-2367.84,-2591.25,-4918.9400000000005,-0.9830436178120143,False
put,0.16,2.0,0.5,25.0,False,False,248,-5644.67,0.3,-5663.6,230,-4916.35,0.42,-4956.51,-5644.67,-10561.02,-0.9966576029380605,False
put,0.16,2.0,0.5,25.0,False,True,201,-3359.48,0.38,-3445.28,178,-2351.02,0.55,-2391.18,-3359.48,-5710.5,-0.9832049448389498,False
put,0.16,2.0,0.5,25.0,True,False,191,-3271.97,0.37,-3290.95,204,-3706.5,0.46,-3746.65,-3706.5,-6978.469999999999,-0.9942326683784317,False
put,0.16,2.0,0.5,25.0,True,True,170,-2554.69,0.4,-2640.52,169,-2204.43,0.55,-2244.58,-2554.69,-4759.12,-0.982112466474797,False
put,0.16,3.0,0.0,0.0,False,False,252,1712.92,1.26,-793.64,250,2592.82,1.29,-2261.7,1712.92,4305.74,1.1464031480744574,False
put,0.16,3.0,0.0,0.0,False,True,201,2128.44,1.48,-468.71,182,4465.64,2.13,-789.62,2128.44,6594.08,4.54105950374432,False
put,0.16,3.0,0.0,0.0,True,False,191,1973.02,1.47,-500.12,207,2926.86,1.47,-1124.18,1973.02,4899.88,2.603551032752762,True
put,0.16,3.0,0.0,0.0,True,True,170,1735.46,1.47,-468.71,169,4023.59,2.1,-789.62,1735.46,5759.05,3.702630624479956,False
put,0.16,3.0,0.0,20.0,False,False,227,523.11,1.08,-1138.81,188,3081.02,1.61,-934.68,523.11,3604.13,0.459347915806851,False
put,0.16,3.0,0.0,20.0,False,True,190,1491.63,1.34,-468.71,158,3755.9,2.14,-552.63,1491.63,5247.530000000001,3.18241556612831,False
put,0.16,3.0,0.0,20.0,True,False,177,1161.33,1.27,-567.67,181,3113.27,1.66,-890.8,1161.33,4274.6,2.045783641904628,False
put,0.16,3.0,0.0,20.0,True,True,160,1162.11,1.31,-468.71,153,3654.85,2.14,-552.63,1162.11,4816.96,2.4793795737236244,False
put,0.16,3.0,0.0,25.0,False,False,248,1598.45,1.25,-793.64,230,2985.0,1.41,-1343.51,1598.45,4583.45,2.0140743914117234,False
put,0.16,3.0,0.0,25.0,False,True,201,2128.44,1.48,-468.71,178,4176.91,2.06,-789.62,2128.44,6305.35,4.54105950374432,False
put,0.16,3.0,0.0,25.0,True,False,191,1973.02,1.47,-500.12,204,3220.33,1.55,-1085.76,1973.02,5193.35,2.965968538166814,True
put,0.16,3.0,0.0,25.0,True,True,170,1735.46,1.47,-468.71,169,4023.59,2.1,-789.62,1735.46,5759.05,3.702630624479956,False
put,0.16,3.0,0.3,0.0,False,False,252,-992.35,0.84,-2091.02,250,-1080.02,0.87,-2749.91,-1080.02,-2072.37,-0.47457700069822384,False
put,0.16,3.0,0.3,0.0,False,True,201,92.49,1.02,-900.06,182,1621.29,1.43,-993.53,92.49,1713.78,0.10275981601226584,False
put,0.16,3.0,0.3,0.0,True,False,191,72.03,1.02,-817.74,207,59.43,1.01,-1515.01,59.43,131.46,0.039227463845123135,False
put,0.16,3.0,0.3,0.0,True,True,170,117.95,1.04,-695.11,169,1429.35,1.41,-993.53,117.95,1547.3,0.16968537353800117,False
put,0.16,3.0,0.3,20.0,False,False,227,-1670.09,0.72,-2326.09,188,127.33,1.03,-1033.93,-1670.09,-1542.76,-0.717981677407151,False
put,0.16,3.0,0.3,20.0,False,True,190,-315.99,0.92,-922.71,158,1187.89,1.36,-717.03,-315.99,871.9000000000001,-0.3424586273043535,False
put,0.16,3.0,0.3,20.0,True,False,177,-448.69,0.88,-1123.48,181,255.64,1.05,-998.27,-448.69,-193.05,-0.39937515576601273,False
put,0.16,3.0,0.3,20.0,True,True,160,-249.5,0.92,-853.84,153,1163.19,1.36,-717.03,-249.5,913.69,-0.29220931322027544,False
put,0.16,3.0,0.3,25.0,False,False,248,-1020.55,0.83,-2068.62,230,-524.87,0.93,-1708.18,-1020.55,-1545.42,-0.4933482224864886,False
put,0.16,3.0,0.3,25.0,False,True,201,92.49,1.02,-900.06,178,1432.75,1.38,-993.53,92.49,1525.24,0.10275981601226584,False
put,0.16,3.0,0.3,25.0,True,False,191,72.03,1.02,-817.74,204,119.6,1.02,-1499.65,72.03,191.63,0.07975194211982795,False
put,0.16,3.0,0.3,25.0,True,True,170,117.95,1.04,-695.11,169,1429.35,1.41,-993.53,117.95,1547.3,0.16968537353800117,False
put,0.16,3.0,0.5,0.0,False,False,252,-2160.44,0.62,-2593.37,250,-2391.84,0.68,-3299.08,-2391.84,-4552.280000000001,-0.833062771606057,False
put,0.16,3.0,0.5,0.0,False,True,201,-869.88,0.76,-1252.94,182,262.89,1.08,-919.45,-869.88,-606.99,-0.6942710744329337,False
put,0.16,3.0,0.5,0.0,True,False,191,-1055.47,0.71,-1453.51,207,-777.48,0.84,-1354.98,-1055.47,-1832.95,-0.7261525548499839,False
put,0.16,3.0,0.5,0.0,True,True,170,-854.57,0.72,-1237.65,169,215.67,1.07,-919.45,-854.57,-638.9000000000001,-0.6904779218680563,False
put,0.16,3.0,0.5,20.0,False,False,227,-2711.27,0.51,-3079.19,188,-1541.15,0.69,-1765.47,-2711.27,-4252.42,-0.880514031287449,False
put,0.16,3.0,0.5,20.0,False,True,190,-1148.13,0.68,-1531.19,158,-263.51,0.92,-1008.77,-1148.13,-1411.64,-0.749828564711107,False
put,0.16,3.0,0.5,20.0,True,False,177,-1410.2,0.61,-1778.13,181,-1358.8,0.71,-1583.12,-1410.2,-2769.0,-0.8583051190055081,False
put,0.16,3.0,0.5,20.0,True,True,160,-1104.74,0.64,-1487.82,153,-245.3,0.92,-1008.77,-1104.74,-1350.04,-0.7425226169832373,False
put,0.16,3.0,0.5,25.0,False,False,248,-2305.62,0.59,-2703.65,230,-1565.2,0.74,-2180.99,-2305.62,-3870.8199999999997,-0.8527805004345976,False
put,0.16,3.0,0.5,25.0,False,True,201,-869.88,0.76,-1252.94,178,133.13,1.04,-919.45,-869.88,-736.75,-0.6942710744329337,False
put,0.16,3.0,0.5,25.0,True,False,191,-1055.47,0.71,-1453.51,204,-683.99,0.86,-1224.69,-1055.47,-1739.46,-0.7261525548499839,False
put,0.16,3.0,0.5,25.0,True,True,170,-854.57,0.72,-1237.65,169,215.67,1.07,-919.45,-854.57,-638.9000000000001,-0.6904779218680563,False
put,0.2,1.5,0.0,0.0,False,False,252,-4639.54,0.57,-4776.55,250,-5122.18,0.64,-5389.54,-5122.18,-9761.720000000001,-0.9713161172813013,False
put,0.2,1.5,0.0,0.0,False,True,201,-2355.23,0.68,-2725.38,182,-1234.86,0.85,-1471.64,-2355.23,-3590.09,-0.8641840770828287,False
put,0.2,1.5,0.0,0.0,True,False,191,-1629.12,0.76,-1795.85,207,-2835.8,0.72,-3103.17,-2835.8,-4464.92,-0.9138397187392248,False
put,0.2,1.5,0.0,0.0,True,True,170,-1028.37,0.82,-1398.53,169,-916.43,0.87,-1310.01,-1028.37,-1944.7999999999997,-0.7353220881926021,False
put,0.2,1.5,0.0,20.0,False,False,227,-5201.19,0.48,-5338.21,188,-2473.01,0.73,-2740.39,-5201.19,-7674.2,-0.974332219976359,False
put,0.2,1.5,0.0,20.0,False,True,190,-2706.29,0.62,-3076.45,158,-868.63,0.87,-1105.42,-2706.29,-3574.92,-0.8796795007232362,False
put,0.2,1.5,0.0,20.0,True,False,177,-2238.96,0.65,-2375.97,181,-1965.99,0.77,-2233.36,-2238.96,-4204.95,-0.942335130494072,False
put,0.2,1.5,0.0,20.0,True,True,160,-1494.09,0.73,-1864.25,153,-647.25,0.9,-1104.8,-1494.09,-2141.34,-0.8014429395199141,False
put,0.2,1.5,0.0,25.0,False,False,248,-4546.34,0.57,-4713.07,230,-4172.8,0.66,-4440.18,-4546.34,-8719.14,-0.9646239075591919,False
put,0.2,1.5,0.0,25.0,False,True,201,-2355.23,0.68,-2725.38,178,-1230.99,0.84,-1467.78,-2355.23,-3586.2200000000003,-0.8641840770828287,False
put,0.2,1.5,0.0,25.0,True,False,191,-1629.12,0.76,-1795.85,204,-2449.99,0.75,-2717.36,-2449.99,-4079.1099999999997,-0.9071581702257984,False
put,0.2,1.5,0.0,25.0,True,True,170,-1028.37,0.82,-1398.53,169,-916.43,0.87,-1310.01,-1028.37,-1944.7999999999997,-0.7353220881926021,False
put,0.2,1.5,0.3,0.0,False,False,252,-6500.87,0.38,-6559.35,250,-7269.26,0.46,-7400.66,-7269.26,-13770.130000000001,-0.9910844824563408,False
put,0.2,1.5,0.3,0.0,False,True,201,-3824.69,0.46,-4054.1,182,-2962.79,0.61,-3094.19,-3824.69,-6787.48,-0.9575333124339488,False
put,0.2,1.5,0.3,0.0,True,False,191,-3252.46,0.51,-3310.92,207,-4489.56,0.54,-4620.95,-4489.56,-7742.02,-0.9823432761890954,False
put,0.2,1.5,0.3,0.0,True,True,170,-2473.56,0.55,-2702.97,169,-2488.77,0.64,-2620.17,-2488.77,-4962.33,-0.9498505822141311,False
put,0.2,1.5,0.3,20.0,False,False,227,-6596.24,0.32,-6654.74,188,-4246.61,0.52,-4378.0,-6596.24,-10842.849999999999,-0.9912092733900949,False
put,0.2,1.5,0.3,20.0,False,True,190,-3950.23,0.42,-4179.66,158,-2482.48,0.61,-2613.88,-3950.23,-6432.71,-0.9497299034385663,False
put,0.2,1.5,0.3,20.0,True,False,177,-3550.93,0.44,-3609.41,181,-3714.26,0.55,-3845.65,-3714.26,-7265.1900000000005,-0.9837979060289632,False
put,0.2,1.5,0.3,20.0,True,True,160,-2713.76,0.49,-2943.19,153,-2235.77,0.63,-2367.16,-2713.76,-4949.530000000001,-0.9444946687169435,False
put,0.2,1.5,0.3,25.0,False,False,248,-6362.31,0.38,-6420.78,230,-6203.36,0.47,-6334.76,-6362.31,-12565.67,-0.9908936297459188,False
put,0.2,1.5,0.3,25.0,False,True,201,-3824.69,0.46,-4054.1,178,-2890.35,0.61,-3021.75,-3824.69,-6715.04,-0.9565152643335815,False
put,0.2,1.5,0.3,25.0,True,False,191,-3252.46,0.51,-3310.92,204,-4273.61,0.55,-4405.0,-4273.61,-7526.07,-0.9823432761890954,False
put,0.2,1.5,0.3,25.0,True,True,170,-2473.56,0.55,-2702.97,169,-2488.77,0.64,-2620.17,-2488.77,-4962.33,-0.9498505822141311,False
put,0.2,1.5,0.5,0.0,False,False,252,-7638.51,0.27,-7654.61,250,-8616.76,0.34,-8687.74,-8616.76,-16255.27,-0.997896692320053,False
put,0.2,1.5,0.5,0.0,False,True,201,-4889.29,0.31,-4997.58,182,-3972.32,0.45,-4043.33,-4889.29,-8861.61,-0.9824377431473563,False
put,0.2,1.5,0.5,0.0,True,False,191,-4329.73,0.34,-4345.84,207,-5855.1,0.38,-5926.09,-5855.1,-10184.83,-0.9962930066454355,False
put,0.2,1.5,0.5,0.0,True,True,170,-3450.06,0.37,-3558.36,169,-3594.73,0.46,-3665.73,-3594.73,-7044.79,-0.9806314158435019,False
put,0.2,1.5,0.5,20.0,False,False,227,-7609.28,0.22,-7625.39,188,-5657.7,0.35,-5728.7,-7609.28,-13266.98,-0.9978873211730809,False
put,0.2,1.5,0.5,20.0,False,True,190,-4880.5,0.28,-4988.79,158,-3709.51,0.42,-3780.52,-4880.5,-8590.01,-0.9812168696369812,False
put,0.2,1.5,0.5,20.0,True,False,177,-4442.65,0.29,-4458.77,181,-5110.46,0.38,-5181.46,-5110.46,-9553.11,-0.9963846531666803,False
put,0.2,1.5,0.5,20.0,True,True,160,-3555.93,0.33,-3664.23,153,-3447.91,0.44,-3518.92,-3555.93,-7003.84,-0.9798205131119775,False
put,0.2,1.5,0.5,25.0,False,False,248,-7625.95,0.26,-7642.04,230,-7543.59,0.34,-7614.58,-7625.95,-15169.54,-0.9978945412481484,False
put,0.2,1.5,0.5,25.0,False,True,201,-4889.29,0.31,-4997.58,178,-4048.32,0.44,-4119.32,-4889.29,-8937.61,-0.9827641455385842,False
put,0.2,1.5,0.5,25.0,True,False,191,-4329.73,0.34,-4345.84,204,-5618.65,0.39,-5689.64,-5618.65,-9948.38,-0.9962930066454355,False
put,0.2,1.5,0.5,25.0,True,True,170,-3450.06,0.37,-3558.36,169,-3594.73,0.46,-3665.73,-3594.73,-7044.79,-0.9806314158435019,False
put,0.2,2.0,0.0,0.0,False,False,252,-1576.53,0.85,-1980.51,250,-1025.11,0.92,-3084.48,-1576.53,-2601.64,-0.7960222366966084,False
put,0.2,2.0,0.0,0.0,False,True,201,91.19,1.01,-1005.18,182,1484.27,1.2,-1322.22,91.19,1575.46,0.09072007003720726,False
put,0.2,2.0,0.0,0.0,True,False,191,-16.57,1.0,-1261.64,207,179.45,1.02,-1521.11,-16.57,162.88,-0.01313369899495894,False
put,0.2,2.0,0.0,0.0,True,True,170,467.31,1.08,-1005.18,169,1207.79,1.18,-1322.22,467.31,1675.1,0.46490180863128994,False
put,0.2,2.0,0.0,20.0,False,False,227,-2508.22,0.74,-2829.13,188,537.45,1.07,-1053.42,-2508.22,-1970.7699999999998,-0.8865693693821067,False
put,0.2,2.0,0.0,20.0,False,True,190,-258.42,0.96,-1005.18,158,1286.82,1.21,-1016.58,-258.42,1028.3999999999999,-0.2570882826956366,False
put,0.2,2.0,0.0,20.0,True,False,177,-624.96,0.9,-1694.84,181,650.01,1.08,-1039.04,-624.96,25.049999999999955,-0.3687427721790848,False
put,0.2,2.0,0.0,20.0,True,True,160,3.04,1.0,-1133.48,153,1253.32,1.21,-1016.58,3.04,1256.36,0.0026820058580654268,False
put,0.2,2.0,0.0,25.0,False,False,248,-1709.92,0.83,-2030.82,230,-232.2,0.98,-2058.48,-1709.92,-1942.1200000000001,-0.8419850109807862,False
put,0.2,2.0,0.0,25.0,False,True,201,91.19,1.01,-1005.18,178,1319.67,1.18,-1322.22,91.19,1410.8600000000001,0.09072007003720726,False
put,0.2,2.0,0.0,25.0,True,False,191,-16.57,1.0,-1261.64,204,531.73,1.06,-1637.45,-16.57,515.16,-0.01313369899495894,False
put,0.2,2.0,0.0,25.0,True,True,170,467.31,1.08,-1005.18,169,1207.79,1.18,-1322.22,467.31,1675.1,0.46490180863128994,False
put,0.2,2.0,0.3,0.0,False,False,252,-3882.85,0.59,-3984.97,250,-4312.51,0.65,-4466.23,-4312.51,-8195.36,-0.9743737092123654,False
put,0.2,2.0,0.3,0.0,False,True,201,-1624.29,0.74,-1799.22,182,-1042.74,0.85,-1885.73,-1624.29,-2667.0299999999997,-0.9027745356321072,False
put,0.2,2.0,0.3,0.0,True,False,191,-1740.79,0.71,-1842.87,207,-2342.24,0.74,-2495.98,-2342.24,-4083.0299999999997,-0.944608138392833,False
put,0.2,2.0,0.3,0.0,True,True,170,-1037.13,0.79,-1212.05,169,-1048.69,0.84,-1885.73,-1048.69,-2085.82,-0.8556825213481293,False
put,0.2,2.0,0.3,20.0,False,False,227,-4249.5,0.52,-4351.64,188,-2207.86,0.72,-2361.59,-4249.5,-6457.360000000001,-0.9765283892969087,False
put,0.2,2.0,0.3,20.0,False,True,190,-1748.38,0.7,-1923.33,158,-1001.63,0.83,-1549.39,-1748.38,-2750.01,-0.9090379706030687,False
put,0.2,2.0,0.3,20.0,True,False,177,-2037.81,0.65,-2139.92,181,-1995.92,0.74,-2149.65,-2037.81,-4033.73,-0.9522832629257167,False
put,0.2,2.0,0.3,20.0,True,True,160,-1275.88,0.74,-1450.82,153,-961.19,0.83,-1549.39,-1275.88,-2237.07,-0.8794199142553867,False
put,0.2,2.0,0.3,25.0,False,False,248,-3902.58,0.58,-4004.7,230,-3446.23,0.68,-3599.95,-3902.58,-7348.8099999999995,-0.9744999625440108,False
put,0.2,2.0,0.3,25.0,False,True,201,-1624.29,0.74,-1799.22,178,-1106.91,0.84,-1885.73,-1624.29,-2731.2,-0.9027745356321072,False
put,0.2,2.0,0.3,25.0,True,False,191,-1740.79,0.71,-1842.87,204,-2275.15,0.74,-2428.89,-2275.15,-4015.94,-0.944608138392833,False
put,0.2,2.0,0.3,25.0,True,True,170,-1037.13,0.79,-1212.05,169,-1048.69,0.84,-1885.73,-1048.69,-2085.82,-0.8556825213481293,False
put,0.2,2.0,0.5,0.0,False,False,252,-5127.32,0.43,-5181.2,250,-6108.89,0.49,-6173.22,-6108.89,-11236.21,-0.9896008646645564,False
put,0.2,2.0,0.5,0.0,False,True,201,-2783.57,0.53,-2902.27,182,-2332.07,0.64,-2494.35,-2783.57,-5115.64,-0.9591009795780545,False
put,0.2,2.0,0.5,0.0,True,False,191,-2829.96,0.51,-2883.83,207,-4028.36,0.53,-4092.71,-4028.36,-6858.32,-0.9842769216484921,False
put,0.2,2.0,0.5,0.0,True,True,170,-2001.79,0.58,-2120.49,169,-2365.83,0.62,-2494.35,-2365.83,-4367.62,-0.9484755547537435,False
put,0.2,2.0,0.5,20.0,False,False,227,-5527.52,0.36,-5581.4,188,-3908.29,0.51,-3972.65,-5527.52,-9435.810000000001,-0.9903465080445768,False
put,0.2,2.0,0.5,20.0,False,True,190,-2886.83,0.49,-3005.53,158,-2433.48,0.58,-2497.86,-2886.83,-5320.3099999999995,-0.9742259374024165,False
put,0.2,2.0,0.5,20.0,True,False,177,-3054.93,0.45,-3108.8,181,-3638.11,0.52,-3702.48,-3638.11,-6693.04,-0.9826717704580544,False
put,0.2,2.0,0.5,20.0,True,True,160,-2219.71,0.52,-2338.41,153,-2349.75,0.59,-2414.14,-2349.75,-4569.46,-0.9733279760080195,False
put,0.2,2.0,0.5,25.0,False,False,248,-5336.01,0.41,-5389.88,230,-5167.69,0.5,-5232.02,-5336.01,-10503.7,-0.9900053433471617,False
put,0.2,2.0,0.5,25.0,False,True,201,-2783.57,0.53,-2902.27,178,-2525.45,0.61,-2589.82,-2783.57,-5309.02,-0.9751449907715593,False
put,0.2,2.0,0.5,25.0,True,False,191,-2829.96,0.51,-2883.83,204,-3917.24,0.53,-3981.6,-3917.24,-6747.2,-0.9838356439622262,False
put,0.2,2.0,0.5,25.0,True,True,170,-2001.79,0.58,-2120.49,169,-2365.83,0.62,-2494.35,-2365.83,-4367.62,-0.9484755547537435,False
put,0.2,3.0,0.0,0.0,False,False,252,3986.17,1.53,-843.38,250,4759.41,1.42,-3310.12,3986.17,8745.58,1.4378360905344822,True
put,0.2,3.0,0.0,0.0,False,True,201,4003.06,1.79,-548.11,182,6837.08,2.47,-690.26,4003.06,10840.14,7.303388006057178,False
put,0.2,3.0,0.0,0.0,True,False,191,3732.5,1.75,-572.24,207,5620.39,1.79,-1318.88,3732.5,9352.89,4.261487019289094,True
put,0.2,3.0,0.0,0.0,True,True,170,3368.71,1.78,-548.11,169,6195.08,2.44,-690.26,3368.71,9563.79,6.1460473262666255,False
put,0.2,3.0,0.0,20.0,False,False,227,2196.11,1.3,-1178.21,188,5572.62,1.98,-1059.63,2196.11,7768.73,1.863937668157629,False
put,0.2,3.0,0.0,20.0,False,True,190,3112.31,1.62,-548.11,158,5610.51,2.41,-642.95,3112.31,8722.82,5.678258013902319,False
put,0.2,3.0,0.0,20.0,True,False,177,2594.24,1.52,-661.27,181,5570.98,2.05,-1059.63,2594.24,8165.219999999999,3.9231176372737306,False
put,0.2,3.0,0.0,20.0,True,True,160,2560.16,1.59,-548.11,153,5462.81,2.42,-642.95,2560.16,8022.97,4.670887230665377,False
put,0.2,3.0,0.0,25.0,False,False,248,3852.78,1.53,-843.38,230,6123.41,1.75,-1469.61,3852.78,9976.19,4.166690482508965,True
put,0.2,3.0,0.0,25.0,False,True,201,4003.06,1.79,-548.11,178,6421.16,2.38,-690.26,4003.06,10424.22,7.303388006057178,False
put,0.2,3.0,0.0,25.0,True,False,191,3732.5,1.75,-572.24,204,6061.39,1.93,-970.72,3732.5,9793.89,6.244220784572277,True
put,0.2,3.0,0.0,25.0,True,True,170,3368.71,1.78,-548.11,169,6195.08,2.44,-690.26,3368.71,9563.79,6.1460473262666255,False
put,0.2,3.0,0.3,0.0,False,False,252,530.91,1.08,-1984.27,250,-138.87,0.99,-3975.98,-138.87,392.03999999999996,-0.034927238064577794,False
put,0.2,3.0,0.3,0.0,False,True,201,1359.34,1.3,-747.53,182,3130.36,1.7,-782.29,1359.34,4489.7,1.8184420692146135,False
put,0.2,3.0,0.3,0.0,True,False,191,1236.77,1.28,-876.66,207,1805.33,1.27,-1235.13,1236.77,3042.1,1.4107749868820296,False
put,0.2,3.0,0.3,0.0,True,True,170,1209.08,1.32,-766.72,169,2821.38,1.69,-782.29,1209.08,4030.46,1.5769511686143571,False
put,0.2,3.0,0.3,20.0,False,False,227,-607.4,0.91,-2273.56,188,1694.67,1.3,-1172.07,-607.4,1087.27,-0.2671581132672989,False
put,0.2,3.0,0.3,20.0,False,True,190,773.11,1.17,-778.5,158,2300.26,1.58,-666.33,773.11,3073.3700000000003,0.9930764290301862,False
put,0.2,3.0,0.3,20.0,True,False,177,487.46,1.11,-1058.79,181,1817.0,1.34,-1065.27,487.46,2304.46,0.46039346801537606,False
put,0.2,3.0,0.3,20.0,True,True,160,677.0,1.18,-754.73,153,2251.09,1.59,-666.33,677.0,2928.09,0.8970095265856664,False
put,0.2,3.0,0.3,25.0,False,False,248,511.18,1.08,-1928.13,230,1468.85,1.19,-1746.67,511.18,1980.03,0.26511697862695977,False
put,0.2,3.0,0.3,25.0,False,True,201,1359.34,1.3,-747.53,178,2852.77,1.64,-782.29,1359.34,4212.11,1.8184420692146135,False
put,0.2,3.0,0.3,25.0,True,False,191,1236.77,1.28,-876.66,204,1961.14,1.31,-1204.39,1236.77,3197.91,1.4107749868820296,False
put,0.2,3.0,0.3,25.0,True,True,170,1209.08,1.32,-766.72,169,2821.38,1.69,-782.29,1209.08,4030.46,1.5769511686143571,False
put,0.2,3.0,0.5,0.0,False,False,252,-1155.71,0.82,-2212.48,250,-2592.73,0.74,-4388.86,-2592.73,-3748.44,-0.5907524960923793,False
put,0.2,3.0,0.5,0.0,False,True,201,-54.75,0.99,-849.74,182,766.7,1.17,-1206.87,-54.75,711.95,-0.06443147315649493,False
put,0.2,3.0,0.5,0.0,True,False,191,-404.62,0.9,-1350.29,207,9.64,1.0,-1317.86,-404.62,-394.98,-0.2996541483681283,False
put,0.2,3.0,0.5,0.0,True,True,170,-204.72,0.94,-1079.68,169,657.73,1.16,-1206.87,-204.72,453.01,-0.18961173681090693,False
put,0.2,3.0,0.5,20.0,False,False,227,-2137.59,0.66,-2766.94,188,-604.08,0.89,-1338.07,-2137.59,-2741.67,-0.7725465676884935,False
put,0.2,3.0,0.5,20.0,False,True,190,-459.98,0.89,-1064.26,158,335.99,1.08,-1030.97,-459.98,-123.99000000000001,-0.43220641572548063,False
put,0.2,3.0,0.5,20.0,True,False,177,-922.66,0.78,-1819.37,181,-409.11,0.92,-1124.73,-922.66,-1331.77,-0.5071315895062577,False
put,0.2,3.0,0.5,20.0,True,True,160,-572.5,0.84,-1447.46,153,344.51,1.09,-1030.97,-572.5,-227.99,-0.3955204288892266,False
put,0.2,3.0,0.5,25.0,False,False,248,-1364.4,0.78,-2368.19,230,-614.37,0.91,-2060.58,-1364.4,-1978.77,-0.5761362052875825,False
put,0.2,3.0,0.5,25.0,False,True,201,-54.75,0.99,-849.74,178,573.32,1.13,-1206.87,-54.75,518.57,-0.06443147315649493,False
put,0.2,3.0,0.5,25.0,True,False,191,-404.62,0.9,-1350.29,204,209.48,1.04,-1088.28,-404.62,-195.14000000000001,-0.2996541483681283,False
put,0.2,3.0,0.5,25.0,True,True,170,-204.72,0.94,-1079.68,169,657.73,1.16,-1206.87,-204.72,453.01,-0.18961173681090693,False
call,0.1,1.5,0.0,0.0,False,False,252,-3634.62,0.33,-3683.74,250,-8679.04,0.24,-8713.2,-8679.04,-12313.66,-0.9960795115457008,False
call,0.1,1.5,0.0,0.0,False,True,51,-1435.31,0.18,-1467.16,68,-6975.16,0.08,-6975.17,-6975.16,-8410.47,-0.9999985663431858,False
call,0.1,1.5,0.0,0.0,True,False,191,-2416.47,0.38,-2465.56,207,-2599.41,0.48,-2633.53,-2599.41,-5015.879999999999,-0.9870440055742671,False
call,0.1,1.5,0.0,0.0,True,True,21,-688.88,0.14,-720.69,38,-1313.23,0.16,-1313.21,-1313.23,-2002.1100000000001,-1.000015229856611,False
call,0.1,1.5,0.0,20.0,False,False,227,-2830.35,0.35,-2879.47,188,-1849.12,0.55,-1883.24,-2830.35,-4679.469999999999,-0.9829413051707433,False
call,0.1,1.5,0.0,20.0,False,True,37,-703.97,0.23,-735.81,30,-861.71,0.21,-861.7,-861.71,-1565.68,-1.0000116049669259,False
call,0.1,1.5,0.0,20.0,True,False,177,-1979.43,0.4,-2076.92,181,-1767.88,0.55,-1802.01,-1979.43,-3747.3100000000004,-0.98106003851255,False
call,0.1,1.5,0.0,20.0,True,True,17,-357.71,0.19,-389.53,28,-852.88,0.19,-852.87,-852.88,-1210.59,-1.0000117251163718,False
call,0.1,1.5,0.0,25.0,False,False,248,-3486.66,0.34,-3535.79,230,-3253.55,0.44,-3287.69,-3486.66,-6740.21,-0.9896158092764221,False
call,0.1,1.5,0.0,25.0,False,True,47,-1287.35,0.18,-1319.2,52,-1828.25,0.15,-1828.25,-1828.25,-3115.6,-1.0,False
call,0.1,1.5,0.0,25.0,True,False,191,-2416.47,0.38,-2465.56,204,-2478.05,0.48,-2512.18,-2478.05,-4894.52,-0.9864141900659986,False
call,0.1,1.5,0.0,25.0,True,True,21,-688.88,0.14,-720.69,35,-1191.87,0.14,-1191.85,-1191.87,-1880.75,-1.000016780635147,False
call,0.1,1.5,0.3,0.0,False,False,252,-4158.32,0.21,-4200.96,250,-9706.79,0.15,-9729.39,-9706.79,-13865.11,-0.997677141115733,False
call,0.1,1.5,0.3,0.0,False,True,51,-1323.27,0.15,-1357.19,68,-7126.39,0.05,-7126.4,-7126.39,-8449.66,-0.9999985967669511,False
call,0.1,1.5,0.3,0.0,True,False,191,-3029.65,0.22,-3072.26,207,-3455.35,0.29,-3477.91,-3455.35,-6485.0,-0.9935133456587434,False
call,0.1,1.5,0.3,0.0,True,True,21,-687.02,0.11,-720.91,38,-1325.52,0.12,-1325.51,-1325.52,-2012.54,-1.0000075442659806,False
call,0.1,1.5,0.3,20.0,False,False,227,-3246.65,0.22,-3289.3,188,-2814.43,0.31,-2836.97,-3246.65,-6061.08,-0.9920549036472011,False
call,0.1,1.5,0.3,20.0,False,True,37,-549.64,0.24,-583.57,30,-956.54,0.12,-956.55,-956.54,-1506.1799999999998,-0.9999895457634206,False
call,0.1,1.5,0.3,20.0,True,False,177,-2527.82,0.23,-2570.44,181,-2700.55,0.32,-2723.1,-2700.55,-5228.370000000001,-0.9917189967316662,False
call,0.1,1.5,0.3,20.0,True,True,17,-342.9,0.16,-376.8,28,-935.5,0.11,-935.51,-935.5,-1278.4,-0.9999893106433924,False
call,0.1,1.5,0.3,25.0,False,False,248,-3994.17,0.21,-4036.82,230,-4266.31,0.26,-4288.91,-4266.31,-8260.48,-0.994730595885668,False
call,0.1,1.5,0.3,25.0,False,True,47,-1159.12,0.16,-1193.05,52,-1964.49,0.09,-1964.51,-1964.49,-3123.6099999999997,-0.999989819344264,False
call,0.1,1.5,0.3,25.0,True,False,191,-3029.65,0.22,-3072.26,204,-3404.32,0.28,-3426.89,-3404.32,-6433.97,-0.9934138533772605,False
call,0.1,1.5,0.3,25.0,True,True,21,-687.02,0.11,-720.91,35,-1274.49,0.08,-1274.49,-1274.49,-1961.51,-1.0,False
call,0.1,1.5,0.5,0.0,False,False,252,-4506.63,0.13,-4532.18,250,-10179.96,0.1,-10190.0,-10179.96,-14686.59,-0.9990147203140333,False
call,0.1,1.5,0.5,0.0,False,True,51,-1363.08,0.11,-1383.63,68,-7130.32,0.04,-7130.3,-7130.32,-8493.4,-1.0000028049310687,False
call,0.1,1.5,0.5,0.0,True,False,191,-3329.63,0.13,-3355.15,207,-3905.36,0.19,-3915.39,-3905.36,-7234.99,-0.9974383139355212,False
call,0.1,1.5,0.5,0.0,True,True,21,-692.07,0.08,-712.59,38,-1322.21,0.09,-1322.19,-1322.21,-2014.2800000000002,-1.000015126419047,False
call,0.1,1.5,0.5,20.0,False,False,227,-3539.36,0.14,-3564.93,188,-3288.05,0.2,-3298.07,-3539.36,-6827.41,-0.9969618595117751,False
call,0.1,1.5,0.5,20.0,False,True,37,-567.27,0.17,-587.83,30,-1003.79,0.08,-1003.78,-1003.79,-1571.06,-1.000009962342346,False
call,0.1,1.5,0.5,20.0,True,False,177,-2794.6,0.14,-2820.14,181,-3158.41,0.2,-3168.44,-3158.41,-5953.01,-0.9968344043125323,False
call,0.1,1.5,0.5,20.0,True,True,17,-341.32,0.12,-361.85,28,-976.61,0.07,-976.6,-976.61,-1317.93,-1.0000102396067991,False
call,0.1,1.5,0.5,25.0,False,False,248,-4333.69,0.13,-4359.25,230,-4673.06,0.17,-4683.09,-4673.06,-9006.75,-0.9978582517098754,False
call,0.1,1.5,0.5,25.0,False,True,47,-1190.14,0.11,-1210.7,52,-1902.0,0.07,-1901.98,-1902.0,-3092.1400000000003,-1.00001051535768,False
call,0.1,1.5,0.5,25.0,True,False,191,-3329.63,0.13,-3355.15,204,-3834.79,0.19,-3844.82,-3834.79,-7164.42,-0.9973912953012104,False
call,0.1,1.5,0.5,25.0,True,True,21,-692.07,0.08,-712.59,35,-1251.64,0.06,-1251.62,-1251.64,-1943.71,-1.0000159792908392,False
call,0.1,2.0,0.0,0.0,False,False,252,-505.94,0.87,-1339.4,250,-5286.23,0.47,-5940.23,-5286.23,-5792.169999999999,-0.8899032529043488,False
call,0.1,2.0,0.0,0.0,False,True,51,-659.92,0.53,-729.48,68,-6195.37,0.15,-6226.44,-6195.37,-6855.29,-0.9950099896570112,False
call,0.1,2.0,0.0,0.0,True,False,191,-334.25,0.89,-1003.25,207,314.49,1.09,-531.21,-334.25,-19.75999999999999,-0.3331672065786195,False
call,0.1,2.0,0.0,0.0,True,True,21,-404.02,0.4,-473.55,38,-850.89,0.37,-881.93,-850.89,-1254.9099999999999,-0.9648044629392356,False
call,0.1,2.0,0.0,20.0,False,False,227,-51.4,0.98,-971.34,188,614.45,1.21,-464.61,-51.4,563.0500000000001,-0.052916589453744306,False
call,0.1,2.0,0.0,20.0,False,True,37,-170.54,0.75,-291.0,30,-553.55,0.42,-584.61,-553.55,-724.0899999999999,-0.9468705632815038,False
call,0.1,2.0,0.0,20.0,True,False,177,-61.13,0.97,-766.06,181,645.74,1.23,-433.33,-61.13,584.61,-0.07979792705532204,False
call,0.1,2.0,0.0,20.0,True,True,17,-129.0,0.62,-198.53,28,-544.72,0.4,-575.78,-544.72,-673.72,-0.9460557851957345,False
call,0.1,2.0,0.0,25.0,False,False,248,-357.98,0.91,-1148.8,230,-99.77,0.98,-883.97,-357.98,-457.75,-0.3116121169916435,False
call,0.1,2.0,0.0,25.0,False,True,47,-511.96,0.57,-581.52,52,-1229.75,0.35,-1260.81,-1229.75,-1741.71,-0.975365043107209,False
call,0.1,2.0,0.0,25.0,True,False,191,-334.25,0.89,-1003.25,204,441.45,1.13,-465.19,-334.25,107.19999999999999,-0.3331672065786195,False
call,0.1,2.0,0.0,25.0,True,True,21,-404.02,0.4,-473.55,35,-723.93,0.39,-754.97,-723.93,-1127.9499999999998,-0.9588857835410678,False
call,0.1,2.0,0.3,0.0,False,False,252,-1887.27,0.51,-1953.68,250,-7132.96,0.28,-7232.9,-7132.96,-9020.23,-0.9861825823666857,False
call,0.1,2.0,0.3,0.0,False,True,51,-816.03,0.35,-849.91,68,-6516.43,0.09,-6530.39,-6516.43,-7332.46,-0.9978623022514735,False
call,0.1,2.0,0.3,0.0,True,False,191,-1481.64,0.49,-1553.37,207,-1249.47,0.65,-1349.38,-1481.64,-2731.11,-0.9538229784275479,False
call,0.1,2.0,0.3,0.0,True,True,21,-524.81,0.22,-558.68,38,-962.76,0.25,-976.7,-962.76,-1487.57,-0.9857274495750997,False
call,0.1,2.0,0.3,20.0,False,False,227,-1248.29,0.57,-1543.66,188,-912.42,0.69,-1012.33,-1248.29,-2160.71,-0.9013068860944553,False
call,0.1,2.0,0.3,20.0,False,True,37,-232.89,0.56,-266.78,30,-720.99,0.24,-734.95,-720.99,-953.88,-0.9810055105789509,False
call,0.1,2.0,0.3,20.0,True,False,177,-1106.08,0.53,-1278.04,181,-836.66,0.7,-936.57,-1106.08,-1942.7399999999998,-0.8933235102555067,False
call,0.1,2.0,0.3,20.0,True,True,17,-224.76,0.33,-258.63,28,-699.95,0.24,-713.91,-699.95,-924.71,-0.9804457144457986,False
call,0.1,2.0,0.3,25.0,False,False,248,-1723.12,0.53,-1769.85,230,-1881.79,0.56,-1981.73,-1881.79,-3604.91,-0.9735966324829788,False
call,0.1,2.0,0.3,25.0,False,True,47,-651.88,0.39,-685.77,52,-1499.93,0.21,-1513.9,-1499.93,-2151.81,-0.9907721778188784,False
call,0.1,2.0,0.3,25.0,True,False,191,-1481.64,0.49,-1553.37,204,-1198.44,0.65,-1298.36,-1481.64,-2680.08,-0.9538229784275479,False
call,0.1,2.0,0.3,25.0,True,True,21,-524.81,0.22,-558.68,35,-911.73,0.23,-925.68,-911.73,-1436.54,-0.9849299974073115,False
call,0.1,2.0,0.5,0.0,False,False,252,-2584.53,0.31,-2611.74,250,-7930.83,0.18,-7992.03,-7930.83,-10515.36,-0.9923423710871957,False
call,0.1,2.0,0.5,0.0,False,True,51,-943.54,0.23,-964.05,68,-6561.1,0.07,-6569.81,-6561.1,-7504.64,-0.9986742386766132,False
call,0.1,2.0,0.5,0.0,True,False,191,-2045.06,0.29,-2072.23,207,-2016.43,0.42,-2077.64,-2045.06,-4061.49,-0.9868885210618512,False
call,0.1,2.0,0.5,0.0,True,True,21,-581.32,0.13,-601.82,38,-1013.58,0.18,-1022.3,-1013.58,-1594.9,-0.991470214222831,False
call,0.1,2.0,0.5,20.0,False,False,227,-1850.56,0.35,-1877.78,188,-1662.4,0.44,-1723.63,-1850.56,-3512.96,-0.9855041591666756,False
call,0.1,2.0,0.5,20.0,False,True,37,-311.89,0.38,-332.42,30,-804.64,0.16,-813.38,-804.64,-1116.53,-0.9892547148934078,False
call,0.1,2.0,0.5,20.0,True,False,177,-1617.18,0.32,-1644.37,181,-1564.99,0.45,-1626.23,-1617.18,-3182.17,-0.9834647919872049,False
call,0.1,2.0,0.5,20.0,True,True,17,-268.58,0.2,-289.09,28,-777.46,0.15,-786.2,-777.46,-1046.04,-0.9888832358178581,False
call,0.1,2.0,0.5,25.0,False,False,248,-2411.59,0.32,-2438.81,230,-2582.36,0.38,-2643.56,-2582.36,-4993.950000000001,-0.9888388189321842,False
call,0.1,2.0,0.5,25.0,False,True,47,-770.6,0.25,-791.12,52,-1454.52,0.17,-1463.23,-1454.52,-2225.12,-0.9940474156489411,False
call,0.1,2.0,0.5,25.0,True,False,191,-2045.06,0.29,-2072.23,204,-1945.86,0.42,-2007.07,-2045.06,-3990.92,-0.9868885210618512,False
call,0.1,2.0,0.5,25.0,True,True,21,-581.32,0.13,-601.82,35,-943.01,0.17,-951.73,-943.01,-1524.33,-0.9908377375936452,False
call,0.1,3.0,0.0,0.0,False,False,252,2113.0,1.86,-415.37,250,-288.55,0.96,-4991.24,-288.55,1824.45,-0.0578112853719717,False
call,0.1,3.0,0.0,0.0,False,True,51,-72.92,0.93,-394.92,68,-4178.82,0.31,-5029.97,-4178.82,-4251.74,-0.8307842790314852,False
call,0.1,3.0,0.0,0.0,True,False,191,1552.12,1.85,-408.58,207,3929.48,3.76,-232.41,1552.12,5481.6,3.798815409466934,True
call,0.1,3.0,0.0,0.0,True,True,21,-289.21,0.52,-390.64,38,327.88,1.5,-294.41,-289.21,38.670000000000016,-0.7403491705918492,False
call,0.1,3.0,0.0,20.0,False,False,227,1932.15,2.0,-315.09,188,3328.03,3.53,-232.41,1932.15,5260.18,6.132057507378845,False
call,0.1,3.0,0.0,20.0,False,True,37,-12.66,0.98,-220.56,30,142.11,1.26,-279.71,-12.66,129.45000000000002,-0.0573993471164309,False
call,0.1,3.0,0.0,20.0,True,False,177,1618.97,2.14,-287.12,181,3139.75,3.39,-232.41,1618.97,4758.72,5.638652828085818,False
call,0.1,3.0,0.0,20.0,True,True,17,-14.19,0.95,-163.01,28,88.64,1.16,-279.71,-14.19,74.45,-0.08704987424084412,False
call,0.1,3.0,0.0,25.0,False,False,248,1943.27,1.79,-356.2,230,4230.27,3.45,-283.78,1943.27,6173.540000000001,5.455558674901741,True
call,0.1,3.0,0.0,25.0,False,True,47,-242.65,0.77,-359.89,52,355.67,1.37,-363.17,-242.65,113.02000000000001,-0.6742337936591737,False
call,0.1,3.0,0.0,25.0,True,False,191,1552.12,1.85,-408.58,204,3945.18,4.0,-232.41,1552.12,5497.299999999999,3.798815409466934,True
call,0.1,3.0,0.0,25.0,True,True,21,-289.21,0.52,-390.64,35,343.58,1.63,-275.73,-289.21,54.370000000000005,-0.7403491705918492,False
call,0.1,3.0,0.3,0.0,False,False,252,191.41,1.08,-583.14,250,-3056.07,0.56,-5184.32,-3056.07,-2864.6600000000003,-0.5894832880686378,False
call,0.1,3.0,0.3,0.0,False,True,51,-306.42,0.66,-379.65,68,-4933.6,0.19,-5371.17,-4933.6,-5240.02,-0.9185335783451278,False
call,0.1,3.0,0.3,0.0,True,False,191,-29.87,0.98,-617.25,207,1675.7,2.18,-232.41,-29.87,1645.8300000000002,-0.04839206156338599,False
call,0.1,3.0,0.3,0.0,True,True,21,-434.91,0.28,-498.8,38,-71.72,0.89,-384.52,-434.91,-506.63,-0.8719125902165197,False
call,0.1,3.0,0.3,20.0,False,False,227,294.55,1.17,-438.96,188,1348.95,2.03,-245.62,294.55,1643.5,0.6710178603973028,False
call,0.1,3.0,0.3,20.0,False,True,37,-89.55,0.79,-217.44,30,-144.78,0.73,-360.14,-144.78,-234.32999999999998,-0.41183774834437087,False
call,0.1,3.0,0.3,20.0,True,False,177,176.12,1.12,-401.25,181,1240.88,1.94,-281.44,176.12,1417.0,0.4389283489096573,False
call,0.1,3.0,0.3,20.0,True,True,17,-134.86,0.5,-198.76,28,-175.43,0.68,-390.8,-175.43,-310.29,-0.6785067417991548,False
call,0.1,3.0,0.3,25.0,False,False,248,86.17,1.04,-544.76,230,1727.3,2.0,-305.12,86.17,1813.47,0.15817974888024083,False
call,0.1,3.0,0.3,25.0,False,True,47,-411.66,0.54,-475.58,52,-180.72,0.81,-540.99,-411.66,-592.38,-0.8655956936792969,False
call,0.1,3.0,0.3,25.0,True,False,191,-29.87,0.98,-617.25,204,1726.73,2.31,-232.41,-29.87,1696.8600000000001,-0.04839206156338599,False
call,0.1,3.0,0.3,25.0,True,True,21,-434.91,0.28,-498.8,35,-20.69,0.96,-306.79,-434.91,-455.6,-0.8719125902165197,False
call,0.1,3.0,0.5,0.0,False,False,252,-682.53,0.69,-920.85,250,-4231.45,0.37,-5243.13,-4231.45,-4913.98,-0.8070465542528985,False
call,0.1,3.0,0.5,0.0,False,True,51,-465.56,0.44,-512.44,68,-5111.06,0.13,-5334.88,-5111.06,-5576.620000000001,-0.9580459166841616,False
call,0.1,3.0,0.5,0.0,True,False,191,-748.6,0.59,-917.91,207,677.37,1.51,-363.11,-748.6,-71.23000000000002,-0.8155483653081458,False
call,0.1,3.0,0.5,0.0,True,True,21,-502.04,0.17,-548.91,38,-153.84,0.72,-370.22,-502.04,-655.88,-0.9146125958718188,False
call,0.1,3.0,0.5,20.0,False,False,227,-432.03,0.74,-733.81,188,497.81,1.41,-321.17,-432.03,65.78000000000003,-0.588749131246508,False
call,0.1,3.0,0.5,20.0,False,True,37,-166.28,0.56,-220.92,30,-165.75,0.62,-326.37,-166.28,-332.03,-0.7526706500090531,False
call,0.1,3.0,0.5,20.0,True,False,177,-471.82,0.67,-695.27,181,429.2,1.36,-389.76,-471.82,-42.620000000000005,-0.6786140636011909,False
call,0.1,3.0,0.5,20.0,True,True,17,-189.3,0.3,-236.18,28,-185.19,0.58,-345.81,-189.3,-374.49,-0.80150732492167,False
call,0.1,3.0,0.5,25.0,False,False,248,-752.79,0.66,-933.88,230,698.26,1.45,-322.84,-752.79,-54.52999999999997,-0.8060885766907954,False
call,0.1,3.0,0.5,25.0,False,True,47,-535.82,0.36,-582.71,52,-236.61,0.69,-445.53,-535.82,-772.4300000000001,-0.9195311561497143,False
call,0.1,3.0,0.5,25.0,True,False,191,-748.6,0.59,-917.91,204,747.94,1.62,-271.02,-748.6,-0.6599999999999682,-0.8155483653081458,False
call,0.1,3.0,0.5,25.0,True,True,21,-502.04,0.17,-548.91,35,-83.27,0.81,-292.18,-502.04,-585.3100000000001,-0.9146125958718188,False
call,0.16,1.5,0.0,0.0,False,False,252,-2940.11,0.6,-3858.15,250,-7924.63,0.45,-8045.74,-7924.63,-10864.74,-0.9849473137337275,False
call,0.16,1.5,0.0,0.0,False,True,51,-1769.78,0.31,-1838.36,68,-8040.43,0.15,-8040.44,-8040.43,-9810.210000000001,-0.9999987562869694,False
call,0.16,1.5,0.0,0.0,True,False,191,-1533.12,0.7,-2556.45,207,-1073.25,0.84,-1264.88,-1533.12,-2606.37,-0.8484994623995952,False
call,0.16,1.5,0.0,0.0,True,True,21,-822.2,0.28,-890.8,38,-1622.93,0.26,-1622.92,-1622.93,-2445.13,-1.0000061617331724,False
call,0.16,1.5,0.0,20.0,False,False,227,-2080.96,0.65,-3030.07,188,36.44,1.01,-777.32,-2080.96,-2044.52,-0.6867696125832077,False
call,0.16,1.5,0.0,20.0,False,True,37,-854.19,0.38,-922.77,30,-949.86,0.37,-949.84,-949.86,-1804.0500000000002,-1.0000210561778826,False
call,0.16,1.5,0.0,20.0,True,False,177,-1058.82,0.75,-2106.77,181,96.92,1.02,-716.85,-1058.82,-961.9,-0.5025797785235218,False
call,0.16,1.5,0.0,20.0,True,True,17,-349.69,0.42,-418.29,28,-950.15,0.34,-950.14,-950.15,-1299.84,-1.0000105247647715,False
call,0.16,1.5,0.0,25.0,False,False,248,-2729.97,0.61,-3568.84,230,-1935.03,0.75,-2056.12,-2729.97,-4665.0,-0.9411075229072233,False
call,0.16,1.5,0.0,25.0,False,True,47,-1559.64,0.31,-1628.23,52,-2327.98,0.24,-2327.97,-2327.98,-3887.62,-1.0000042955880017,False
call,0.16,1.5,0.0,25.0,True,False,191,-1533.12,0.7,-2556.45,204,-906.09,0.86,-1188.31,-1533.12,-2439.21,-0.7625030505507823,False
call,0.16,1.5,0.0,25.0,True,True,21,-822.2,0.28,-890.8,35,-1455.77,0.25,-1455.76,-1455.77,-2277.9700000000003,-1.0000068692641644,False
call,0.16,1.5,0.3,0.0,False,False,252,-3711.94,0.45,-3864.39,250,-10004.01,0.3,-10088.3,-10004.01,-13715.95,-0.9916447766224241,False
call,0.16,1.5,0.3,0.0,False,True,51,-1489.2,0.3,-1573.87,68,-8519.92,0.09,-8519.9,-8519.92,-10009.12,-1.0000023474453925,False
call,0.16,1.5,0.3,0.0,True,False,191,-2528.5,0.48,-2811.66,207,-2901.09,0.55,-2985.4,-2901.09,-5429.59,-0.9717592282441214,False
call,0.16,1.5,0.3,0.0,True,True,21,-815.67,0.23,-900.33,38,-1830.78,0.17,-1830.77,-1830.78,-2646.45,-1.000005462182579,False
call,0.16,1.5,0.3,20.0,False,False,227,-2630.76,0.5,-3015.14,188,-1832.52,0.65,-1916.79,-2630.76,-4463.280000000001,-0.956035872474293,False
call,0.16,1.5,0.3,20.0,False,True,37,-481.66,0.5,-566.33,30,-1149.15,0.23,-1149.12,-1149.15,-1630.8100000000002,-1.0000261069340017,False
call,0.16,1.5,0.3,20.0,True,False,177,-1923.81,0.53,-2340.79,181,-1716.9,0.66,-1801.18,-1923.81,-3640.71,-0.953208452236867,False
call,0.16,1.5,0.3,20.0,True,True,17,-321.99,0.4,-406.65,28,-1129.18,0.22,-1129.16,-1129.18,-1451.17,-1.000017712281696,False
call,0.16,1.5,0.3,25.0,False,False,248,-3474.66,0.46,-3589.74,230,-3777.77,0.5,-3862.06,-3777.77,-7252.43,-0.9781748600487823,False
call,0.16,1.5,0.3,25.0,False,True,47,-1251.92,0.32,-1336.59,52,-2595.45,0.16,-2595.44,-2595.45,-3847.37,-1.0000038529112596,False
call,0.16,1.5,0.3,25.0,True,False,191,-2528.5,0.48,-2811.66,204,-2705.11,0.56,-2789.41,-2705.11,-5233.610000000001,-0.9697785553217348,False
call,0.16,1.5,0.3,25.0,True,True,21,-815.67,0.23,-900.33,35,-1634.8,0.16,-1634.78,-1634.8,-2450.47,-1.0000122340620756,False
call,0.16,1.5,0.5,0.0,False,False,252,-4567.35,0.31,-4643.37,250,-10988.22,0.21,-11052.54,-10988.22,-15555.57,-0.9941805232100493,False
call,0.16,1.5,0.5,0.0,False,True,51,-1649.25,0.22,-1706.04,68,-8416.45,0.08,-8416.47,-8416.45,-10065.7,-0.9999976237068512,False
call,0.16,1.5,0.5,0.0,True,False,191,-3272.49,0.33,-3348.47,207,-3791.83,0.4,-3856.15,-3791.83,-7064.32,-0.9833201509277387,False
call,0.16,1.5,0.5,0.0,True,True,21,-845.16,0.18,-901.95,38,-1693.95,0.16,-1693.97,-1693.95,-2539.11,-0.9999881934154679,False
call,0.16,1.5,0.5,20.0,False,False,227,-3358.13,0.35,-3434.13,188,-2930.85,0.44,-2995.12,-3358.13,-6288.98,-0.978541761264991,False
call,0.16,1.5,0.5,20.0,False,True,37,-588.42,0.37,-645.2,30,-1261.97,0.16,-1261.98,-1261.97,-1850.3899999999999,-0.9999920759441513,False
call,0.16,1.5,0.5,20.0,True,False,177,-2592.83,0.36,-2668.8,181,-2784.48,0.44,-2848.76,-2784.48,-5377.3099999999995,-0.9774357966273044,False
call,0.16,1.5,0.5,20.0,True,True,17,-339.36,0.32,-396.15,28,-1230.5,0.15,-1230.51,-1230.5,-1569.8600000000001,-0.9999918732883114,False
call,0.16,1.5,0.5,25.0,False,False,248,-4313.98,0.32,-4390.0,230,-4751.75,0.36,-4816.06,-4751.75,-9065.73,-0.9866467610453358,False
call,0.16,1.5,0.5,25.0,False,True,47,-1395.88,0.23,-1452.67,52,-2496.16,0.13,-2496.18,-2496.16,-3892.04,-0.9999919877572931,False
call,0.16,1.5,0.5,25.0,True,False,191,-3272.49,0.33,-3348.47,204,-3710.15,0.39,-3774.46,-3710.15,-6982.639999999999,-0.9829618011583114,False
call,0.16,1.5,0.5,25.0,True,True,21,-845.16,0.18,-901.95,35,-1612.27,0.13,-1612.28,-1612.27,-2457.43,-0.9999937976033939,False
call,0.16,2.0,0.0,0.0,False,False,252,2415.34,1.47,-817.87,250,-2887.46,0.77,-6467.95,-2887.46,-472.1199999999999,-0.4464258381712908,False
call,0.16,2.0,0.0,0.0,False,True,51,-374.99,0.81,-753.39,68,-7068.29,0.23,-7225.69,-7068.29,-7443.28,-0.978216613223097,False
call,0.16,2.0,0.0,0.0,True,False,191,2036.52,1.55,-809.73,207,3039.72,1.62,-558.52,2036.52,5076.24,2.515060575747471,True
call,0.16,2.0,0.0,0.0,True,True,21,-254.72,0.72,-479.46,38,-1059.95,0.49,-1217.33,-1059.95,-1314.67,-0.8707170611091488,False
call,0.16,2.0,0.0,20.0,False,False,227,2523.28,1.63,-481.86,188,3435.57,1.9,-359.11,2523.28,5958.85,5.2365417341136435,False
call,0.16,2.0,0.0,20.0,False,True,37,92.46,1.09,-412.44,30,-498.97,0.62,-656.34,-498.97,-406.51000000000005,-0.7602309778468477,False
call,0.16,2.0,0.0,20.0,True,False,177,2097.23,1.7,-514.48,181,3337.74,1.9,-444.51,2097.23,5434.969999999999,4.076407246151454,False
call,0.16,2.0,0.0,20.0,True,True,17,107.27,1.26,-237.86,28,-499.26,0.61,-656.63,-499.26,-391.99,-0.7603368716019676,False
call,0.16,2.0,0.0,25.0,False,False,248,2484.61,1.5,-669.44,230,2849.25,1.49,-990.5,2484.61,5333.860000000001,2.8765774861181224,True
call,0.16,2.0,0.0,25.0,False,True,47,-305.72,0.83,-613.37,52,-1608.73,0.45,-1766.11,-1608.73,-1914.45,-0.9108889027297281,False
call,0.16,2.0,0.0,25.0,True,False,191,2036.52,1.55,-809.73,204,3238.86,1.7,-443.23,2036.52,5275.38,2.515060575747471,True
call,0.16,2.0,0.0,25.0,True,True,21,-254.72,0.72,-479.46,35,-860.81,0.52,-1018.19,-860.81,-1115.53,-0.8454315992103634,False
call,0.16,2.0,0.3,0.0,False,False,252,-79.56,0.98,-1204.93,250,-5871.34,0.51,-6661.76,-5871.34,-5950.900000000001,-0.8813496733595927,False
call,0.16,2.0,0.3,0.0,False,True,51,-649.23,0.62,-801.17,68,-7332.69,0.17,-7402.31,-7332.69,-7981.92,-0.9905948278307717,False
call,0.16,2.0,0.3,0.0,True,False,191,-64.81,0.98,-1096.14,207,324.73,1.07,-611.19,-64.81,259.92,-0.05912565913113288,False
call,0.16,2.0,0.3,0.0,True,True,21,-495.1,0.45,-647.04,38,-1239.13,0.36,-1308.74,-1239.13,-1734.23,-0.9468114369546282,False
call,0.16,2.0,0.3,20.0,False,False,227,399.46,1.11,-775.48,188,773.56,1.2,-572.17,399.46,1173.02,0.5151132201991024,False
call,0.16,2.0,0.3,20.0,False,True,37,-2.54,1.0,-276.38,30,-796.59,0.4,-866.2,-796.59,-799.13,-0.9196374971138305,False
call,0.16,2.0,0.3,20.0,True,False,177,211.67,1.07,-771.14,181,763.25,1.21,-582.49,211.67,974.92,0.27448971652358845,False
call,0.16,2.0,0.3,20.0,True,True,17,-88.32,0.78,-249.89,28,-776.62,0.39,-846.24,-776.62,-864.94,-0.9177301947438079,False
call,0.16,2.0,0.3,25.0,False,False,248,41.44,1.01,-1031.9,230,160.87,1.03,-852.33,41.44,202.31,0.04015893012888845,False
call,0.16,2.0,0.3,25.0,False,True,47,-528.23,0.65,-680.17,52,-1602.25,0.38,-1671.87,-1602.25,-2130.48,-0.958358006304318,False
call,0.16,2.0,0.3,25.0,True,False,191,-64.81,0.98,-1096.14,204,552.69,1.12,-505.8,-64.81,487.88000000000005,-0.05912565913113288,False
call,0.16,2.0,0.3,25.0,True,True,21,-495.1,0.45,-647.04,35,-1011.17,0.38,-1080.78,-1011.17,-1506.27,-0.9355928125983086,False
call,0.16,2.0,0.5,0.0,False,False,252,-1529.44,0.68,-1934.93,250,-7240.77,0.38,-7397.67,-7240.77,-8770.210000000001,-0.9787906192084805,False
call,0.16,2.0,0.5,0.0,False,True,51,-994.71,0.42,-1110.41,68,-7175.17,0.14,-7220.54,-7175.17,-8169.88,-0.9937165364363331,False
call,0.16,2.0,0.5,0.0,True,False,191,-1252.77,0.65,-1629.54,207,-922.3,0.79,-1125.72,-1252.77,-2175.0699999999997,-0.8192978715844081,False
call,0.16,2.0,0.5,0.0,True,True,21,-627.35,0.3,-743.07,38,-1063.67,0.35,-1109.02,-1063.67,-1691.02,-0.9591080413337902,False
call,0.16,2.0,0.5,20.0,False,False,227,-837.02,0.77,-1403.99,188,-610.51,0.84,-928.49,-837.02,-1447.53,-0.6575299680125796,False
call,0.16,2.0,0.5,20.0,False,True,37,-244.54,0.67,-360.24,30,-858.45,0.31,-903.8,-858.45,-1102.99,-0.9498229696835584,False
call,0.16,2.0,0.5,20.0,True,False,177,-852.41,0.71,-1239.49,181,-572.47,0.84,-890.46,-852.41,-1424.88,-0.6877102679327788,False
call,0.16,2.0,0.5,20.0,True,True,17,-194.71,0.52,-310.44,28,-826.98,0.3,-872.33,-826.98,-1021.69,-0.9480127933236275,False
call,0.16,2.0,0.5,25.0,False,False,248,-1377.95,0.69,-1747.5,230,-1195.06,0.77,-1351.94,-1377.95,-2573.01,-0.8839593473083124,False
call,0.16,2.0,0.5,25.0,False,True,47,-843.22,0.43,-958.92,52,-1445.64,0.35,-1491.0,-1445.64,-2288.86,-0.9695774647887324,False
call,0.16,2.0,0.5,25.0,True,False,191,-1252.77,0.65,-1629.54,204,-840.62,0.81,-1003.11,-1252.77,-2093.39,-0.838013777153054,False
call,0.16,2.0,0.5,25.0,True,True,21,-627.35,0.3,-743.07,35,-981.99,0.33,-1027.34,-981.99,-1609.3400000000001,-0.955856873089727,False
call,0.16,3.0,0.0,0.0,False,False,252,5939.81,2.82,-511.25,250,4650.28,1.56,-5822.72,4650.28,10590.09,0.7986439327324686,False
call,0.16,3.0,0.0,0.0,False,True,51,449.92,1.28,-598.08,68,-3539.48,0.51,-5822.72,-3539.48,-3089.56,-0.6078739832930314,False
call,0.16,3.0,0.0,0.0,True,False,191,4037.31,2.53,-511.25,207,8714.93,6.09,-408.53,4037.31,12752.24,7.896938875305623,True
call,0.16,3.0,0.0,0.0,True,True,21,-368.29,0.66,-686.55,38,1077.53,2.2,-496.66,-368.29,709.24,-0.5364358021994029,False
call,0.16,3.0,0.0,20.0,False,False,227,5408.75,3.26,-398.31,188,7438.24,5.47,-408.53,5408.75,12846.99,13.57924731992669,False
call,0.16,3.0,0.0,20.0,False,True,37,562.69,1.73,-318.08,30,567.0,1.67,-496.66,562.69,1129.69,1.1416260620947931,False
call,0.16,3.0,0.0,20.0,True,False,177,4020.79,3.06,-398.31,181,7101.34,5.27,-408.53,4020.79,11122.130000000001,10.094624789736637,False
call,0.16,3.0,0.0,20.0,True,True,17,200.79,1.53,-235.71,28,462.8,1.54,-496.66,200.79,663.59,0.8518518518518517,False
call,0.16,3.0,0.0,25.0,False,False,248,5610.3,2.72,-511.25,230,9267.15,5.08,-408.53,5610.3,14877.45,10.973691931540342,True
call,0.16,3.0,0.0,25.0,False,True,47,120.41,1.07,-677.25,52,1136.28,1.78,-496.66,120.41,1256.69,0.1777925433739387,False
call,0.16,3.0,0.0,25.0,True,False,191,4037.31,2.53,-511.25,204,8461.67,5.94,-408.53,4037.31,12498.98,7.896938875305623,True
call,0.16,3.0,0.0,25.0,True,True,21,-368.29,0.66,-686.55,35,824.27,1.91,-496.66,-368.29,455.97999999999996,-0.5364358021994029,False
call,0.16,3.0,0.3,0.0,False,False,252,2829.0,1.96,-550.64,250,153.15,1.02,-5968.39,153.15,2982.15,0.025660186415431968,False
call,0.16,3.0,0.3,0.0,False,True,51,54.73,1.04,-643.71,68,-4731.78,0.35,-6021.18,-4731.78,-4677.05,-0.7858559285721403,False
call,0.16,3.0,0.3,0.0,True,False,191,1501.51,1.57,-713.26,207,5052.85,4.04,-408.53,1501.51,6554.360000000001,2.1051369766985393,True
call,0.16,3.0,0.3,0.0,True,True,21,-635.37,0.41,-800.26,38,465.95,1.55,-520.55,-635.37,-169.42000000000002,-0.7939544647989404,False
call,0.16,3.0,0.3,20.0,False,False,227,2790.37,2.34,-472.92,188,4140.98,3.49,-408.53,2790.37,6931.349999999999,5.900300262200795,False
call,0.16,3.0,0.3,20.0,False,True,37,429.51,1.92,-330.11,30,53.11,1.06,-520.55,53.11,482.62,0.10202670252617424,False
call,0.16,3.0,0.3,20.0,True,False,177,1739.34,1.9,-472.92,181,3928.87,3.36,-408.53,1739.34,5668.21,3.677873636132961,False
call,0.16,3.0,0.3,20.0,True,True,17,-21.5,0.94,-247.73,28,-13.05,0.98,-528.71,-21.5,-34.55,-0.0867880353610786,False
call,0.16,3.0,0.3,25.0,False,False,248,2611.91,1.89,-529.75,230,5203.44,3.34,-451.01,2611.91,7815.349999999999,4.9304577630957995,True
call,0.16,3.0,0.3,25.0,False,True,47,-162.36,0.88,-695.74,52,301.61,1.21,-727.66,-162.36,139.25,-0.23336303791646307,False
call,0.16,3.0,0.3,25.0,True,False,191,1501.51,1.57,-713.26,204,4885.74,3.94,-408.53,1501.51,6387.25,2.1051369766985393,True
call,0.16,3.0,0.3,25.0,True,True,21,-635.37,0.41,-800.26,35,298.84,1.35,-520.55,-635.37,-336.53000000000003,-0.7939544647989404,False
call,0.16,3.0,0.5,0.0,False,False,252,873.29,1.3,-731.38,250,-1925.0,0.75,-5782.64,-1925.0,-1051.71,-0.33289293471493986,False
call,0.16,3.0,0.5,0.0,False,True,51,-405.38,0.69,-670.14,68,-4895.26,0.27,-5881.93,-4895.26,-5300.64,-0.8322540390654088,False
call,0.16,3.0,0.5,0.0,True,False,191,97.81,1.04,-838.79,207,3268.69,3.5,-408.53,97.81,3366.5,0.11660844788326041,False
call,0.16,3.0,0.5,0.0,True,True,21,-781.43,0.27,-905.17,38,450.89,1.91,-408.53,-781.43,-330.53999999999996,-0.8632963973618215,False
call,0.16,3.0,0.5,20.0,False,False,227,1118.93,1.54,-529.59,188,2640.68,3.02,-408.53,1118.93,3759.6099999999997,2.1128231273249116,False
call,0.16,3.0,0.5,20.0,False,True,37,122.04,1.26,-336.12,30,165.83,1.33,-408.53,122.04,287.87,0.36308461263834346,False
call,0.16,3.0,0.5,20.0,True,False,177,481.23,1.25,-510.66,181,2497.78,2.91,-408.53,481.23,2979.01,0.9423686993302784,False
call,0.16,3.0,0.5,20.0,True,True,17,-141.7,0.63,-265.44,28,121.03,1.24,-419.42,-141.7,-20.669999999999987,-0.5338306208559372,False
call,0.16,3.0,0.5,25.0,False,False,248,723.14,1.25,-656.36,230,3439.72,3.08,-493.16,723.14,4162.86,1.101742945944299,False
call,0.16,3.0,0.5,25.0,False,True,47,-555.53,0.58,-806.59,52,408.04,1.49,-493.16,-555.53,-147.48999999999995,-0.6887390123854746,False
call,0.16,3.0,0.5,25.0,True,False,191,97.81,1.04,-838.79,204,3153.01,3.41,-408.53,97.81,3250.82,0.11660844788326041,False
call,0.16,3.0,0.5,25.0,True,True,21,-781.43,0.27,-905.17,35,335.21,1.67,-408.53,-781.43,-446.21999999999997,-0.8632963973618215,False
call,0.2,1.5,0.0,0.0,False,False,252,-1904.29,0.78,-3478.33,250,-7377.11,0.55,-7986.75,-7377.11,-9281.4,-0.923668576079131,False
call,0.2,1.5,0.0,0.0,False,True,51,-1656.77,0.43,-1751.99,68,-8713.91,0.18,-8713.85,-8713.91,-10370.68,-1.0000068855901811,False
call,0.2,1.5,0.0,0.0,True,False,191,-818.14,0.87,-2396.5,207,-184.55,0.98,-1253.76,-818.14,-1002.69,-0.34138952639265596,False
call,0.2,1.5,0.0,0.0,True,True,21,-916.45,0.33,-1011.69,38,-1928.13,0.29,-1928.09,-1928.13,-2844.58,-1.0000207459195372,False
call,0.2,1.5,0.0,20.0,False,False,227,-1002.95,0.85,-2525.72,188,1219.14,1.2,-694.88,-1002.95,216.19000000000005,-0.39709468983101853,False
call,0.2,1.5,0.0,20.0,False,True,37,-627.69,0.59,-722.91,30,-1083.16,0.41,-1083.1,-1083.16,-1710.8500000000001,-1.0000553965469487,False
call,0.2,1.5,0.0,20.0,True,False,177,-327.26,0.94,-1895.49,181,1188.36,1.2,-694.88,-327.26,861.0999999999999,-0.17265192641480567,False
call,0.2,1.5,0.0,20.0,True,True,17,-373.14,0.49,-468.38,28,-1091.4,0.38,-1091.34,-1091.4,-1464.54,-1.0000549782835781,False
call,0.2,1.5,0.0,25.0,False,False,248,-1671.13,0.8,-3130.79,230,-1030.2,0.89,-1874.0,-1671.13,-2701.33,-0.5497331910352188,False
call,0.2,1.5,0.0,25.0,False,True,47,-1423.61,0.45,-1518.84,52,-2721.95,0.27,-2721.9,-2721.95,-4145.5599999999995,-1.00001836952129,False
call,0.2,1.5,0.0,25.0,True,False,191,-818.14,0.87,-2396.5,204,35.9,1.0,-1155.2,-818.14,-782.24,-0.34138952639265596,False
call,0.2,1.5,0.0,25.0,True,True,21,-916.45,0.33,-1011.69,35,-1707.68,0.28,-1707.64,-1707.68,-2624.13,-1.0000234241409196,False
call,0.2,1.5,0.3,0.0,False,False,252,-3325.07,0.58,-3886.04,250,-10299.42,0.37,-10400.12,-10299.42,-13624.49,-0.9903174194143913,False
call,0.2,1.5,0.3,0.0,False,True,51,-1459.11,0.41,-1581.0,68,-9341.11,0.12,-9341.1,-9341.11,-10800.220000000001,-1.0000010705377311,False
call,0.2,1.5,0.3,0.0,True,False,191,-2420.28,0.59,-3029.55,207,-2720.6,0.65,-2821.33,-2720.6,-5140.88,-0.9642969805021037,False
call,0.2,1.5,0.3,0.0,True,True,21,-991.66,0.25,-1113.56,38,-2194.38,0.19,-2194.38,-2194.38,-3186.04,-1.0,False
call,0.2,1.5,0.3,20.0,False,False,227,-2137.25,0.65,-2906.57,188,-1252.21,0.79,-1352.89,-2137.25,-3389.46,-0.925581532866678,False
call,0.2,1.5,0.3,20.0,False,True,37,-311.21,0.71,-433.11,30,-1341.07,0.27,-1341.04,-1341.07,-1652.28,-1.0000223706973692,False
call,0.2,1.5,0.3,20.0,True,False,177,-1760.87,0.64,-2501.69,181,-1191.6,0.8,-1292.29,-1760.87,-2952.47,-0.9220840523411927,False
call,0.2,1.5,0.3,20.0,True,True,17,-421.49,0.39,-543.4,28,-1323.43,0.25,-1323.4,-1323.43,-1744.92,-1.0000226688831797,False
call,0.2,1.5,0.3,25.0,False,False,248,-3054.2,0.6,-3538.49,230,-3637.5,0.6,-3738.2,-3637.5,-6691.7,-0.9730619014498957,False
call,0.2,1.5,0.3,25.0,False,True,47,-1188.24,0.44,-1310.14,52,-3063.78,0.18,-3063.77,-3063.78,-4252.02,-1.0000032639525813,False
call,0.2,1.5,0.3,25.0,True,False,191,-2420.28,0.59,-3029.55,204,-2465.93,0.67,-2566.65,-2465.93,-4886.21,-0.9607581867414723,False
call,0.2,1.5,0.3,25.0,True,True,21,-991.66,0.25,-1113.56,35,-1939.71,0.18,-1939.7,-1939.71,-2931.37,-1.0000051554364078,False
call,0.2,1.5,0.5,0.0,False,False,252,-4422.43,0.42,-4532.88,250,-11554.73,0.27,-11632.03,-11554.73,-15977.16,-0.9933545563414123,False
call,0.2,1.5,0.5,0.0,False,True,51,-1618.88,0.31,-1702.26,68,-9233.16,0.1,-9233.15,-9233.16,-10852.04,-1.0000010830539956,False
call,0.2,1.5,0.5,0.0,True,False,191,-3300.04,0.42,-3410.51,207,-3817.36,0.48,-3894.68,-3817.36,-7117.4,-0.9801472778251359,False
call,0.2,1.5,0.5,0.0,True,True,21,-936.83,0.23,-1020.22,38,-2020.19,0.18,-2020.19,-2020.19,-2957.02,-1.0,False
call,0.2,1.5,0.5,20.0,False,False,227,-3063.62,0.48,-3259.16,188,-2772.71,0.55,-2850.01,-3063.62,-5836.33,-0.9728772881498661,False
call,0.2,1.5,0.5,20.0,False,True,37,-399.78,0.59,-483.16,30,-1493.03,0.18,-1493.0,-1493.03,-1892.81,-1.000020093770931,False
call,0.2,1.5,0.5,20.0,True,False,177,-2540.26,0.46,-2748.85,181,-2659.18,0.55,-2736.48,-2659.18,-5199.4400000000005,-0.9717520318072852,False
call,0.2,1.5,0.5,20.0,True,True,17,-350.76,0.4,-434.15,28,-1460.13,0.17,-1460.11,-1460.13,-1810.89,-1.0000136975981264,False
call,0.2,1.5,0.5,25.0,False,False,248,-4128.43,0.43,-4238.88,230,-4879.86,0.44,-4957.15,-4879.86,-9008.29,-0.9844083798150147,False
call,0.2,1.5,0.5,25.0,False,True,47,-1324.88,0.34,-1408.26,52,-2960.64,0.15,-2960.62,-2960.64,-4285.52,-1.0000067553417864,False
call,0.2,1.5,0.5,25.0,True,False,191,-3300.04,0.42,-3410.51,204,-3722.92,0.48,-3800.23,-3722.92,-7022.96,-0.9796564944753344,False
call,0.2,1.5,0.5,25.0,True,True,21,-936.83,0.23,-1020.22,35,-1925.75,0.15,-1925.74,-1925.75,-2862.58,-1.0000051928089981,False
call,0.2,2.0,0.0,0.0,False,False,252,4087.94,1.65,-669.79,250,-497.7,0.96,-6822.82,-497.7,3590.2400000000002,-0.07294637701126513,False
call,0.2,2.0,0.0,0.0,False,True,51,-336.43,0.86,-798.57,68,-7159.43,0.3,-7484.28,-7159.43,-7495.860000000001,-0.9565956912354964,False
call,0.2,2.0,0.0,0.0,True,False,191,3481.96,1.79,-599.75,207,5726.51,2.04,-622.1,3481.96,9208.470000000001,5.80568570237599,True
call,0.2,2.0,0.0,0.0,True,True,21,-181.2,0.83,-545.74,38,-947.12,0.61,-1271.99,-947.12,-1128.32,-0.7445970487189365,False
call,0.2,2.0,0.0,20.0,False,False,227,4078.05,1.83,-492.58,188,5767.47,2.32,-387.94,4078.05,9845.52,8.278959762881158,False
call,0.2,2.0,0.0,20.0,False,True,37,156.75,1.12,-411.32,30,-213.5,0.85,-538.39,-213.5,-56.75,-0.3965526848567024,False
call,0.2,2.0,0.0,20.0,True,False,177,3461.5,1.96,-479.23,181,5615.53,2.35,-427.05,3461.5,9077.029999999999,7.223045301838366,False
call,0.2,2.0,0.0,20.0,True,True,17,226.1,1.47,-275.55,28,-196.77,0.86,-521.65,-196.77,29.329999999999984,-0.3772069395188345,False
call,0.2,2.0,0.0,25.0,False,False,248,4165.64,1.69,-492.58,230,5575.75,1.83,-1117.34,4165.64,9741.39,4.990199939141175,True
call,0.2,2.0,0.0,25.0,False,True,47,-258.73,0.88,-701.28,52,-1440.93,0.58,-1765.78,-1440.93,-1699.66,-0.8160303095515863,False
call,0.2,2.0,0.0,25.0,True,False,191,3481.96,1.79,-599.75,204,6005.87,2.17,-600.86,3481.96,9487.83,5.80568570237599,True
call,0.2,2.0,0.0,25.0,True,True,21,-181.2,0.83,-545.74,35,-667.76,0.67,-992.63,-667.76,-848.96,-0.6727179311525946,False
call,0.2,2.0,0.3,0.0,False,False,252,1057.1,1.18,-976.31,250,-4257.19,0.68,-6887.9,-4257.19,-3200.0899999999997,-0.618067916200874,False
call,0.2,2.0,0.3,0.0,False,True,51,-596.32,0.71,-816.67,68,-7490.13,0.23,-7680.47,-7490.13,-8086.45,-0.9752176624607608,False
call,0.2,2.0,0.3,0.0,True,False,191,745.96,1.17,-968.26,207,2099.37,1.39,-720.27,745.96,2845.33,0.7704129056245224,False
call,0.2,2.0,0.3,0.0,True,True,21,-491.46,0.54,-708.24,38,-1199.58,0.46,-1344.44,-1199.58,-1691.04,-0.892252536372021,False
call,0.2,2.0,0.3,20.0,False,False,227,1524.25,1.35,-692.69,188,2257.26,1.52,-522.84,1524.25,3781.51,2.20047929088048,False
call,0.2,2.0,0.3,20.0,False,True,37,129.18,1.14,-344.69,30,-647.75,0.56,-792.62,-647.75,-518.5699999999999,-0.8172264136660695,False
call,0.2,2.0,0.3,20.0,True,False,177,1000.34,1.28,-658.99,181,2224.17,1.53,-555.71,1000.34,3224.51,1.5179896508292994,False
call,0.2,2.0,0.3,20.0,True,True,17,-28.05,0.94,-275.55,28,-605.14,0.56,-750.0,-605.14,-633.1899999999999,-0.8068533333333333,False
call,0.2,2.0,0.3,25.0,False,False,248,1207.87,1.22,-748.87,230,2200.77,1.36,-776.85,1207.87,3408.64,1.612923471363521,False
call,0.2,2.0,0.3,25.0,False,True,47,-445.55,0.75,-665.91,52,-1416.76,0.51,-1600.47,-1416.76,-1862.31,-0.8852149681031197,False
call,0.2,2.0,0.3,25.0,True,False,191,745.96,1.17,-968.26,204,2412.95,1.49,-539.47,745.96,3158.91,0.7704129056245224,False
call,0.2,2.0,0.3,25.0,True,True,21,-491.46,0.54,-708.24,35,-886.0,0.52,-1030.86,-886.0,-1377.46,-0.8594765535572242,False
call,0.2,2.0,0.5,0.0,False,False,252,-897.06,0.84,-1806.75,250,-6270.33,0.51,-7244.84,-6270.33,-7167.389999999999,-0.8654890929268279,False
call,0.2,2.0,0.5,0.0,False,True,51,-1062.31,0.49,-1228.6,68,-7344.63,0.19,-7408.1,-7344.63,-8406.94,-0.9914323510751745,False
call,0.2,2.0,0.5,0.0,True,False,191,-813.82,0.81,-1609.9,207,287.76,1.06,-905.18,-813.82,-526.0600000000001,-0.5055096589850301,False
call,0.2,2.0,0.5,0.0,True,True,21,-670.29,0.37,-836.6,38,-998.58,0.46,-1062.06,-998.58,-1668.87,-0.9402293655725666,False
call,0.2,2.0,0.5,20.0,False,False,227,-145.87,0.97,-1185.95,188,300.15,1.07,-810.17,-145.87,154.27999999999997,-0.12299844006914289,False
call,0.2,2.0,0.5,20.0,False,True,37,-197.93,0.78,-367.8,30,-773.43,0.44,-836.89,-773.43,-971.3599999999999,-0.9241716354598573,False
call,0.2,2.0,0.5,20.0,True,False,177,-396.19,0.89,-1167.93,181,336.29,1.08,-774.03,-396.19,-59.89999999999998,-0.3392240973346005,False
call,0.2,2.0,0.5,20.0,True,True,17,-173.47,0.64,-339.78,28,-715.56,0.44,-779.02,-715.56,-889.03,-0.9185386767990552,False
call,0.2,2.0,0.5,25.0,False,False,248,-701.59,0.87,-1557.74,230,184.0,1.03,-843.6,-701.59,-517.59,-0.450389667081798,False
call,0.2,2.0,0.5,25.0,False,True,47,-866.84,0.51,-1033.13,52,-1292.65,0.48,-1356.11,-1292.65,-2159.4900000000002,-0.9532043860748761,False
call,0.2,2.0,0.5,25.0,True,False,191,-813.82,0.81,-1609.9,204,382.2,1.08,-751.57,-813.82,-431.62000000000006,-0.5055096589850301,False
call,0.2,2.0,0.5,25.0,True,True,21,-670.29,0.37,-836.6,35,-904.14,0.45,-967.61,-904.14,-1574.4299999999998,-0.9344053906015853,False
call,0.2,3.0,0.0,0.0,False,False,252,8774.39,3.37,-636.22,250,8749.66,1.97,-6200.92,8749.66,17524.05,1.4110261058036548,False
call,0.2,3.0,0.0,0.0,False,True,51,770.33,1.39,-712.64,68,-2831.87,0.65,-6200.92,-2831.87,-2061.54,-0.456685459576966,False
call,0.2,3.0,0.0,0.0,True,False,191,6086.98,3.03,-636.22,207,12244.4,7.15,-484.25,6086.98,18331.379999999997,9.567413787683504,True
call,0.2,3.0,0.0,0.0,True,True,21,-313.56,0.75,-800.59,38,1446.82,2.18,-583.43,-313.56,1133.26,-0.3916611499019473,False
call,0.2,3.0,0.0,20.0,False,False,227,7943.82,3.97,-473.39,188,10605.7,6.92,-484.25,7943.82,18549.52,16.780709351697332,False
call,0.2,3.0,0.0,20.0,False,True,37,792.44,1.83,-423.38,30,874.85,1.85,-583.43,792.44,1667.29,1.4994943695044822,False
call,0.2,3.0,0.0,20.0,True,False,177,5971.76,3.75,-473.39,181,10130.08,6.66,-484.25,5971.76,16101.84,12.61488413358964,False
call,0.2,3.0,0.0,20.0,True,True,17,348.59,1.78,-275.55,28,734.93,1.72,-583.43,348.59,1083.52,1.2596712544778295,False
call,0.2,3.0,0.0,25.0,False,False,248,8320.92,3.25,-636.22,230,13430.33,6.47,-484.25,8320.92,21751.25,13.078683474269907,True
call,0.2,3.0,0.0,25.0,False,True,47,316.86,1.16,-827.03,52,1930.72,2.14,-583.43,316.86,2247.58,0.3831299952843307,False
call,0.2,3.0,0.0,25.0,True,False,191,6086.98,3.03,-636.22,204,11900.77,6.98,-484.25,6086.98,17987.75,9.567413787683504,True
call,0.2,3.0,0.0,25.0,True,True,21,-313.56,0.75,-800.59,35,1103.19,1.9,-583.43,-313.56,789.6300000000001,-0.3916611499019473,False
call,0.2,3.0,0.3,0.0,False,False,252,4814.43,2.43,-659.78,250,3033.22,1.35,-6413.87,3033.22,7847.65,0.47291572794584236,False
call,0.2,3.0,0.3,0.0,False,True,51,264.03,1.16,-773.92,68,-4287.85,0.45,-6489.35,-4287.85,-4023.8200000000006,-0.6607518472574295,False
call,0.2,3.0,0.3,0.0,True,False,191,2867.7,1.96,-659.78,207,7702.83,5.3,-484.25,2867.7,10570.529999999999,4.3464488162720905,True
call,0.2,3.0,0.3,0.0,True,True,21,-655.29,0.48,-904.61,38,822.29,1.8,-612.71,-655.29,167.0,-0.7243895159239893,False
call,0.2,3.0,0.3,20.0,False,False,227,4612.85,2.97,-495.69,188,6388.1,4.57,-484.25,4612.85,11000.95,9.305917004579475,False
call,0.2,3.0,0.3,20.0,False,True,37,622.04,1.99,-440.9,30,216.99,1.21,-612.71,216.99,839.03,0.3541479655954693,False
call,0.2,3.0,0.3,20.0,True,False,177,3075.69,2.42,-495.69,181,6078.9,4.39,-484.25,3075.69,9154.59,6.2048659444410825,False
call,0.2,3.0,0.3,20.0,True,True,17,62.97,1.14,-275.55,28,125.83,1.12,-614.16,62.97,188.8,0.20488146411358604,False
call,0.2,3.0,0.3,25.0,False,False,248,4510.58,2.34,-659.78,230,8321.98,4.69,-484.25,4510.58,12832.56,6.8364909515292975,True
call,0.2,3.0,0.3,25.0,False,True,47,-39.82,0.98,-850.6,52,980.52,1.66,-754.19,-39.82,940.6999999999999,-0.0468140136374324,False
call,0.2,3.0,0.3,25.0,True,False,191,2867.7,1.96,-659.78,204,7472.45,5.17,-484.25,2867.7,10340.15,4.3464488162720905,True
call,0.2,3.0,0.3,25.0,True,True,21,-655.29,0.48,-904.61,35,591.91,1.58,-612.71,-655.29,-63.379999999999995,-0.7243895159239893,False
call,0.2,3.0,0.5,0.0,False,False,252,2156.94,1.64,-688.01,250,111.3,1.01,-6347.47,111.3,2268.2400000000002,0.017534545259764913,False
call,0.2,3.0,0.5,0.0,False,True,51,-363.16,0.78,-810.77,68,-4580.63,0.35,-6398.93,-4580.63,-4943.79,-0.7158431175212105,False
call,0.2,3.0,0.5,0.0,True,False,191,968.88,1.32,-847.87,207,5174.45,4.77,-484.25,968.88,6143.33,1.1427223513038556,True
call,0.2,3.0,0.5,0.0,True,True,21,-851.11,0.33,-1033.38,38,718.12,2.19,-484.25,-851.11,-132.99,-0.8236176430741837,False
call,0.2,3.0,0.5,20.0,False,False,227,2330.69,1.99,-557.51,188,4281.07,4.12,-484.25,2330.69,6611.76,4.180534878298147,False
call,0.2,3.0,0.5,20.0,False,True,37,196.77,1.31,-450.59,30,317.94,1.53,-484.25,196.77,514.71,0.43669411216405163,False
call,0.2,3.0,0.5,20.0,True,False,177,1368.37,1.63,-557.51,181,4068.81,3.97,-484.25,1368.37,5437.18,2.454431310649136,False
call,0.2,3.0,0.5,20.0,True,True,17,-99.44,0.78,-281.71,28,255.29,1.42,-491.21,-99.44,155.85,-0.3529871144084342,False
call,0.2,3.0,0.5,25.0,False,False,248,1944.81,1.58,-673.5,230,5773.44,4.7,-484.25,1944.81,7718.25,2.8876169265033407,True
call,0.2,3.0,0.5,25.0,False,True,47,-575.29,0.65,-920.81,52,998.92,2.26,-484.25,-575.29,423.63,-0.6247651524201518,False
call,0.2,3.0,0.5,25.0,True,False,191,968.88,1.32,-847.87,204,5013.58,4.66,-484.25,968.88,5982.46,1.1427223513038556,True
call,0.2,3.0,0.5,25.0,True,True,21,-851.11,0.33,-1033.38,35,557.25,1.92,-484.25,-851.11,-293.86,-0.8236176430741837,False
