structure,delta,stop_mult,tp_mult,vix_max,skip_bwd,trend_filter,trades24,pnl24,pf24,maxdd24,trades25,pnl25,pf25,maxdd25,worst_year_pnl,total_pnl,development_score,eligible
strangle,0.1,1.5,0.0,0.0,False,False,249,-8895.1,0.05,-8926.52,203,-13039.09,0.06,-13039.08,-13039.09,-21934.190000000002,-1.000000766925274,False
strangle,0.1,1.5,0.0,0.0,False,True,249,-5112.88,0.23,-5161.74,247,-9862.11,0.21,-9889.43,-9862.11,-14974.990000000002,-0.9972374545347912,False
strangle,0.1,1.5,0.0,0.0,True,False,188,-5493.8,0.08,-5525.21,204,-6425.15,0.14,-6461.57,-6425.15,-11918.95,-0.9943635989395766,False
strangle,0.1,1.5,0.0,0.0,True,True,188,-3348.18,0.28,-3396.97,204,-3915.69,0.35,-3942.98,-3915.69,-7263.87,-0.993078838847775,False
strangle,0.1,1.5,0.0,20.0,False,False,224,-8024.7,0.04,-8056.13,185,-5380.51,0.16,-5416.89,-8024.7,-13405.21,-0.9960986230361227,False
strangle,0.1,1.5,0.0,20.0,False,True,224,-4341.45,0.23,-4390.31,185,-3342.19,0.36,-3369.48,-4341.45,-7683.639999999999,-0.9919008274273775,False
strangle,0.1,1.5,0.0,20.0,True,False,174,-5074.15,0.07,-5105.58,178,-5012.84,0.17,-5049.23,-5074.15,-10086.99,-0.9938439903008081,False
strangle,0.1,1.5,0.0,20.0,True,True,174,-3047.18,0.27,-3095.98,178,-3216.1,0.36,-3243.4,-3216.1,-6263.28,-0.99158290682617,False
strangle,0.1,1.5,0.0,25.0,False,False,245,-8686.02,0.05,-8717.44,227,-8114.32,0.11,-8150.71,-8686.02,-16800.34,-0.9963957308567652,False
strangle,0.1,1.5,0.0,25.0,False,True,245,-4964.92,0.23,-5013.79,227,-4696.69,0.32,-4724.0,-4964.92,-9661.61,-0.9942188823031328,False
strangle,0.1,1.5,0.0,25.0,True,False,188,-5493.8,0.08,-5525.21,201,-6121.31,0.15,-6157.72,-6121.31,-11615.11,-0.9943151482025118,False
strangle,0.1,1.5,0.0,25.0,True,True,188,-3348.18,0.28,-3396.97,201,-3794.33,0.35,-3821.63,-3794.33,-7142.51,-0.9928564513048097,False
strangle,0.1,1.5,0.3,0.0,False,False,249,-9758.99,0.02,-9780.11,165,-13048.68,0.02,-13101.6,-13048.68,-22807.67,-0.9978405150862311,False
strangle,0.1,1.5,0.3,0.0,False,True,249,-5196.34,0.15,-5242.6,247,-10676.56,0.13,-10681.96,-10676.56,-15872.9,-0.9994944747967601,False
strangle,0.1,1.5,0.3,0.0,True,False,188,-6366.03,0.02,-6387.13,204,-8125.18,0.06,-8147.76,-8125.18,-14491.21,-0.9972286861665046,False
strangle,0.1,1.5,0.3,0.0,True,True,188,-3555.29,0.18,-3601.49,204,-4619.02,0.22,-4624.4,-4619.02,-8174.31,-0.9988366058299457,False
strangle,0.1,1.5,0.3,20.0,False,False,224,-8602.01,0.01,-8623.11,185,-7080.14,0.06,-7102.72,-8602.01,-15682.150000000001,-0.9975530869952952,False
strangle,0.1,1.5,0.3,20.0,False,True,224,-4306.38,0.15,-4359.22,185,-4060.92,0.22,-4066.31,-4306.38,-8367.3,-0.9986744739087773,False
strangle,0.1,1.5,0.3,20.0,True,False,174,-5776.64,0.02,-5797.74,178,-6667.77,0.07,-6690.35,-6667.77,-12444.41,-0.9966249897240055,False
strangle,0.1,1.5,0.3,20.0,True,True,174,-3165.1,0.17,-3217.88,178,-3910.56,0.22,-3915.96,-3910.56,-7075.66,-0.9986210277939509,False
strangle,0.1,1.5,0.3,25.0,False,False,245,-9515.06,0.02,-9536.17,227,-9972.34,0.05,-9994.91,-9972.34,-19487.4,-0.9977863230206676,False
strangle,0.1,1.5,0.3,25.0,False,True,245,-5032.19,0.15,-5078.46,227,-5549.12,0.19,-5554.52,-5549.12,-10581.31,-0.9990278187854215,False
strangle,0.1,1.5,0.3,25.0,True,False,188,-6366.03,0.02,-6387.13,201,-7891.66,0.06,-7914.25,-7891.66,-14257.689999999999,-0.9971456549894178,False
strangle,0.1,1.5,0.3,25.0,True,True,188,-3555.29,0.18,-3601.49,201,-4567.99,0.21,-4573.38,-4567.99,-8123.28,-0.9988214405975449,False
strangle,0.1,1.5,0.5,0.0,False,False,249,-10397.45,0.01,-10413.64,152,-13094.33,0.01,-13136.98,-13094.33,-23491.78,-0.9984453082687706,False
strangle,0.1,1.5,0.5,0.0,False,True,249,-5512.93,0.1,-5533.47,247,-10952.07,0.09,-10952.09,-10952.07,-16465.0,-0.9999981738645317,False
strangle,0.1,1.5,0.5,0.0,True,False,188,-6954.74,0.01,-6970.94,204,-8886.56,0.04,-8886.65,-8886.56,-15841.3,-0.9999898724491231,False
strangle,0.1,1.5,0.5,0.0,True,True,188,-3825.64,0.11,-3846.13,204,-4849.07,0.15,-4849.09,-4849.07,-8674.71,-0.9999958755147872,False
strangle,0.1,1.5,0.5,20.0,False,False,224,-9150.54,0.01,-9166.73,185,-7972.55,0.04,-7972.62,-9150.54,-17123.09,-0.9999912199502798,False
strangle,0.1,1.5,0.5,20.0,False,True,224,-4561.96,0.09,-4591.54,185,-4471.31,0.14,-4471.34,-4561.96,-9033.27,-0.9999932906019225,False
strangle,0.1,1.5,0.5,20.0,True,False,174,-6278.18,0.01,-6294.38,178,-7538.37,0.04,-7538.45,-7538.37,-13816.55,-0.9999893877388588,False
strangle,0.1,1.5,0.5,20.0,True,True,174,-3389.99,0.1,-3419.52,178,-4308.77,0.14,-4308.81,-4308.77,-7698.76,-0.9999907166944005,False
strangle,0.1,1.5,0.5,25.0,False,False,245,-10193.43,0.01,-10209.62,227,-10734.22,0.03,-10734.32,-10734.22,-20927.65,-0.9999906840861833,False
strangle,0.1,1.5,0.5,25.0,False,True,245,-5339.99,0.1,-5360.54,227,-5732.75,0.14,-5732.77,-5732.75,-11072.74,-0.9999965112851203,False
strangle,0.1,1.5,0.5,25.0,True,False,188,-6954.74,0.01,-6970.94,201,-8633.5,0.04,-8633.59,-8633.5,-15588.24,-0.9999895755994899,False
strangle,0.1,1.5,0.5,25.0,True,True,188,-3825.64,0.11,-3846.13,201,-4778.5,0.15,-4778.53,-4778.5,-8604.14,-0.9999937219186654,False
strangle,0.1,2.0,0.0,0.0,False,False,249,-3659.61,0.46,-3726.02,247,-8226.29,0.34,-8399.75,-8226.29,-11885.900000000001,-0.9821766925566691,False
strangle,0.1,2.0,0.0,0.0,False,True,249,-2567.49,0.54,-2645.73,247,-7149.99,0.37,-7237.4,-7149.99,-9717.48,-0.9879224583413934,False
strangle,0.1,2.0,0.0,0.0,True,False,188,-1843.95,0.58,-1875.38,204,-1462.53,0.72,-1636.0,-1843.95,-3306.48,-0.9832407298787446,False
strangle,0.1,2.0,0.0,0.0,True,True,188,-1652.77,0.59,-1730.96,204,-1831.71,0.65,-1919.09,-1831.71,-3484.48,-0.9548285344548689,False
strangle,0.1,2.0,0.0,20.0,False,False,224,-3455.27,0.42,-3486.72,185,-831.59,0.82,-1471.47,-3455.27,-4286.86,-0.9909800614904553,False
strangle,0.1,2.0,0.0,20.0,False,True,224,-2138.87,0.55,-2217.11,185,-1278.83,0.71,-1366.21,-2138.87,-3417.7,-0.9647108172350491,False
strangle,0.1,2.0,0.0,20.0,True,False,174,-1741.59,0.56,-1773.03,178,-608.46,0.86,-1248.35,-1741.59,-2350.05,-0.9822676435254902,False
strangle,0.1,2.0,0.0,20.0,True,True,174,-1508.77,0.58,-1586.97,178,-1247.34,0.71,-1334.74,-1508.77,-2756.1099999999997,-0.9507237061822215,False
strangle,0.1,2.0,0.0,25.0,False,False,245,-3553.77,0.46,-3585.22,227,-2562.87,0.61,-2736.31,-3553.77,-6116.639999999999,-0.9912278744400623,False
strangle,0.1,2.0,0.0,25.0,False,True,245,-2419.53,0.55,-2497.77,227,-2244.5,0.62,-2331.89,-2419.53,-4664.030000000001,-0.9686760590446679,False
strangle,0.1,2.0,0.0,25.0,True,False,188,-1843.95,0.58,-1875.38,201,-1176.49,0.76,-1349.95,-1843.95,-3020.44,-0.9832407298787446,False
strangle,0.1,2.0,0.0,25.0,True,True,188,-1652.77,0.59,-1730.96,201,-1704.75,0.66,-1792.13,-1704.75,-3357.52,-0.9548285344548689,False
strangle,0.1,2.0,0.3,0.0,False,False,249,-6014.32,0.23,-6035.4,247,-11416.9,0.18,-11509.76,-11416.9,-17431.22,-0.9965072737515326,False
strangle,0.1,2.0,0.3,0.0,False,True,249,-3442.6,0.33,-3480.58,247,-8559.1,0.23,-8594.21,-8559.1,-12001.7,-0.9959146914027003,False
strangle,0.1,2.0,0.3,0.0,True,False,188,-3741.73,0.27,-3762.79,204,-4217.16,0.36,-4310.06,-4217.16,-7958.889999999999,-0.9944030891971117,False
strangle,0.1,2.0,0.3,0.0,True,True,188,-2433.34,0.34,-2471.28,204,-2994.66,0.4,-3029.77,-2994.66,-5428.0,-0.9884116616112774,False
strangle,0.1,2.0,0.3,20.0,False,False,224,-5367.8,0.2,-5388.87,185,-3645.78,0.38,-3738.67,-5367.8,-9013.58,-0.9960900893879422,False
strangle,0.1,2.0,0.3,20.0,False,True,224,-2819.74,0.33,-2887.11,185,-2549.53,0.42,-2584.64,-2819.74,-5369.27,-0.9864159031818746,False
strangle,0.1,2.0,0.3,20.0,True,False,174,-3395.4,0.26,-3416.45,178,-3344.56,0.39,-3437.46,-3395.4,-6739.96,-0.9938386336694522,False
strangle,0.1,2.0,0.3,20.0,True,True,174,-2163.83,0.33,-2231.16,178,-2472.21,0.41,-2507.34,-2472.21,-4636.04,-0.9859891358970063,False
strangle,0.1,2.0,0.3,25.0,False,False,245,-5844.13,0.23,-5865.21,227,-5714.18,0.3,-5807.06,-5844.13,-11558.310000000001,-0.9964059257895285,False
strangle,0.1,2.0,0.3,25.0,False,True,245,-3278.45,0.34,-3316.44,227,-3641.25,0.38,-3676.36,-3641.25,-6919.7,-0.9904497927297653,False
strangle,0.1,2.0,0.3,25.0,True,False,188,-3741.73,0.27,-3762.79,201,-4108.06,0.36,-4200.96,-4108.06,-7849.790000000001,-0.9944030891971117,False
strangle,0.1,2.0,0.3,25.0,True,True,188,-2433.34,0.34,-2471.28,201,-2943.63,0.4,-2978.75,-2943.63,-5376.97,-0.9882098195551826,False
strangle,0.1,2.0,0.5,0.0,False,False,249,-7095.22,0.13,-7111.42,225,-12504.44,0.11,-12513.6,-12504.44,-19599.66,-0.9992679964198952,False
strangle,0.1,2.0,0.5,0.0,False,True,249,-3929.55,0.21,-3949.99,247,-9085.71,0.16,-9098.97,-9085.71,-13015.259999999998,-0.9985426921948308,False
strangle,0.1,2.0,0.5,0.0,True,False,188,-4686.66,0.15,-4702.91,204,-5535.06,0.21,-5591.95,-5535.06,-10221.720000000001,-0.9965446925414265,False
strangle,0.1,2.0,0.5,0.0,True,True,188,-2829.24,0.21,-2849.68,204,-3456.03,0.28,-3469.28,-3456.03,-6285.27,-0.996180763731956,False
strangle,0.1,2.0,0.5,20.0,False,False,224,-6321.02,0.12,-6337.24,185,-5063.06,0.21,-5119.97,-6321.02,-11384.080000000002,-0.9974405261596532,False
strangle,0.1,2.0,0.5,20.0,False,True,224,-3207.18,0.21,-3243.12,185,-3207.69,0.26,-3220.97,-3207.69,-6414.87,-0.9958770184137078,False
strangle,0.1,2.0,0.5,20.0,True,False,174,-4215.65,0.14,-4231.9,178,-4723.79,0.22,-4780.7,-4723.79,-8939.439999999999,-0.9961601172050379,False
strangle,0.1,2.0,0.5,20.0,True,True,174,-2496.04,0.21,-2531.97,178,-3107.83,0.26,-3121.12,-3107.83,-5603.87,-0.9957419131593787,False
strangle,0.1,2.0,0.5,25.0,False,False,245,-6991.28,0.13,-7007.48,227,-7037.03,0.18,-7093.95,-7037.03,-14028.31,-0.9976881846255715,False
strangle,0.1,2.0,0.5,25.0,False,True,245,-3756.61,0.21,-3777.06,227,-4044.69,0.27,-4057.94,-4044.69,-7801.3,-0.9967347964730874,False
strangle,0.1,2.0,0.5,25.0,True,False,188,-4686.66,0.15,-4702.91,201,-5388.48,0.21,-5445.37,-5388.48,-10075.14,-0.9965446925414265,False
strangle,0.1,2.0,0.5,25.0,True,True,188,-2829.24,0.21,-2849.68,201,-3385.46,0.28,-3398.71,-3385.46,-6214.7,-0.9961014620252978,False
strangle,0.1,3.0,0.0,0.0,False,False,249,1790.6,1.34,-676.55,247,-822.43,0.92,-6422.23,-822.43,968.17,-0.12805987951225664,False
strangle,0.1,3.0,0.0,0.0,False,True,249,204.97,1.05,-463.9,247,-2729.26,0.69,-5062.96,-2729.26,-2524.2900000000004,-0.5390641047924535,False
strangle,0.1,3.0,0.0,0.0,True,False,188,1799.42,1.52,-447.6,204,4440.83,2.08,-696.88,1799.42,6240.25,4.020151921358355,False
strangle,0.1,3.0,0.0,0.0,True,True,188,-66.97,0.98,-494.35,204,1588.4,1.49,-824.77,-66.97,1521.43,-0.13547082026904014,False
strangle,0.1,3.0,0.0,20.0,False,False,224,977.83,1.21,-673.8,185,4037.07,2.16,-591.01,977.83,5014.900000000001,1.4512169783318494,False
strangle,0.1,3.0,0.0,20.0,False,True,224,24.43,1.01,-427.66,185,1290.44,1.44,-707.4,24.43,1314.8700000000001,0.05712481878127484,False
strangle,0.1,3.0,0.0,20.0,True,False,174,1527.69,1.49,-366.7,178,3912.73,2.18,-591.01,1527.69,5440.42,4.166048541041723,False
strangle,0.1,3.0,0.0,20.0,True,True,174,2.91,1.0,-393.41,178,1196.95,1.42,-707.4,2.91,1199.8600000000001,0.007396863323250553,False
strangle,0.1,3.0,0.0,25.0,False,False,245,1453.68,1.28,-633.2,227,4138.88,1.81,-1023.56,1453.68,5592.56,2.295767530006317,False
strangle,0.1,3.0,0.0,25.0,False,True,245,35.24,1.01,-506.55,227,1644.94,1.44,-866.44,35.24,1680.18,0.06956865067614254,False
strangle,0.1,3.0,0.0,25.0,True,False,188,1799.42,1.52,-447.6,201,4481.7,2.13,-697.1,1799.42,6281.12,4.020151921358355,False
strangle,0.1,3.0,0.0,25.0,True,True,188,-66.97,0.98,-494.35,201,1604.1,1.51,-824.77,-66.97,1537.1299999999999,-0.13547082026904014,False
strangle,0.1,3.0,0.3,0.0,False,False,249,-1686.32,0.69,-2257.53,247,-5872.42,0.5,-7201.31,-5872.42,-7558.74,-0.8154655194679856,False
strangle,0.1,3.0,0.3,0.0,False,True,249,-1210.94,0.65,-1356.52,247,-5146.71,0.41,-5514.4,-5146.71,-6357.65,-0.9333218482518497,False
strangle,0.1,3.0,0.3,0.0,True,False,188,-880.69,0.76,-1276.59,204,340.89,1.07,-1198.7,-880.69,-539.8000000000001,-0.6898769377795534,False
strangle,0.1,3.0,0.3,0.0,True,True,188,-1165.35,0.58,-1284.43,204,-325.3,0.9,-1041.57,-1165.35,-1490.6499999999999,-0.9072896148486098,False
strangle,0.1,3.0,0.3,20.0,False,False,224,-1902.59,0.62,-2413.36,185,310.18,1.08,-839.87,-1902.59,-1592.4099999999999,-0.7883573109689395,False
strangle,0.1,3.0,0.3,20.0,False,True,224,-1107.72,0.63,-1327.77,185,-505.19,0.83,-1013.69,-1107.72,-1612.91,-0.8342709957296821,False
strangle,0.1,3.0,0.3,20.0,True,False,174,-846.62,0.75,-1179.97,178,322.72,1.08,-756.72,-846.62,-523.9,-0.7174928176140071,False
strangle,0.1,3.0,0.3,20.0,True,True,174,-957.38,0.6,-1177.4,178,-530.8,0.82,-1013.69,-957.38,-1488.1799999999998,-0.8131306268048242,False
strangle,0.1,3.0,0.3,25.0,False,False,245,-1895.04,0.66,-2415.1,227,-399.52,0.93,-1553.32,-1895.04,-2294.56,-0.7846631609457165,False
strangle,0.1,3.0,0.3,25.0,False,True,245,-1316.18,0.62,-1435.3,227,-492.48,0.87,-1170.67,-1316.18,-1808.66,-0.9170068975127151,False
strangle,0.1,3.0,0.3,25.0,True,False,188,-880.69,0.76,-1276.59,201,449.99,1.1,-1198.91,-880.69,-430.70000000000005,-0.6898769377795534,False
strangle,0.1,3.0,0.3,25.0,True,True,188,-1165.35,0.58,-1284.43,201,-274.27,0.91,-1073.41,-1165.35,-1439.62,-0.9072896148486098,False
strangle,0.1,3.0,0.5,0.0,False,False,249,-3316.47,0.41,-3395.12,247,-7560.64,0.34,-7813.65,-7560.64,-10877.11,-0.9768343976059756,False
strangle,0.1,3.0,0.5,0.0,False,True,249,-1943.93,0.42,-2000.22,247,-6011.34,0.29,-6199.0,-6011.34,-7955.27,-0.971858095609483,False
strangle,0.1,3.0,0.5,0.0,True,False,188,-2138.79,0.45,-2217.48,204,-937.47,0.78,-1190.46,-2138.79,-3076.26,-0.9645137723902808,False
strangle,0.1,3.0,0.5,0.0,True,True,188,-1703.18,0.36,-1759.47,204,-1017.57,0.65,-1185.73,-1703.18,-2720.75,-0.9680074113227279,False
strangle,0.1,3.0,0.5,20.0,False,False,224,-3223.05,0.36,-3336.3,185,-1404.05,0.66,-1609.02,-3223.05,-4627.1,-0.9660552108623325,False
strangle,0.1,3.0,0.5,20.0,False,True,224,-1693.53,0.4,-1818.04,185,-1269.91,0.55,-1457.55,-1693.53,-2963.44,-0.9315141581043321,False
strangle,0.1,3.0,0.5,20.0,True,False,174,-1948.84,0.43,-2062.12,178,-1324.28,0.67,-1529.25,-1948.84,-3273.12,-0.9450662425077105,False
strangle,0.1,3.0,0.5,20.0,True,True,174,-1425.14,0.37,-1549.64,178,-1262.28,0.54,-1430.46,-1425.14,-2687.42,-0.9196587594538086,False
strangle,0.1,3.0,0.5,25.0,False,False,245,-3455.72,0.39,-3534.38,227,-1804.7,0.67,-2017.93,-3455.72,-5260.42,-0.9777443285668207,False
strangle,0.1,3.0,0.5,25.0,False,True,245,-2014.19,0.4,-2070.48,227,-1202.45,0.63,-1390.09,-2014.19,-3216.6400000000003,-0.9728130675012557,False
strangle,0.1,3.0,0.5,25.0,True,False,188,-2138.79,0.45,-2217.48,201,-790.89,0.81,-1004.1,-2138.79,-2929.68,-0.9645137723902808,False
strangle,0.1,3.0,0.5,25.0,True,True,188,-1703.18,0.36,-1759.47,201,-947.0,0.66,-1142.69,-1703.18,-2650.1800000000003,-0.9680074113227279,False
strangle,0.16,1.5,0.0,0.0,False,False,249,-7981.33,0.27,-8039.17,220,-12752.58,0.22,-12752.52,-12752.58,-20733.91,-1.000004704952433,False
strangle,0.16,1.5,0.0,0.0,False,True,249,-4967.82,0.46,-5067.99,247,-10040.35,0.37,-10175.09,-10040.35,-15008.17,-0.9867578566872628,False
strangle,0.16,1.5,0.0,0.0,True,False,188,-3849.77,0.42,-3907.6,204,-4269.04,0.48,-4513.61,-4269.04,-8118.8099999999995,-0.9852006346606613,False
strangle,0.16,1.5,0.0,0.0,True,True,188,-2774.0,0.55,-2874.18,204,-3366.62,0.59,-3501.34,-3366.62,-6140.62,-0.965144841311261,False
strangle,0.16,1.5,0.0,20.0,False,False,224,-7448.5,0.24,-7506.37,185,-2996.4,0.57,-3240.98,-7448.5,-10444.9,-0.9922905478946549,False
strangle,0.16,1.5,0.0,20.0,False,True,224,-4250.21,0.45,-4350.39,185,-2787.62,0.61,-2922.33,-4250.21,-7037.83,-0.9769721795057454,False
strangle,0.16,1.5,0.0,20.0,True,False,174,-3760.44,0.37,-3818.28,178,-2532.91,0.61,-2777.49,-3760.44,-6293.35,-0.9848518180961061,False
strangle,0.16,1.5,0.0,20.0,True,True,174,-2597.87,0.53,-2698.06,178,-2628.04,0.62,-2762.75,-2628.04,-5225.91,-0.9628659110620224,False
strangle,0.16,1.5,0.0,25.0,False,False,245,-7700.35,0.27,-7758.19,227,-6236.53,0.4,-6481.09,-7700.35,-13936.880000000001,-0.9925446528120606,False
strangle,0.16,1.5,0.0,25.0,False,True,245,-4757.68,0.46,-4857.86,227,-4297.22,0.55,-4431.94,-4757.68,-9054.900000000001,-0.979377750696809,False
strangle,0.16,1.5,0.0,25.0,True,False,188,-3849.77,0.42,-3907.6,201,-3797.61,0.51,-4042.17,-3849.77,-7647.38,-0.9852006346606613,False
strangle,0.16,1.5,0.0,25.0,True,True,188,-2774.0,0.55,-2874.18,201,-3199.46,0.6,-3334.17,-3199.46,-5973.46,-0.965144841311261,False
strangle,0.16,1.5,0.3,0.0,False,False,249,-9714.13,0.14,-9754.45,132,-13139.64,0.05,-13188.35,-13139.64,-22853.769999999997,-0.9963065887696337,False
strangle,0.16,1.5,0.3,0.0,False,True,249,-5347.95,0.35,-5455.81,245,-11816.24,0.25,-11822.99,-11816.24,-17164.19,-0.9994290784310906,False
strangle,0.16,1.5,0.3,0.0,True,False,188,-5601.13,0.22,-5641.38,204,-7429.5,0.24,-7553.99,-7429.5,-13030.630000000001,-0.9928652209211222,False
strangle,0.16,1.5,0.3,0.0,True,True,188,-3393.51,0.4,-3499.6,204,-4845.64,0.4,-4912.08,-4845.64,-8239.150000000001,-0.986474161658605,False
strangle,0.16,1.5,0.3,20.0,False,False,224,-8607.56,0.13,-8647.87,185,-6101.3,0.27,-6225.81,-8607.56,-14708.86,-0.9953387365906285,False
strangle,0.16,1.5,0.3,20.0,False,True,224,-4372.9,0.35,-4562.88,185,-4096.73,0.42,-4163.15,-4372.9,-8469.63,-0.9840457346000023,False
strangle,0.16,1.5,0.3,20.0,True,False,174,-5151.69,0.19,-5191.94,178,-5562.79,0.29,-5687.29,-5562.79,-10714.48,-0.9922475991633185,False
strangle,0.16,1.5,0.3,20.0,True,True,174,-3030.72,0.38,-3220.69,178,-3897.0,0.42,-3963.43,-3897.0,-6927.719999999999,-0.9832392649800804,False
strangle,0.16,1.5,0.3,25.0,False,False,245,-9371.84,0.15,-9412.15,227,-9714.69,0.19,-9839.18,-9714.69,-19086.53,-0.9957172378255765,False
strangle,0.16,1.5,0.3,25.0,False,True,245,-5110.67,0.35,-5216.78,227,-5906.07,0.37,-5972.5,-5906.07,-11016.74,-0.9888773545416492,False
strangle,0.16,1.5,0.3,25.0,True,False,188,-5601.13,0.22,-5641.38,201,-7063.68,0.25,-7188.17,-7063.68,-12664.810000000001,-0.9928652209211222,False
strangle,0.16,1.5,0.3,25.0,True,True,188,-3393.51,0.4,-3499.6,201,-4649.66,0.41,-4716.09,-4649.66,-8043.17,-0.985914178906679,False
strangle,0.16,1.5,0.5,0.0,False,False,249,-11302.22,0.09,-11332.85,106,-13686.59,0.01,-13686.59,-13686.59,-24988.809999999998,-1.0,False
strangle,0.16,1.5,0.5,0.0,False,True,249,-6171.22,0.24,-6227.99,238,-12149.34,0.19,-12149.33,-12149.34,-18320.56,-1.000000823090656,False
strangle,0.16,1.5,0.5,0.0,True,False,188,-7083.97,0.13,-7114.56,204,-9172.54,0.15,-9241.08,-9172.54,-16256.510000000002,-0.9957003665722125,False
strangle,0.16,1.5,0.5,0.0,True,True,188,-4091.25,0.27,-4148.03,204,-5370.84,0.3,-5397.53,-5370.84,-9462.09,-0.9950551455943738,False
strangle,0.16,1.5,0.5,20.0,False,False,224,-9963.85,0.08,-9994.47,185,-8161.86,0.16,-8230.41,-9963.85,-18125.71,-0.9969363057770948,False
strangle,0.16,1.5,0.5,20.0,False,True,224,-5048.55,0.24,-5172.6,185,-5038.87,0.28,-5065.56,-5048.55,-10087.42,-0.9947310860003631,False
strangle,0.16,1.5,0.5,20.0,True,False,174,-6428.46,0.11,-6459.04,178,-7581.33,0.17,-7649.88,-7581.33,-14009.79,-0.9952655502984964,False
strangle,0.16,1.5,0.5,20.0,True,True,174,-3622.01,0.26,-3746.08,178,-4816.38,0.29,-4843.07,-4816.38,-8438.39,-0.994489032782925,False
strangle,0.16,1.5,0.5,25.0,False,False,245,-11021.76,0.09,-11052.39,227,-11534.08,0.12,-11602.64,-11534.08,-22555.84,-0.9972286537120026,False
strangle,0.16,1.5,0.5,25.0,False,True,245,-5917.85,0.24,-5974.62,227,-6509.61,0.28,-6536.31,-6509.61,-12427.46,-0.9959151264245422,False
strangle,0.16,1.5,0.5,25.0,True,False,188,-7083.97,0.13,-7114.56,201,-8904.13,0.15,-8972.67,-8904.13,-15988.099999999999,-0.9957003665722125,False
strangle,0.16,1.5,0.5,25.0,True,True,188,-4091.25,0.27,-4148.03,201,-5289.16,0.3,-5315.85,-5289.16,-9380.41,-0.994979166078802,False
strangle,0.16,2.0,0.0,0.0,False,False,249,-146.39,0.98,-1932.67,247,-4699.41,0.68,-9087.17,-4699.41,-4845.8,-0.5171478028913292,False
strangle,0.16,2.0,0.0,0.0,False,True,249,-1510.92,0.81,-1784.53,247,-6529.66,0.57,-6769.68,-6529.66,-8040.58,-0.9645448529324872,False
strangle,0.16,2.0,0.0,0.0,True,False,188,1188.46,1.24,-884.4,204,2533.54,1.4,-1335.42,1188.46,3722.0,1.343803708729082,False
strangle,0.16,2.0,0.0,0.0,True,True,188,-825.18,0.85,-1258.96,204,-690.86,0.91,-1697.04,-825.18,-1516.04,-0.655445764758213,False
strangle,0.16,2.0,0.0,20.0,False,False,224,-667.97,0.9,-1807.32,185,3205.78,1.63,-944.15,-667.97,2537.8100000000004,-0.3695914392581281,False
strangle,0.16,2.0,0.0,20.0,False,True,224,-1241.45,0.81,-1515.07,185,-94.33,0.99,-1321.09,-1241.45,-1335.78,-0.8194010837783073,False
strangle,0.16,2.0,0.0,20.0,True,False,174,864.19,1.2,-598.31,178,3234.17,1.66,-878.31,864.19,4098.360000000001,1.4443850178001372,False
strangle,0.16,2.0,0.0,20.0,True,True,174,-759.57,0.85,-1255.91,178,-101.67,0.98,-1321.09,-759.57,-861.24,-0.604796522043777,False
strangle,0.16,2.0,0.0,25.0,False,False,245,-191.61,0.98,-1821.58,227,1780.43,1.23,-2668.84,-191.61,1588.8200000000002,-0.10518890194226992,False
strangle,0.16,2.0,0.0,25.0,False,True,245,-1441.65,0.81,-1715.27,227,-1180.32,0.87,-1684.17,-1441.65,-2621.9700000000003,-0.8404799244433822,False
strangle,0.16,2.0,0.0,25.0,True,False,188,1188.46,1.24,-884.4,201,3026.14,1.52,-958.81,1188.46,4214.6,1.343803708729082,False
strangle,0.16,2.0,0.0,25.0,True,True,188,-825.18,0.85,-1258.96,201,-491.72,0.93,-1574.48,-825.18,-1316.9,-0.655445764758213,False
strangle,0.16,2.0,0.3,0.0,False,False,249,-4375.58,0.53,-4742.83,247,-9969.2,0.41,-10172.38,-9969.2,-14344.78,-0.9800263065280693,False
strangle,0.16,2.0,0.3,0.0,False,True,249,-3077.09,0.57,-3255.79,247,-8555.55,0.4,-8688.91,-8555.55,-11632.64,-0.9846516996953587,False
strangle,0.16,2.0,0.3,0.0,True,False,188,-2195.68,0.63,-2462.12,204,-2059.2,0.74,-2262.39,-2195.68,-4254.879999999999,-0.9101878986381658,False
strangle,0.16,2.0,0.3,0.0,True,True,188,-2187.43,0.58,-2364.37,204,-2579.1,0.64,-2712.45,-2579.1,-4766.53,-0.950837803461815,False
strangle,0.16,2.0,0.3,20.0,False,False,224,-4097.68,0.49,-4331.13,185,-1519.48,0.78,-1849.24,-4097.68,-5617.16,-0.9460995167542882,False
strangle,0.16,2.0,0.3,20.0,False,True,224,-2462.89,0.58,-2723.72,185,-2125.26,0.66,-2258.62,-2462.89,-4588.15,-0.9409550964748388,False
strangle,0.16,2.0,0.3,20.0,True,False,174,-2074.46,0.61,-2307.9,178,-1326.67,0.8,-1656.42,-2074.46,-3401.13,-0.8988517700073659,False
strangle,0.16,2.0,0.3,20.0,True,True,174,-1911.54,0.58,-2172.36,178,-2055.16,0.65,-2188.51,-2055.16,-3966.7,-0.9390681331133967,False
strangle,0.16,2.0,0.3,25.0,False,False,245,-4282.78,0.53,-4547.4,227,-3313.24,0.66,-3516.44,-4282.78,-7596.0199999999995,-0.9422142849017756,False
strangle,0.16,2.0,0.3,25.0,False,True,245,-2956.09,0.57,-3133.03,227,-3013.65,0.63,-3147.01,-3013.65,-5969.74,-0.9576232678002294,False
strangle,0.16,2.0,0.3,25.0,True,False,188,-2195.68,0.63,-2462.12,201,-1771.07,0.77,-1974.26,-2195.68,-3966.75,-0.8970804250706593,False
strangle,0.16,2.0,0.3,25.0,True,True,188,-2187.43,0.58,-2364.37,201,-2351.14,0.66,-2484.49,-2351.14,-4538.57,-0.9463270127873327,False
strangle,0.16,2.0,0.5,0.0,False,False,249,-6681.23,0.34,-6710.72,225,-12239.04,0.26,-12258.03,-12239.04,-18920.27,-0.9984508114272849,False
strangle,0.16,2.0,0.5,0.0,False,True,249,-4197.9,0.39,-4323.99,247,-9450.03,0.31,-9522.06,-9450.03,-13647.93,-0.9924354603940745,False
strangle,0.16,2.0,0.5,0.0,True,False,188,-4177.07,0.38,-4206.57,204,-4485.69,0.48,-4606.11,-4485.69,-8662.759999999998,-0.9929871605607419,False
strangle,0.16,2.0,0.5,0.0,True,True,188,-3025.75,0.4,-3151.88,204,-3321.7,0.49,-3393.71,-3321.7,-6347.45,-0.978781333702644,False
strangle,0.16,2.0,0.5,20.0,False,False,224,-6110.84,0.31,-6140.32,185,-4224.51,0.46,-4344.93,-6110.84,-10335.35,-0.995198947286135,False
strangle,0.16,2.0,0.5,20.0,False,True,224,-3385.89,0.4,-3566.57,185,-3322.0,0.45,-3394.02,-3385.89,-6707.889999999999,-0.9787803253958433,False
strangle,0.16,2.0,0.5,20.0,True,False,174,-3800.87,0.37,-3830.35,178,-3940.07,0.47,-4060.5,-3940.07,-7740.9400000000005,-0.9923035753912828,False
strangle,0.16,2.0,0.5,20.0,True,True,174,-2629.67,0.4,-2810.4,178,-3208.27,0.45,-3280.28,-3208.27,-5837.9400000000005,-0.978047605692197,False
strangle,0.16,2.0,0.5,25.0,False,False,245,-6674.92,0.33,-6704.42,227,-5874.81,0.43,-5995.22,-6674.92,-12549.73,-0.995599917666256,False
strangle,0.16,2.0,0.5,25.0,False,True,245,-4046.41,0.4,-4172.49,227,-3850.26,0.48,-3922.29,-4046.41,-7896.67,-0.9816357281078146,False
strangle,0.16,2.0,0.5,25.0,True,False,188,-4177.07,0.38,-4206.57,201,-4310.51,0.48,-4430.93,-4310.51,-8487.58,-0.9929871605607419,False
strangle,0.16,2.0,0.5,25.0,True,True,188,-3025.75,0.4,-3151.88,201,-3240.02,0.49,-3312.02,-3240.02,-6265.77,-0.978261000839367,False
strangle,0.16,3.0,0.0,0.0,False,False,249,7939.01,2.15,-856.15,247,7279.55,1.56,-6817.72,7279.55,15218.560000000001,1.067739654899292,False
strangle,0.16,3.0,0.0,0.0,False,True,249,2698.34,1.46,-750.04,247,797.07,1.07,-5866.88,797.07,3495.4100000000003,0.13585926420857425,False
strangle,0.16,3.0,0.0,0.0,True,False,188,6296.6,2.35,-787.63,204,11678.23,3.2,-701.52,6296.6,17974.83,7.994362835341468,False
strangle,0.16,3.0,0.0,0.0,True,True,188,1487.15,1.32,-829.22,204,4972.03,2.09,-1010.42,1487.15,6459.18,1.7934323822387304,False
strangle,0.16,3.0,0.0,20.0,False,False,224,6218.14,2.02,-585.28,185,10555.72,3.37,-712.01,6218.14,16773.86,10.624214051394205,False
strangle,0.16,3.0,0.0,20.0,False,True,224,2174.3,1.44,-541.36,185,4193.81,2.01,-759.11,2174.3,6368.110000000001,4.016366188857692,False
strangle,0.16,3.0,0.0,20.0,True,False,174,5468.4,2.34,-513.94,178,10251.05,3.41,-712.01,5468.4,15719.449999999999,10.640152546989919,False
strangle,0.16,3.0,0.0,20.0,True,True,174,1482.88,1.38,-487.98,178,3988.56,1.99,-759.11,1482.88,5471.4400000000005,3.0388130661092667,False
strangle,0.16,3.0,0.0,25.0,False,False,245,7495.02,2.1,-796.3,227,12288.61,2.93,-796.45,7495.02,19783.63,9.4123069195027,True
strangle,0.16,3.0,0.0,25.0,False,True,245,2368.83,1.4,-829.22,227,5184.1,1.96,-942.18,2368.83,7552.93,2.8566966546875374,True
strangle,0.16,3.0,0.0,25.0,True,False,188,6296.6,2.35,-787.63,201,11718.43,3.29,-704.87,6296.6,18015.03,7.994362835341468,False
strangle,0.16,3.0,0.0,25.0,True,True,188,1487.15,1.32,-829.22,201,4718.77,2.03,-1010.42,1487.15,6205.92,1.7934323822387304,False
strangle,0.16,3.0,0.3,0.0,False,False,249,2163.29,1.3,-1177.95,247,-841.33,0.94,-7751.74,-841.33,1321.96,-0.10853434196709384,False
strangle,0.16,3.0,0.3,0.0,False,True,249,291.39,1.06,-861.49,247,-3190.69,0.71,-6099.8,-3190.69,-2899.3,-0.5230810846257254,False
strangle,0.16,3.0,0.3,0.0,True,False,188,1900.2,1.39,-896.54,204,5197.84,1.88,-1003.61,1900.2,7098.04,2.1194815624512016,False
strangle,0.16,3.0,0.3,0.0,True,True,188,-373.25,0.91,-971.97,204,1815.1,1.42,-1333.28,-373.25,1441.85,-0.3840139098943383,False
strangle,0.16,3.0,0.3,20.0,False,False,224,1446.91,1.23,-1083.44,185,4353.84,1.84,-948.71,1446.91,5800.75,1.3354777375766078,False
strangle,0.16,3.0,0.3,20.0,False,True,224,257.69,1.06,-861.49,185,1160.8,1.28,-1088.92,257.69,1418.49,0.2991212898582688,False
strangle,0.16,3.0,0.3,20.0,True,False,174,1617.33,1.38,-652.38,178,4270.05,1.86,-875.23,1617.33,5887.38,2.479122597259266,False
strangle,0.16,3.0,0.3,20.0,True,True,174,-126.83,0.96,-780.89,178,1069.94,1.26,-1088.92,-126.83,943.11,-0.1624172418650514,False
strangle,0.16,3.0,0.3,25.0,False,False,245,1917.99,1.27,-1104.0,227,4764.12,1.65,-1278.36,1917.99,6682.11,1.7373097826086956,False
strangle,0.16,3.0,0.3,25.0,False,True,245,74.3,1.01,-861.49,227,1654.16,1.32,-1331.39,74.3,1728.46,0.08624592276172677,False
strangle,0.16,3.0,0.3,25.0,True,False,188,1900.2,1.39,-896.54,201,5090.89,1.88,-1006.96,1900.2,6991.09,2.1194815624512016,False
strangle,0.16,3.0,0.3,25.0,True,True,188,-373.25,0.91,-971.97,201,1647.99,1.38,-1333.28,-373.25,1274.74,-0.3840139098943383,False
strangle,0.16,3.0,0.5,0.0,False,False,249,-939.44,0.87,-2158.02,247,-4177.99,0.69,-8052.93,-4177.99,-5117.43,-0.5188161327616159,False
strangle,0.16,3.0,0.5,0.0,False,True,249,-1118.97,0.76,-1270.65,247,-4685.97,0.54,-5906.21,-4685.97,-5804.9400000000005,-0.8806280250265611,False
strangle,0.16,3.0,0.5,0.0,True,False,188,-609.98,0.88,-1585.38,204,2630.1,1.51,-868.24,-609.98,2020.12,-0.3847531822023742,False
strangle,0.16,3.0,0.5,0.0,True,True,188,-1479.71,0.63,-1627.24,204,612.96,1.17,-955.02,-1479.71,-866.75,-0.9093372827609941,False
strangle,0.16,3.0,0.5,20.0,False,False,224,-1244.69,0.81,-2349.16,185,1238.46,1.23,-1162.9,-1244.69,-6.230000000000018,-0.5298447104496927,False
strangle,0.16,3.0,0.5,20.0,False,True,224,-869.8,0.77,-1326.79,185,-151.28,0.96,-1218.42,-869.8,-1021.0799999999999,-0.6555671960144408,False
strangle,0.16,3.0,0.5,20.0,True,False,174,-581.34,0.87,-1383.71,178,1277.91,1.25,-990.49,-581.34,696.57,-0.4201313859117879,False
strangle,0.16,3.0,0.5,20.0,True,True,174,-1090.15,0.67,-1547.17,178,-177.87,0.95,-1218.42,-1090.15,-1268.02,-0.7046090604135292,False
strangle,0.16,3.0,0.5,25.0,False,False,245,-1234.79,0.83,-2380.49,227,2013.41,1.31,-1574.27,-1234.79,778.6200000000001,-0.5187125339740978,False
strangle,0.16,3.0,0.5,25.0,False,True,245,-1269.12,0.73,-1416.63,227,487.57,1.11,-1143.4,-1269.12,-781.55,-0.8958725990555049,False
strangle,0.16,3.0,0.5,25.0,True,False,188,-609.98,0.88,-1585.38,201,2607.91,1.52,-868.24,-609.98,1997.9299999999998,-0.3847531822023742,False
strangle,0.16,3.0,0.5,25.0,True,True,188,-1479.71,0.63,-1627.24,201,497.28,1.13,-995.93,-1479.71,-982.4300000000001,-0.9093372827609941,False
strangle,0.2,1.5,0.0,0.0,False,False,249,-6148.95,0.43,-7156.52,225,-12100.86,0.35,-12449.99,-12100.86,-18249.81,-0.9719574071947047,False
strangle,0.2,1.5,0.0,0.0,False,True,249,-3851.81,0.62,-4231.12,247,-10077.86,0.46,-10274.59,-10077.86,-13929.67,-0.9808527639545714,False
strangle,0.2,1.5,0.0,0.0,True,False,188,-2052.39,0.68,-3298.15,204,-2859.19,0.7,-3201.19,-2859.19,-4911.58,-0.8931647293662669,False
strangle,0.2,1.5,0.0,0.0,True,True,188,-1784.63,0.74,-2049.58,204,-2973.65,0.7,-3170.4,-2973.65,-4758.280000000001,-0.9379415846580873,False
strangle,0.2,1.5,0.0,20.0,False,False,224,-5809.26,0.4,-6372.68,185,-1092.71,0.86,-2413.54,-5809.26,-6901.97,-0.9115882172021819,False
strangle,0.2,1.5,0.0,20.0,False,True,224,-3173.79,0.62,-3611.8,185,-2080.88,0.75,-2277.62,-3173.79,-5254.67,-0.9136203580930973,False
strangle,0.2,1.5,0.0,20.0,True,False,174,-2171.36,0.62,-2815.08,178,-616.47,0.91,-1937.29,-2171.36,-2787.83,-0.7713315429756882,False
strangle,0.2,1.5,0.0,20.0,True,True,174,-1707.04,0.71,-2145.08,178,-1867.74,0.77,-2064.48,-1867.74,-3574.7799999999997,-0.9047023947919088,False
strangle,0.2,1.5,0.0,25.0,False,False,245,-5822.59,0.44,-6788.68,227,-5041.8,0.57,-5383.82,-5822.59,-10864.39,-0.9364726160978637,False
strangle,0.2,1.5,0.0,25.0,False,True,245,-3618.65,0.63,-3883.58,227,-4082.03,0.65,-4278.77,-4082.03,-7700.68,-0.9540194962571019,False
strangle,0.2,1.5,0.0,25.0,True,False,188,-2052.39,0.68,-3298.15,201,-2252.92,0.75,-2611.11,-2252.92,-4305.3099999999995,-0.862820792689699,False
strangle,0.2,1.5,0.0,25.0,True,True,188,-1784.63,0.74,-2049.58,201,-2753.2,0.71,-2949.94,-2753.2,-4537.83,-0.9333071181108767,False
strangle,0.2,1.5,0.3,0.0,False,False,249,-9390.51,0.21,-9447.48,100,-13738.17,0.04,-13738.14,-13738.17,-23128.68,-1.000002183701724,False
strangle,0.2,1.5,0.3,0.0,False,True,249,-5099.42,0.46,-5341.57,239,-12031.39,0.32,-12031.46,-12031.39,-17130.809999999998,-0.9999941819197338,False
strangle,0.2,1.5,0.3,0.0,True,False,188,-5237.31,0.32,-5290.99,204,-7000.29,0.36,-7176.72,-7000.29,-12237.6,-0.9898544506793626,False
strangle,0.2,1.5,0.3,0.0,True,True,188,-3280.84,0.5,-3446.32,204,-4763.35,0.5,-4870.13,-4763.35,-8044.1900000000005,-0.9780745072513465,False
strangle,0.2,1.5,0.3,20.0,False,False,224,-8298.11,0.2,-8454.11,185,-5288.89,0.43,-5465.33,-8298.11,-13587.0,-0.9815474366905564,False
strangle,0.2,1.5,0.3,20.0,False,True,224,-4077.06,0.47,-4415.64,185,-3903.75,0.53,-4010.5,-4077.06,-7980.8099999999995,-0.9733823712754021,False
strangle,0.2,1.5,0.3,20.0,True,False,174,-4876.4,0.29,-5032.42,178,-4695.94,0.46,-4872.38,-4876.4,-9572.34,-0.9689970233009167,False
strangle,0.2,1.5,0.3,20.0,True,True,174,-2950.87,0.49,-3289.46,178,-3639.4,0.54,-3746.15,-3639.4,-6590.27,-0.9715040775195868,False
strangle,0.2,1.5,0.3,25.0,False,False,245,-8981.09,0.22,-9034.76,227,-9630.96,0.29,-9807.41,-9630.96,-18612.05,-0.9940596097738069,False
strangle,0.2,1.5,0.3,25.0,False,True,245,-4828.55,0.47,-4994.03,227,-6034.33,0.46,-6141.1,-6034.33,-10862.880000000001,-0.982613863965739,False
strangle,0.2,1.5,0.3,25.0,True,False,188,-5237.31,0.32,-5290.99,201,-6529.66,0.38,-6706.09,-6529.66,-11766.970000000001,-0.9898544506793626,False
strangle,0.2,1.5,0.3,25.0,True,True,188,-3280.84,0.5,-3446.32,201,-4508.68,0.51,-4615.45,-4508.68,-7789.52,-0.9768668277199407,False
strangle,0.2,1.5,0.5,0.0,False,False,249,-11604.52,0.13,-11645.15,89,-13957.49,0.02,-14009.49,-13957.49,-25562.010000000002,-0.996510993847224,False
strangle,0.2,1.5,0.5,0.0,False,True,249,-6311.67,0.32,-6394.97,223,-12453.18,0.24,-12464.35,-12453.18,-18764.85,-0.9991038441635545,False
strangle,0.2,1.5,0.5,0.0,True,False,188,-7173.37,0.19,-7214.02,204,-9435.83,0.22,-9538.87,-9435.83,-16609.2,-0.9943651389932381,False
strangle,0.2,1.5,0.5,0.0,True,True,188,-4190.39,0.35,-4273.72,204,-5668.52,0.38,-5723.17,-5668.52,-9858.91,-0.990451096158248,False
strangle,0.2,1.5,0.5,20.0,False,False,224,-10216.49,0.12,-10257.14,185,-8193.78,0.25,-8296.82,-10216.49,-18410.27,-0.9960369069740689,False
strangle,0.2,1.5,0.5,20.0,False,True,224,-5083.78,0.33,-5267.62,185,-5256.14,0.36,-5310.77,-5256.14,-10339.92,-0.9897133560670109,False
strangle,0.2,1.5,0.5,20.0,True,False,174,-6526.53,0.17,-6567.18,178,-7533.01,0.26,-7636.05,-7533.01,-14059.54,-0.9938101285483266,False
strangle,0.2,1.5,0.5,20.0,True,True,174,-3710.19,0.35,-3894.06,178,-4961.64,0.37,-5016.28,-4961.64,-8671.83,-0.9891074660904098,False
strangle,0.2,1.5,0.5,25.0,False,False,245,-11297.95,0.13,-11338.59,219,-12017.91,0.18,-12017.92,-12017.91,-23315.86,-0.9999991679092555,False
strangle,0.2,1.5,0.5,25.0,False,True,245,-6017.67,0.33,-6100.98,227,-7062.56,0.34,-7117.19,-7062.56,-13080.23,-0.9923242178444022,False
strangle,0.2,1.5,0.5,25.0,True,False,188,-7173.37,0.19,-7214.02,201,-9104.94,0.23,-9207.98,-9104.94,-16278.310000000001,-0.9943651389932381,False
strangle,0.2,1.5,0.5,25.0,True,True,188,-4190.39,0.35,-4273.72,201,-5574.08,0.37,-5628.72,-5574.08,-9764.470000000001,-0.9902926420216318,False
strangle,0.2,2.0,0.0,0.0,False,False,249,2906.39,1.35,-1114.01,247,-1361.53,0.91,-9601.82,-1361.53,1544.86,-0.14179915890945674,False
strangle,0.2,2.0,0.0,0.0,False,True,249,-85.05,0.99,-1297.44,247,-5804.25,0.67,-6808.82,-5804.25,-5889.3,-0.8524604850767094,False
strangle,0.2,2.0,0.0,0.0,True,False,188,3860.37,1.74,-780.9,204,6067.18,1.91,-1408.76,3860.37,9927.55,4.306752037252619,False
strangle,0.2,2.0,0.0,0.0,True,True,188,446.3,1.07,-1232.44,204,131.58,1.01,-1917.9,131.58,577.88,0.06860628812763961,False
strangle,0.2,2.0,0.0,20.0,False,False,224,1964.81,1.27,-1040.9,185,6466.09,2.21,-984.12,1964.81,8430.9,1.8876068786626956,False
strangle,0.2,2.0,0.0,20.0,False,True,224,58.52,1.01,-1059.36,185,944.23,1.12,-1378.1,58.52,1002.75,0.05524090016613806,False
strangle,0.2,2.0,0.0,20.0,True,False,174,3231.52,1.69,-668.82,178,6426.72,2.25,-984.12,3231.52,9658.24,4.831673693968481,False
strangle,0.2,2.0,0.0,20.0,True,True,174,389.33,1.07,-1117.83,178,927.46,1.13,-1378.1,389.33,1316.79,0.34829088501829436,False
strangle,0.2,2.0,0.0,25.0,False,False,245,2850.7,1.35,-1040.9,227,5504.82,1.67,-2795.43,2850.7,8355.52,1.969221193161696,True
strangle,0.2,2.0,0.0,25.0,False,True,245,-7.35,1.0,-1411.83,227,-250.35,0.98,-1831.57,-250.35,-257.7,-0.13668601254661303,False
strangle,0.2,2.0,0.0,25.0,True,False,188,3860.37,1.74,-780.9,201,6698.83,2.11,-1140.55,3860.37,10559.2,4.943488282750672,False
strangle,0.2,2.0,0.0,25.0,True,True,188,446.3,1.07,-1232.44,201,410.94,1.05,-1737.11,410.94,857.24,0.23656532977186248,False
strangle,0.2,2.0,0.3,0.0,False,False,249,-2390.36,0.76,-3708.82,247,-8359.78,0.54,-9911.28,-8359.78,-10750.140000000001,-0.8434611876568919,False
strangle,0.2,2.0,0.3,0.0,False,True,249,-2036.23,0.75,-2306.73,247,-8613.07,0.48,-8826.2,-8613.07,-10649.3,-0.9758525752872129,False
strangle,0.2,2.0,0.3,0.0,True,False,188,-559.4,0.91,-1565.54,204,-33.0,1.0,-1564.51,-559.4,-592.4,-0.35732079665802213,False
strangle,0.2,2.0,0.3,0.0,True,True,188,-1344.21,0.77,-1586.31,204,-2328.47,0.73,-2762.94,-2328.47,-3672.68,-0.8473816593225789,False
strangle,0.2,2.0,0.3,20.0,False,False,224,-2289.89,0.73,-3235.33,185,259.3,1.03,-1397.1,-2289.89,-2030.59,-0.7077763319352276,False
strangle,0.2,2.0,0.3,20.0,False,True,224,-1434.82,0.78,-1801.75,185,-1729.58,0.77,-2018.25,-1729.58,-3164.3999999999996,-0.8569701474049299,False
strangle,0.2,2.0,0.3,20.0,True,False,174,-602.05,0.9,-1125.35,178,438.14,1.06,-1221.93,-602.05,-163.90999999999997,-0.5349891144977118,False
strangle,0.2,2.0,0.3,20.0,True,True,174,-1119.55,0.78,-1486.48,178,-1646.53,0.77,-2018.25,-1646.53,-2766.08,-0.8158206366902019,False
strangle,0.2,2.0,0.3,25.0,False,False,245,-2259.33,0.76,-3425.24,227,-1035.55,0.9,-2723.71,-2259.33,-3294.88,-0.6596121731615887,False
strangle,0.2,2.0,0.3,25.0,False,True,245,-1885.46,0.76,-2127.56,227,-2603.87,0.73,-2817.01,-2603.87,-4489.33,-0.9243382167617438,False
strangle,0.2,2.0,0.3,25.0,True,False,188,-559.4,0.91,-1565.54,201,347.68,1.04,-1461.77,-559.4,-211.71999999999997,-0.35732079665802213,False
strangle,0.2,2.0,0.3,25.0,True,True,188,-1344.21,0.77,-1586.31,201,-2014.89,0.76,-2582.14,-2014.89,-3359.1000000000004,-0.8473816593225789,False
strangle,0.2,2.0,0.5,0.0,False,False,249,-5567.96,0.49,-5615.86,237,-11851.26,0.37,-11931.94,-11851.26,-17419.22,-0.9932383166526147,False
strangle,0.2,2.0,0.5,0.0,False,True,249,-3649.38,0.53,-3826.01,247,-9730.3,0.38,-9841.8,-9730.3,-13379.68,-0.9886707716068199,False
strangle,0.2,2.0,0.5,0.0,True,False,188,-3187.39,0.57,-3220.62,204,-3504.03,0.64,-3744.91,-3504.03,-6691.42,-0.9896821108979016,False
strangle,0.2,2.0,0.5,0.0,True,True,188,-2475.58,0.56,-2652.23,204,-3418.01,0.57,-3529.51,-3418.01,-5893.59,-0.968409212610249,False
strangle,0.2,2.0,0.5,20.0,False,False,224,-5216.99,0.45,-5282.51,185,-3371.54,0.62,-3612.44,-5216.99,-8588.529999999999,-0.9875968053065682,False
strangle,0.2,2.0,0.5,20.0,False,True,224,-2888.26,0.55,-3145.92,185,-3260.51,0.55,-3372.0,-3260.51,-6148.77,-0.9669365361803085,False
strangle,0.2,2.0,0.5,20.0,True,False,174,-2994.75,0.54,-3060.24,178,-3065.23,0.63,-3306.12,-3065.23,-6059.98,-0.9785997176692025,False
strangle,0.2,2.0,0.5,20.0,True,True,174,-2196.68,0.55,-2454.35,178,-3118.91,0.55,-3230.41,-3118.91,-5315.59,-0.9654842574162413,False
strangle,0.2,2.0,0.5,25.0,False,False,245,-5581.17,0.48,-5614.42,227,-4747.08,0.59,-4987.97,-5581.17,-10328.25,-0.9940777497942798,False
strangle,0.2,2.0,0.5,25.0,False,True,245,-3453.91,0.54,-3630.54,227,-3871.7,0.57,-3983.18,-3871.7,-7325.61,-0.972012311770997,False
strangle,0.2,2.0,0.5,25.0,True,False,188,-3187.39,0.57,-3220.62,201,-3298.47,0.65,-3539.35,-3298.47,-6485.86,-0.9896821108979016,False
strangle,0.2,2.0,0.5,25.0,True,True,188,-2475.58,0.56,-2652.23,201,-3323.57,0.57,-3435.06,-3323.57,-5799.15,-0.9675435072458706,False
strangle,0.2,3.0,0.0,0.0,False,False,249,13155.51,2.74,-871.57,247,13545.77,1.89,-8389.92,13155.51,26701.28,1.614529101588573,False
strangle,0.2,3.0,0.0,0.0,False,True,249,4933.58,1.72,-884.37,247,3876.12,1.31,-6248.76,3876.12,8809.7,0.6203022679699652,False
strangle,0.2,3.0,0.0,0.0,True,False,188,10214.43,2.93,-915.81,204,17901.42,4.0,-803.78,10214.43,28115.85,11.1534379401841,False
strangle,0.2,3.0,0.0,0.0,True,True,188,3215.34,1.6,-998.76,204,7512.81,2.36,-875.74,3215.34,10728.150000000001,3.2193319716448396,False
strangle,0.2,3.0,0.0,20.0,False,False,224,10534.88,2.57,-658.19,185,16214.89,4.4,-822.21,10534.88,26749.769999999997,16.005834181619285,False
strangle,0.2,3.0,0.0,20.0,False,True,224,4064.94,1.7,-616.35,185,6356.27,2.27,-803.45,4064.94,10421.210000000001,6.595181309321003,False
strangle,0.2,3.0,0.0,20.0,True,False,174,8960.95,2.93,-593.1,178,15737.64,4.46,-822.21,8960.95,24698.59,15.108666329455405,False
strangle,0.2,3.0,0.0,20.0,True,True,174,3068.94,1.68,-570.82,178,6068.65,2.25,-803.45,3068.94,9137.59,5.37637083493921,False
strangle,0.2,3.0,0.0,25.0,False,False,245,12568.65,2.68,-915.81,227,19590.42,3.83,-968.03,12568.65,32159.07,13.724080322337603,True
strangle,0.2,3.0,0.0,25.0,False,True,245,4480.11,1.66,-998.76,227,8222.79,2.3,-771.61,4480.11,12702.900000000001,4.485672233569626,True
strangle,0.2,3.0,0.0,25.0,True,False,188,10214.43,2.93,-915.81,201,17998.8,4.2,-801.27,10214.43,28213.23,11.1534379401841,False
strangle,0.2,3.0,0.0,25.0,True,True,188,3215.34,1.6,-998.76,201,7169.18,2.3,-875.74,3215.34,10384.52,3.2193319716448396,False
strangle,0.2,3.0,0.3,0.0,False,False,249,5780.64,1.73,-998.96,247,2979.69,1.18,-9166.0,2979.69,8760.33,0.3250807331442287,False
strangle,0.2,3.0,0.3,0.0,False,True,249,1807.75,1.3,-794.69,247,-1237.69,0.9,-6582.79,-1237.69,570.06,-0.18801906182636846,False
strangle,0.2,3.0,0.3,0.0,True,False,188,4539.83,1.81,-920.25,204,9593.45,2.47,-969.51,4539.83,14133.28,4.933257267046998,False
strangle,0.2,3.0,0.3,0.0,True,True,188,738.17,1.15,-1027.36,204,3563.47,1.69,-1265.18,738.17,4301.639999999999,0.7185115246846286,False
strangle,0.2,3.0,0.3,20.0,False,False,224,4440.73,1.64,-867.84,185,8168.07,2.45,-1011.74,4440.73,12608.8,5.116991611356932,False
strangle,0.2,3.0,0.3,20.0,False,True,224,1579.53,1.32,-637.08,185,2437.05,1.49,-1128.33,1579.53,4016.58,2.1598734412804768,False
strangle,0.2,3.0,0.3,20.0,True,False,174,3998.51,1.82,-670.63,178,7981.19,2.49,-1011.74,3998.51,11979.7,5.962319013464951,False
strangle,0.2,3.0,0.3,20.0,True,True,174,924.35,1.23,-647.63,178,2296.72,1.47,-1128.33,924.35,3221.0699999999997,1.4272810092182264,False
strangle,0.2,3.0,0.3,25.0,False,False,245,5457.04,1.7,-906.09,227,9876.16,2.26,-1077.23,5457.04,15333.2,6.022624684082155,True
strangle,0.2,3.0,0.3,25.0,False,True,245,1503.9,1.25,-812.23,227,3753.09,1.63,-1195.69,1503.9,5256.99,1.8515691368208513,False
strangle,0.2,3.0,0.3,25.0,True,False,188,4539.83,1.81,-920.25,201,9518.89,2.51,-975.92,4539.83,14058.72,4.933257267046998,False
strangle,0.2,3.0,0.3,25.0,True,True,188,738.17,1.15,-1027.36,201,3333.09,1.65,-1265.18,738.17,4071.26,0.7185115246846286,False
strangle,0.2,3.0,0.5,0.0,False,False,249,1457.64,1.18,-1304.19,247,-2342.47,0.85,-9817.85,-2342.47,-884.8299999999997,-0.23859297096614837,False
strangle,0.2,3.0,0.5,0.0,False,True,249,-221.41,0.96,-811.33,247,-3867.53,0.67,-6505.62,-3867.53,-4088.94,-0.5944906096574962,False
strangle,0.2,3.0,0.5,0.0,True,False,188,1020.62,1.18,-1493.12,204,5323.02,1.89,-1042.58,1020.62,6343.64,0.6835485426489499,False
strangle,0.2,3.0,0.5,0.0,True,True,188,-859.33,0.81,-1379.63,204,1322.25,1.28,-1310.13,-859.33,462.91999999999996,-0.622869899900698,False
strangle,0.2,3.0,0.5,20.0,False,False,224,649.49,1.09,-1548.97,185,3815.9,1.66,-1238.1,649.49,4465.39,0.4193044410156426,False
strangle,0.2,3.0,0.5,20.0,False,True,224,-66.71,0.99,-787.33,185,600.33,1.13,-1234.95,-66.71,533.62,-0.08472940190263294,False
strangle,0.2,3.0,0.5,20.0,True,False,174,902.06,1.18,-1303.76,178,3798.6,1.69,-1147.27,902.06,4700.66,0.6918911456096214,False
strangle,0.2,3.0,0.5,20.0,True,True,174,-475.44,0.87,-1388.15,178,546.2,1.12,-1234.95,-475.44,70.76000000000005,-0.34249900947303963,False
strangle,0.2,3.0,0.5,25.0,False,False,245,1036.83,1.13,-1509.93,227,5298.04,1.74,-1512.34,1036.83,6334.87,0.6866742166855416,False
strangle,0.2,3.0,0.5,25.0,False,True,245,-433.54,0.92,-969.91,227,1518.64,1.29,-1261.72,-433.54,1085.1000000000001,-0.4469899269004341,False
strangle,0.2,3.0,0.5,25.0,True,False,188,1020.62,1.18,-1493.12,201,5361.98,1.94,-995.94,1020.62,6382.599999999999,0.6835485426489499,False
strangle,0.2,3.0,0.5,25.0,True,True,188,-859.33,0.81,-1379.63,201,1161.38,1.25,-1310.13,-859.33,302.05000000000007,-0.622869899900698,False
put,0.1,1.5,0.0,0.0,False,False,249,-5552.49,0.22,-5552.5,247,-5764.58,0.32,-5791.88,-5764.58,-11317.07,-0.9999981990094552,False
put,0.1,1.5,0.0,0.0,False,True,199,-3819.0,0.25,-3819.01,179,-2886.95,0.41,-2914.27,-3819.0,-6705.95,-0.9999973815203416,False
put,0.1,1.5,0.0,0.0,True,False,188,-3369.39,0.28,-3369.37,204,-4003.56,0.36,-4030.87,-4003.56,-7372.95,-1.000005935827766,False
put,0.1,1.5,0.0,0.0,True,True,168,-2800.73,0.3,-2800.71,166,-2602.46,0.42,-2629.78,-2800.73,-5403.1900000000005,-1.0000071410463776,False
put,0.1,1.5,0.0,20.0,False,False,224,-5486.38,0.17,-5486.38,185,-3709.21,0.34,-3736.49,-5486.38,-9195.59,-1.0,False
put,0.1,1.5,0.0,20.0,False,True,188,-3778.91,0.22,-3778.92,155,-2480.48,0.4,-2507.78,-3778.91,-6259.389999999999,-0.9999973537412805,False
put,0.1,1.5,0.0,20.0,True,False,174,-3386.8,0.24,-3386.77,178,-3422.76,0.36,-3450.05,-3422.76,-6809.56,-1.000008857997443,False
put,0.1,1.5,0.0,20.0,True,True,158,-2830.9,0.27,-2830.88,150,-2363.22,0.41,-2390.53,-2830.9,-5194.12,-1.0000070649409372,False
put,0.1,1.5,0.0,25.0,False,False,245,-5491.36,0.22,-5491.38,227,-5038.56,0.32,-5065.85,-5491.36,-10529.92,-0.9999963579282438,False
put,0.1,1.5,0.0,25.0,False,True,199,-3819.0,0.25,-3819.01,175,-2868.44,0.4,-2895.75,-3819.0,-6687.4400000000005,-0.9999973815203416,False
put,0.1,1.5,0.0,25.0,True,False,188,-3369.39,0.28,-3369.37,201,-3821.07,0.37,-3848.37,-3821.07,-7190.46,-1.000005935827766,False
put,0.1,1.5,0.0,25.0,True,True,168,-2800.73,0.3,-2800.71,166,-2602.46,0.42,-2629.78,-2800.73,-5403.1900000000005,-1.0000071410463776,False
put,0.1,1.5,0.3,0.0,False,False,249,-5892.78,0.13,-5892.75,247,-6633.22,0.2,-6638.64,-6633.22,-12526.0,-1.0000050910016545,False
put,0.1,1.5,0.3,0.0,False,True,199,-4014.5,0.15,-4034.79,179,-3550.17,0.25,-3555.56,-4014.5,-7564.67,-0.9984840643949195,False
put,0.1,1.5,0.3,0.0,True,False,188,-3628.52,0.17,-3628.49,204,-4847.68,0.21,-4853.08,-4847.68,-8476.2,-1.000008267902075,False
put,0.1,1.5,0.3,0.0,True,True,168,-3009.7,0.18,-3029.96,166,-3293.5,0.25,-3298.89,-3293.5,-6303.2,-0.998366117087869,False
put,0.1,1.5,0.3,20.0,False,False,224,-5647.44,0.1,-5647.42,185,-4443.6,0.21,-4448.98,-5647.44,-10091.04,-1.000003541440162,False
put,0.1,1.5,0.3,20.0,False,True,188,-3898.17,0.13,-3918.45,155,-3104.38,0.24,-3109.76,-3898.17,-7002.55,-0.9982699629553405,False
put,0.1,1.5,0.3,20.0,True,False,174,-3540.96,0.14,-3540.91,178,-4145.09,0.22,-4150.48,-4145.09,-7686.05,-1.0000141206638973,False
put,0.1,1.5,0.3,20.0,True,True,158,-2963.63,0.16,-2983.88,150,-2975.06,0.25,-2980.45,-2975.06,-5938.6900000000005,-0.9981915482561359,False
put,0.1,1.5,0.3,25.0,False,False,245,-5812.97,0.13,-5812.96,227,-5883.85,0.2,-5889.24,-5883.85,-11696.82,-1.000001720293964,False
put,0.1,1.5,0.3,25.0,False,True,199,-4014.5,0.15,-4034.79,175,-3584.63,0.24,-3590.01,-4014.5,-7599.13,-0.998501396932042,False
put,0.1,1.5,0.3,25.0,True,False,188,-3628.52,0.17,-3628.49,201,-4665.19,0.22,-4670.59,-4665.19,-8293.71,-1.000008267902075,False
put,0.1,1.5,0.3,25.0,True,True,168,-3009.7,0.18,-3029.96,166,-3293.5,0.25,-3298.89,-3293.5,-6303.2,-0.998366117087869,False
put,0.1,1.5,0.5,0.0,False,False,249,-6182.91,0.08,-6182.9,247,-7056.8,0.14,-7056.87,-7056.8,-13239.71,-1.00000161736402,False
put,0.1,1.5,0.5,0.0,False,True,199,-4291.28,0.09,-4307.17,179,-3821.75,0.17,-3821.8,-4291.28,-8113.03,-0.9999869171594536,False
put,0.1,1.5,0.5,0.0,True,False,188,-3917.26,0.1,-3917.23,204,-5159.11,0.15,-5159.16,-5159.11,-9076.369999999999,-1.0000076584729516,False
put,0.1,1.5,0.5,0.0,True,True,168,-3275.0,0.11,-3290.87,166,-3526.86,0.17,-3526.91,-3526.86,-6801.860000000001,-0.9999858232844049,False
put,0.1,1.5,0.5,20.0,False,False,224,-5903.26,0.06,-5903.24,185,-4862.41,0.13,-4862.45,-5903.26,-10765.67,-1.000003387969996,False
put,0.1,1.5,0.5,20.0,False,True,188,-4136.12,0.08,-4152.01,155,-3467.52,0.16,-3467.56,-4136.12,-7603.639999999999,-0.9999884645110683,False
put,0.1,1.5,0.5,20.0,True,False,174,-3775.72,0.08,-3775.68,178,-4557.86,0.14,-4557.92,-4557.86,-8333.58,-1.0000105941181456,False
put,0.1,1.5,0.5,20.0,True,True,158,-3190.1,0.1,-3205.97,150,-3332.16,0.16,-3332.21,-3332.16,-6522.26,-0.9999849949432958,False
put,0.1,1.5,0.5,25.0,False,False,245,-6151.81,0.08,-6151.81,227,-6239.09,0.13,-6239.13,-6239.09,-12390.900000000001,-1.0,False
put,0.1,1.5,0.5,25.0,False,True,199,-4291.28,0.09,-4307.17,175,-3830.75,0.16,-3830.79,-4291.28,-8122.03,-0.9999895582895434,False
put,0.1,1.5,0.5,25.0,True,False,188,-3917.26,0.1,-3917.23,201,-4976.62,0.15,-4976.67,-4976.62,-8893.880000000001,-1.0000076584729516,False
put,0.1,1.5,0.5,25.0,True,True,168,-3275.0,0.11,-3290.87,166,-3526.86,0.17,-3526.91,-3526.86,-6801.860000000001,-0.9999858232844049,False
put,0.1,2.0,0.0,0.0,False,False,249,-3445.81,0.46,-3456.88,247,-3117.87,0.58,-3202.09,-3445.81,-6563.68,-0.9967976904029067,False
put,0.1,2.0,0.0,0.0,False,True,199,-2049.0,0.53,-2048.94,179,-954.62,0.77,-1017.25,-2049.0,-3003.62,-1.0000292834343611,False
put,0.1,2.0,0.0,0.0,True,False,188,-1801.83,0.56,-1812.89,204,-1954.85,0.64,-2039.09,-1954.85,-3756.68,-0.9938992437489311,False
put,0.1,2.0,0.0,0.0,True,True,168,-1390.18,0.6,-1390.11,166,-980.82,0.75,-1043.45,-1390.18,-2371.0,-1.0000503557272447,False
put,0.1,2.0,0.0,20.0,False,False,224,-3696.02,0.38,-3707.07,185,-1623.91,0.66,-1708.11,-3696.02,-5319.93,-0.9970192092407211,False
put,0.1,2.0,0.0,20.0,False,True,188,-2109.76,0.5,-2109.71,155,-725.28,0.79,-841.18,-2109.76,-2835.04,-1.0000236999398022,False
put,0.1,2.0,0.0,20.0,True,False,174,-1972.6,0.5,-1983.66,178,-1432.06,0.68,-1516.27,-1972.6,-3404.66,-0.9944244477380195,False
put,0.1,2.0,0.0,20.0,True,True,158,-1521.2,0.55,-1521.13,150,-702.62,0.79,-841.18,-1521.2,-2223.82,-1.0000460184205162,False
put,0.1,2.0,0.0,25.0,False,False,245,-3487.93,0.44,-3498.99,227,-2640.93,0.59,-2725.13,-3487.93,-6128.86,-0.9968390878510656,False
put,0.1,2.0,0.0,25.0,False,True,199,-2049.0,0.53,-2048.94,175,-1014.75,0.75,-1077.38,-2049.0,-3063.75,-1.0000292834343611,False
put,0.1,2.0,0.0,25.0,True,False,188,-1801.83,0.56,-1812.89,201,-1795.78,0.66,-1880.0,-1801.83,-3597.6099999999997,-0.9938992437489311,False
put,0.1,2.0,0.0,25.0,True,True,168,-1390.18,0.6,-1390.11,166,-980.82,0.75,-1043.45,-1390.18,-2371.0,-1.0000503557272447,False
put,0.1,2.0,0.3,0.0,False,False,249,-4419.07,0.27,-4419.07,247,-4461.79,0.37,-4482.95,-4461.79,-8880.86,-1.0,False
put,0.1,2.0,0.3,0.0,False,True,199,-2768.0,0.31,-2811.13,179,-2042.67,0.48,-2063.82,-2768.0,-4810.67,-0.98975201325697,False
put,0.1,2.0,0.3,0.0,True,False,188,-2552.11,0.33,-2552.11,204,-3145.6,0.4,-3166.77,-3145.6,-5697.71,-1.0,False
put,0.1,2.0,0.3,0.0,True,True,168,-2049.96,0.35,-2093.06,166,-2031.9,0.46,-2053.06,-2049.96,-4081.86,-0.9896934332167594,False
put,0.1,2.0,0.3,20.0,False,False,224,-4411.53,0.22,-4411.53,185,-2911.29,0.39,-2932.43,-4411.53,-7322.82,-1.0,False
put,0.1,2.0,0.3,20.0,False,True,188,-2728.28,0.29,-2771.41,155,-1828.54,0.46,-1849.69,-2728.28,-4556.82,-0.9885656515416096,False
put,0.1,2.0,0.3,20.0,True,False,174,-2581.34,0.28,-2581.33,178,-2685.82,0.4,-2706.98,-2685.82,-5267.16,-1.0000038739719448,False
put,0.1,2.0,0.3,20.0,True,True,158,-2080.5,0.32,-2123.6,150,-1772.26,0.46,-1793.43,-2080.5,-3852.76,-0.9881958035719264,False
put,0.1,2.0,0.3,25.0,False,False,245,-4413.03,0.26,-4413.03,227,-4010.28,0.37,-4031.43,-4413.03,-8423.31,-1.0,False
put,0.1,2.0,0.3,25.0,False,True,199,-2768.0,0.31,-2811.13,175,-2141.32,0.46,-2162.47,-2768.0,-4909.32,-0.9902195174961966,False
put,0.1,2.0,0.3,25.0,True,False,188,-2552.11,0.33,-2552.11,201,-3087.52,0.4,-3108.69,-3087.52,-5639.63,-1.0,False
put,0.1,2.0,0.3,25.0,True,True,168,-2049.96,0.35,-2093.06,166,-2031.9,0.46,-2053.06,-2049.96,-4081.86,-0.9896934332167594,False
put,0.1,2.0,0.5,0.0,False,False,249,-4802.88,0.17,-4802.79,247,-5199.19,0.25,-5203.76,-5199.19,-10002.07,-1.0000187391078936,False
put,0.1,2.0,0.5,0.0,False,True,199,-3127.44,0.2,-3157.98,179,-2524.61,0.33,-2529.16,-3127.44,-5652.05,-0.9982009837258221,False
put,0.1,2.0,0.5,0.0,True,False,188,-2933.84,0.2,-2933.78,204,-3696.52,0.27,-3701.06,-3696.52,-6630.360000000001,-1.0000204514312594,False
put,0.1,2.0,0.5,0.0,True,True,168,-2389.35,0.22,-2419.9,166,-2442.45,0.31,-2446.98,-2442.45,-4831.799999999999,-0.9981487384449402,False
put,0.1,2.0,0.5,20.0,False,False,224,-4762.65,0.13,-4762.56,185,-3578.54,0.25,-3583.08,-4762.65,-8341.189999999999,-1.0000188973997177,False
put,0.1,2.0,0.5,20.0,False,True,188,-3036.72,0.18,-3067.27,155,-2403.05,0.29,-2407.59,-3036.72,-5439.77,-0.9981142968694836,False
put,0.1,2.0,0.5,20.0,True,False,174,-2890.7,0.18,-2890.64,178,-3336.67,0.25,-3341.23,-3336.67,-6227.37,-1.0000207566490467,False
put,0.1,2.0,0.5,20.0,True,True,158,-2368.89,0.2,-2399.45,150,-2330.37,0.29,-2334.92,-2368.89,-4699.26,-0.9980513250989327,False
put,0.1,2.0,0.5,25.0,False,False,245,-4871.87,0.16,-4871.78,227,-4632.61,0.25,-4637.14,-4871.87,-9504.48,-1.0000184737406042,False
put,0.1,2.0,0.5,25.0,False,True,199,-3127.44,0.2,-3157.98,175,-2590.17,0.31,-2594.7,-3127.44,-5717.610000000001,-0.9982541334258297,False
put,0.1,2.0,0.5,25.0,True,False,188,-2933.84,0.2,-2933.78,201,-3620.52,0.27,-3625.05,-3620.52,-6554.360000000001,-1.0000204514312594,False
put,0.1,2.0,0.5,25.0,True,True,168,-2389.35,0.22,-2419.9,166,-2442.45,0.31,-2446.98,-2442.45,-4831.799999999999,-0.9981487384449402,False
put,0.1,3.0,0.0,0.0,False,False,249,-614.48,0.87,-940.68,247,-711.68,0.89,-2072.78,-711.68,-1326.1599999999999,-0.653229578602713,False
put,0.1,3.0,0.0,0.0,False,True,199,136.46,1.04,-379.69,179,1449.56,1.52,-629.89,136.46,1586.02,0.3593984566356765,False
put,0.1,3.0,0.0,0.0,True,False,188,-44.82,0.99,-515.97,204,333.51,1.08,-1154.41,-44.82,288.69,-0.086865515436944,False
put,0.1,3.0,0.0,0.0,True,True,168,80.81,1.03,-379.69,166,1260.52,1.48,-629.89,80.81,1341.33,0.21283152045089415,False
put,0.1,3.0,0.0,20.0,False,False,224,-1246.41,0.72,-1421.06,185,531.17,1.15,-716.05,-1246.41,-715.2400000000001,-0.8770987854137053,False
put,0.1,3.0,0.0,20.0,False,True,188,-104.34,0.97,-379.69,155,1148.33,1.48,-486.17,-104.34,1043.99,-0.2748031288682873,False
put,0.1,3.0,0.0,20.0,True,False,174,-383.41,0.87,-731.38,178,595.11,1.18,-647.19,-383.41,211.7,-0.5242281714020072,False
put,0.1,3.0,0.0,20.0,True,True,158,-124.33,0.95,-390.98,150,1108.31,1.47,-486.17,-124.33,983.9799999999999,-0.31799580541204153,False
put,0.1,3.0,0.0,25.0,False,False,245,-781.67,0.83,-1067.76,227,-269.21,0.95,-1370.74,-781.67,-1050.8799999999999,-0.7320652581104368,False
put,0.1,3.0,0.0,25.0,False,True,199,136.46,1.04,-379.69,175,1289.27,1.46,-629.89,136.46,1425.73,0.3593984566356765,False
put,0.1,3.0,0.0,25.0,True,False,188,-44.82,0.99,-515.97,201,358.69,1.08,-1147.7,-44.82,313.87,-0.086865515436944,False
put,0.1,3.0,0.0,25.0,True,True,168,80.81,1.03,-379.69,166,1260.52,1.48,-629.89,80.81,1341.33,0.21283152045089415,False
put,0.1,3.0,0.3,0.0,False,False,249,-2169.71,0.5,-2280.96,247,-2994.13,0.53,-3136.39,-2994.13,-5163.84,-0.9546421203995678,False
put,0.1,3.0,0.3,0.0,False,True,199,-1045.95,0.62,-1219.26,179,-213.11,0.92,-932.3,-1045.95,-1259.06,-0.857856404704493,False
put,0.1,3.0,0.3,0.0,True,False,188,-1142.82,0.59,-1254.06,204,-1512.65,0.64,-1654.9,-1512.65,-2655.4700000000003,-0.9140431446008822,False
put,0.1,3.0,0.3,0.0,True,True,168,-871.87,0.62,-1045.18,166,-253.58,0.9,-932.3,-871.87,-1125.45,-0.8341816720564879,False
put,0.1,3.0,0.3,20.0,False,False,224,-2489.12,0.41,-2600.38,185,-1216.64,0.66,-1358.86,-2489.12,-3705.76,-0.9572139456540967,False
put,0.1,3.0,0.3,20.0,False,True,188,-1159.6,0.57,-1332.92,155,-360.41,0.85,-775.03,-1159.6,-1520.01,-0.8699696906040871,False
put,0.1,3.0,0.3,20.0,True,False,174,-1314.75,0.51,-1425.99,178,-1096.03,0.68,-1238.26,-1314.75,-2410.7799999999997,-0.9219910378053142,False
put,0.1,3.0,0.3,20.0,True,True,158,-963.95,0.57,-1137.26,150,-355.37,0.85,-775.03,-963.95,-1319.3200000000002,-0.8476074072771398,False
put,0.1,3.0,0.3,25.0,False,False,245,-2273.18,0.48,-2384.43,227,-2304.61,0.57,-2446.85,-2304.61,-4577.79,-0.9533431469994925,False
put,0.1,3.0,0.3,25.0,False,True,199,-1045.95,0.62,-1219.26,175,-311.76,0.88,-932.3,-1045.95,-1357.71,-0.857856404704493,False
put,0.1,3.0,0.3,25.0,True,False,188,-1142.82,0.59,-1254.06,201,-1454.57,0.65,-1596.82,-1454.57,-2597.39,-0.9112961102339601,False
put,0.1,3.0,0.3,25.0,True,True,168,-871.87,0.62,-1045.18,166,-253.58,0.9,-932.3,-871.87,-1125.45,-0.8341816720564879,False
put,0.1,3.0,0.5,0.0,False,False,249,-2926.13,0.31,-3010.94,247,-3507.1,0.39,-3614.98,-3507.1,-6433.23,-0.9718327166931258,False
put,0.1,3.0,0.5,0.0,False,True,199,-1619.8,0.39,-1714.62,179,-900.28,0.64,-1124.11,-1619.8,-2520.08,-0.9446991170055173,False
put,0.1,3.0,0.5,0.0,True,False,188,-1682.41,0.37,-1767.25,204,-1792.77,0.5,-1900.61,-1792.77,-3475.1800000000003,-0.9519932097892206,False
put,0.1,3.0,0.5,0.0,True,True,168,-1342.57,0.39,-1437.4,166,-863.73,0.63,-1124.11,-1342.57,-2206.3,-0.9340267149019061,False
put,0.1,3.0,0.5,20.0,False,False,224,-3083.21,0.25,-3168.03,185,-2079.75,0.42,-2187.59,-3083.21,-5162.96,-0.9732262636401802,False
put,0.1,3.0,0.5,20.0,False,True,188,-1668.68,0.35,-1763.51,155,-1104.16,0.54,-1218.8,-1668.68,-2772.84,-0.9462265595318428,False
put,0.1,3.0,0.5,20.0,True,False,174,-1769.23,0.32,-1854.07,178,-1931.37,0.43,-2039.22,-1931.37,-3700.6,-0.9542412098788072,False
put,0.1,3.0,0.5,20.0,True,True,158,-1377.27,0.36,-1472.1,150,-1077.09,0.54,-1184.94,-1377.27,-2454.3599999999997,-0.9355818218871002,False
put,0.1,3.0,0.5,25.0,False,False,245,-2995.12,0.3,-3079.93,227,-2680.89,0.42,-2788.73,-2995.12,-5676.01,-0.9724636598883741,False
put,0.1,3.0,0.5,25.0,False,True,199,-1619.8,0.39,-1714.62,175,-965.84,0.62,-1124.11,-1619.8,-2585.64,-0.9446991170055173,False
put,0.1,3.0,0.5,25.0,True,False,188,-1682.41,0.37,-1767.25,201,-1716.77,0.51,-1824.6,-1716.77,-3399.1800000000003,-0.9519932097892206,False
put,0.1,3.0,0.5,25.0,True,True,168,-1342.57,0.39,-1437.4,166,-863.73,0.63,-1124.11,-1342.57,-2206.3,-0.9340267149019061,False
put,0.16,1.5,0.0,0.0,False,False,249,-5428.44,0.44,-5495.54,247,-5632.1,0.52,-5778.61,-5632.1,-11060.54,-0.9877900988801828,False
put,0.16,1.5,0.0,0.0,False,True,199,-3376.06,0.5,-3376.07,179,-1999.92,0.7,-2134.65,-3376.06,-5375.98,-0.9999970379761083,False
put,0.16,1.5,0.0,0.0,True,False,188,-2703.82,0.56,-2770.94,204,-3485.85,0.59,-3632.38,-3485.85,-6189.67,-0.9757771730892766,False
put,0.16,1.5,0.0,0.0,True,True,168,-2129.82,0.59,-2129.82,166,-1743.69,0.71,-1878.42,-2129.82,-3873.51,-1.0,False
put,0.16,1.5,0.0,20.0,False,False,224,-5754.76,0.36,-5821.88,185,-3322.94,0.57,-3469.46,-5754.76,-9077.7,-0.9884710780710011,False
put,0.16,1.5,0.0,20.0,False,True,188,-3574.04,0.45,-3574.06,155,-1837.76,0.68,-1972.48,-3574.04,-5411.8,-0.9999944041230422,False
put,0.16,1.5,0.0,20.0,True,False,174,-3088.8,0.48,-3155.92,178,-2919.92,0.6,-3066.44,-3088.8,-6008.72,-0.9787320337651145,False
put,0.16,1.5,0.0,20.0,True,True,158,-2426.2,0.52,-2426.21,150,-1677.89,0.69,-1812.61,-2426.2,-4104.09,-0.999995878345238,False
put,0.16,1.5,0.0,25.0,False,False,245,-5357.58,0.43,-5424.69,227,-4591.56,0.55,-4738.09,-5357.58,-9949.14,-0.9876287861610525,False
put,0.16,1.5,0.0,25.0,False,True,199,-3376.06,0.5,-3376.07,175,-1969.24,0.7,-2103.96,-3376.06,-5345.3,-0.9999970379761083,False
put,0.16,1.5,0.0,25.0,True,False,188,-2703.82,0.56,-2770.94,201,-3181.59,0.61,-3328.12,-3181.59,-5885.41,-0.9757771730892766,False
put,0.16,1.5,0.0,25.0,True,True,168,-2129.82,0.59,-2129.82,166,-1743.69,0.71,-1878.42,-2129.82,-3873.51,-1.0,False
put,0.16,1.5,0.3,0.0,False,False,249,-6389.44,0.3,-6398.95,247,-7155.63,0.37,-7222.04,-7155.63,-13545.07,-0.9985138186733761,False
put,0.16,1.5,0.3,0.0,False,True,199,-4036.77,0.35,-4139.88,179,-3236.65,0.49,-3303.09,-4036.77,-7273.42,-0.9798855011519516,False
put,0.16,1.5,0.3,0.0,True,False,188,-3459.83,0.39,-3469.36,204,-4818.6,0.42,-4885.05,-4818.6,-8278.43,-0.9972530956718242,False
put,0.16,1.5,0.3,0.0,True,True,168,-2755.86,0.42,-2858.96,166,-3014.86,0.49,-3081.31,-3014.86,-5770.72,-0.9784344970158797,False
put,0.16,1.5,0.3,20.0,False,False,224,-6364.06,0.24,-6373.58,185,-4559.03,0.4,-4625.48,-6364.06,-10923.09,-0.9985063339598782,False
put,0.16,1.5,0.3,20.0,False,True,188,-4069.26,0.31,-4172.37,155,-2947.58,0.47,-3014.03,-4069.26,-7016.84,-0.977953105974393,False
put,0.16,1.5,0.3,20.0,True,False,174,-3615.1,0.33,-3624.64,178,-4136.12,0.42,-4202.57,-4136.12,-7751.219999999999,-0.9973680144786793,False
put,0.16,1.5,0.3,20.0,True,True,158,-2886.75,0.37,-2989.86,150,-2767.82,0.48,-2834.27,-2886.75,-5654.57,-0.9765548095276738,False
put,0.16,1.5,0.3,25.0,False,False,245,-6284.42,0.29,-6293.93,227,-6227.13,0.37,-6293.57,-6284.42,-12511.55,-0.998489020373598,False
put,0.16,1.5,0.3,25.0,False,True,199,-4036.77,0.35,-4139.88,175,-3310.62,0.48,-3377.07,-4036.77,-7347.389999999999,-0.9803231795609803,False
put,0.16,1.5,0.3,25.0,True,False,188,-3459.83,0.39,-3469.36,201,-4648.76,0.42,-4715.21,-4648.76,-8108.59,-0.9972530956718242,False
put,0.16,1.5,0.3,25.0,True,True,168,-2755.86,0.42,-2858.96,166,-3014.86,0.49,-3081.31,-3014.86,-5770.72,-0.9784344970158797,False
put,0.16,1.5,0.5,0.0,False,False,249,-7122.16,0.2,-7122.09,247,-8137.81,0.26,-8164.49,-8137.81,-15259.970000000001,-1.0000098285756007,False
put,0.16,1.5,0.5,0.0,False,True,199,-4699.99,0.24,-4775.37,179,-3982.71,0.35,-4009.38,-4699.99,-8682.7,-0.9933480987085285,False
put,0.16,1.5,0.5,0.0,True,False,188,-4198.73,0.26,-4198.7,204,-5670.86,0.3,-5697.56,-5670.86,-9869.59,-1.0000071450687116,False
put,0.16,1.5,0.5,0.0,True,True,168,-3424.11,0.28,-3499.5,166,-3676.89,0.35,-3703.56,-3676.89,-7101.0,-0.9927988205942391,False
put,0.16,1.5,0.5,20.0,False,False,224,-6992.99,0.16,-6992.95,185,-5521.21,0.27,-5547.91,-6992.99,-12514.2,-1.0000057200466184,False
put,0.16,1.5,0.5,20.0,False,True,188,-4638.15,0.21,-4713.54,155,-3776.9,0.32,-3803.58,-4638.15,-8415.05,-0.9929855557133017,False
put,0.16,1.5,0.5,20.0,True,False,174,-4222.86,0.22,-4222.85,178,-5087.04,0.28,-5113.74,-5087.04,-9309.9,-1.000002368068958,False
put,0.16,1.5,0.5,20.0,True,True,158,-3460.67,0.24,-3536.07,150,-3585.88,0.32,-3612.56,-3585.88,-7046.55,-0.9926146555351331,False
put,0.16,1.5,0.5,25.0,False,False,245,-7095.06,0.2,-7095.0,227,-7072.51,0.27,-7099.2,-7095.06,-14167.57,-1.0000084566596195,False
put,0.16,1.5,0.5,25.0,False,True,199,-4699.99,0.24,-4775.37,175,-4013.45,0.34,-4040.13,-4699.99,-8713.439999999999,-0.9933962521007986,False
put,0.16,1.5,0.5,25.0,True,False,188,-4198.73,0.26,-4198.7,201,-5484.14,0.3,-5510.83,-5484.14,-9682.869999999999,-1.0000071450687116,False
put,0.16,1.5,0.5,25.0,True,True,168,-3424.11,0.28,-3499.5,166,-3676.89,0.35,-3703.56,-3676.89,-7101.0,-0.9927988205942391,False
put,0.16,2.0,0.0,0.0,False,False,249,-2948.97,0.67,-3071.5,247,-2102.11,0.81,-3002.54,-2948.97,-5051.08,-0.9601074393618753,False
put,0.16,2.0,0.0,0.0,False,True,199,-1313.95,0.78,-1349.57,179,538.63,1.09,-1255.75,-1313.95,-775.32,-0.9736064079669822,False
put,0.16,2.0,0.0,0.0,True,False,188,-1235.28,0.79,-1469.07,204,-796.33,0.9,-1442.56,-1235.28,-2031.6100000000001,-0.8408585023177929,False
put,0.16,2.0,0.0,0.0,True,True,168,-748.48,0.85,-992.8,166,369.09,1.07,-1255.75,-748.48,-379.39000000000004,-0.753908138597905,False
put,0.16,2.0,0.0,20.0,False,False,224,-3578.47,0.57,-3701.02,185,-519.99,0.92,-1098.81,-3578.47,-4098.46,-0.9668875066873456,False
put,0.16,2.0,0.0,20.0,False,True,188,-1511.93,0.74,-1547.56,155,404.64,1.08,-1054.98,-1511.93,-1107.29,-0.9769766600325674,False
put,0.16,2.0,0.0,20.0,True,False,174,-1620.26,0.71,-1854.05,178,-393.74,0.94,-1057.15,-1620.26,-2014.0,-0.8739030770475446,False
put,0.16,2.0,0.0,20.0,True,True,158,-1044.86,0.78,-1289.19,150,397.59,1.08,-1054.98,-1044.86,-647.27,-0.8104778969740689,False
put,0.16,2.0,0.0,25.0,False,False,245,-3063.44,0.65,-3185.97,227,-1358.98,0.85,-2098.15,-3063.44,-4422.42,-0.961540755248794,False
put,0.16,2.0,0.0,25.0,False,True,199,-1313.95,0.78,-1349.57,175,428.41,1.07,-1255.75,-1313.95,-885.54,-0.9736064079669822,False
put,0.16,2.0,0.0,25.0,True,False,188,-1235.28,0.79,-1469.07,201,-502.86,0.93,-1523.46,-1235.28,-1738.1399999999999,-0.8408585023177929,False
put,0.16,2.0,0.0,25.0,True,True,168,-748.48,0.85,-992.8,166,369.09,1.07,-1255.75,-748.48,-379.39000000000004,-0.753908138597905,False
put,0.16,2.0,0.3,0.0,False,False,249,-4683.28,0.44,-4736.41,247,-4388.11,0.57,-4469.28,-4683.28,-9071.39,-0.9887826433944696,False
put,0.16,2.0,0.3,0.0,False,True,199,-2605.88,0.53,-2725.25,179,-1222.86,0.78,-1820.41,-2605.88,-3828.74,-0.9561985138978076,False
put,0.16,2.0,0.3,0.0,True,False,188,-2518.13,0.53,-2571.27,204,-2674.17,0.64,-2755.37,-2674.17,-5192.3,-0.9793331699899273,False
put,0.16,2.0,0.3,0.0,True,True,168,-1870.35,0.58,-1989.71,166,-1339.97,0.74,-1820.41,-1870.35,-3210.3199999999997,-0.9400113584391695,False
put,0.16,2.0,0.3,20.0,False,False,224,-4884.4,0.38,-4937.55,185,-2583.34,0.61,-2664.53,-4884.4,-7467.74,-0.9892355520450424,False
put,0.16,2.0,0.3,20.0,False,True,188,-2638.37,0.5,-2757.75,155,-1328.67,0.73,-1594.44,-2638.37,-3967.04,-0.9567110869368144,False
put,0.16,2.0,0.3,20.0,True,False,174,-2673.4,0.47,-2726.55,178,-2380.2,0.62,-2461.39,-2673.4,-5053.6,-0.9805065008894023,False
put,0.16,2.0,0.3,20.0,True,True,158,-2001.24,0.53,-2120.61,150,-1278.54,0.73,-1594.44,-2001.24,-3279.7799999999997,-0.9437095929944685,False
put,0.16,2.0,0.3,25.0,False,False,245,-4711.48,0.43,-4764.62,227,-3764.36,0.58,-3845.55,-4711.48,-8475.84,-0.9888469594637137,False
put,0.16,2.0,0.3,25.0,False,True,199,-2605.88,0.53,-2725.25,175,-1411.4,0.74,-1820.41,-2605.88,-4017.28,-0.9561985138978076,False
put,0.16,2.0,0.3,25.0,True,False,188,-2518.13,0.53,-2571.27,201,-2614.0,0.64,-2695.2,-2614.0,-5132.13,-0.9793331699899273,False
put,0.16,2.0,0.3,25.0,True,True,168,-1870.35,0.58,-1989.71,166,-1339.97,0.74,-1820.41,-1870.35,-3210.3199999999997,-0.9400113584391695,False
put,0.16,2.0,0.5,0.0,False,False,249,-5539.03,0.32,-5557.95,247,-5801.96,0.41,-5828.63,-5801.96,-11340.99,-0.9965958671812448,False
put,0.16,2.0,0.5,0.0,False,True,199,-3381.21,0.37,-3467.0,179,-2274.86,0.57,-2301.52,-3381.21,-5656.07,-0.9884163509332963,False
put,0.16,2.0,0.5,0.0,True,False,188,-3311.51,0.36,-3330.48,204,-3853.59,0.46,-3880.26,-3853.59,-7165.1,-0.9943041243304269,False
put,0.16,2.0,0.5,0.0,True,True,168,-2576.42,0.4,-2662.24,166,-2258.03,0.54,-2284.69,-2576.42,-4834.450000000001,-0.9883310208387134,False
put,0.16,2.0,0.5,20.0,False,False,224,-5661.04,0.26,-5679.99,185,-3904.21,0.41,-3930.88,-5661.04,-9565.25,-0.9966637265206453,False
put,0.16,2.0,0.5,20.0,False,True,188,-3319.37,0.35,-3405.17,155,-2463.55,0.49,-2490.22,-3319.37,-5782.92,-0.9892901028824764,False
put,0.16,2.0,0.5,20.0,True,False,174,-3335.64,0.32,-3354.63,178,-3657.81,0.42,-3684.48,-3657.81,-6993.45,-0.994339167061643,False
put,0.16,2.0,0.5,20.0,True,True,158,-2612.98,0.37,-2698.81,150,-2381.29,0.49,-2407.95,-2612.98,-4994.27,-0.9889283415353309,False
put,0.16,2.0,0.5,25.0,False,False,245,-5684.21,0.3,-5703.14,227,-4969.95,0.42,-4996.62,-5684.21,-10654.16,-0.9966807758533018,False
put,0.16,2.0,0.5,25.0,False,True,199,-3381.21,0.37,-3467.0,175,-2404.62,0.54,-2431.29,-3381.21,-5785.83,-0.9890305146650543,False
put,0.16,2.0,0.5,25.0,True,False,188,-3311.51,0.36,-3330.48,201,-3760.1,0.46,-3786.76,-3760.1,-7071.610000000001,-0.9943041243304269,False
put,0.16,2.0,0.5,25.0,True,True,168,-2576.42,0.4,-2662.24,166,-2258.03,0.54,-2284.69,-2576.42,-4834.450000000001,-0.9883310208387134,False
put,0.16,3.0,0.0,0.0,False,False,249,1611.96,1.24,-793.64,247,2463.73,1.28,-2261.7,1611.96,4075.69,1.0893266127249415,False
put,0.16,3.0,0.0,0.0,False,True,199,2070.4,1.47,-468.71,179,4336.55,2.1,-789.62,2070.4,6406.950000000001,4.4172302703164,False
put,0.16,3.0,0.0,0.0,True,False,188,1872.06,1.44,-543.05,204,2797.77,1.45,-1124.18,1872.06,4669.83,2.488720667508762,False
put,0.16,3.0,0.0,0.0,True,True,168,1677.42,1.45,-468.71,166,3894.5,2.06,-789.62,1677.42,5571.92,3.578801391052037,False
put,0.16,3.0,0.0,20.0,False,False,224,422.15,1.07,-1138.81,185,2951.93,1.59,-934.68,422.15,3374.08,0.3706939700213381,False
put,0.16,3.0,0.0,20.0,False,True,188,1433.59,1.33,-468.71,155,3626.81,2.1,-552.63,1433.59,5060.4,3.0585863327003904,False
put,0.16,3.0,0.0,20.0,True,False,174,1060.37,1.25,-610.6,178,2984.18,1.63,-890.8,1060.37,4044.5499999999997,1.7366033409760888,False
put,0.16,3.0,0.0,20.0,True,True,158,1104.07,1.3,-468.71,150,3525.76,2.1,-552.63,1104.07,4629.83,2.355550340295705,False
put,0.16,3.0,0.0,25.0,False,False,245,1497.49,1.23,-793.64,227,2855.91,1.39,-1343.51,1497.49,4353.4,1.8868630613376343,False
put,0.16,3.0,0.0,25.0,False,True,199,2070.4,1.47,-468.71,175,4047.82,2.03,-789.62,2070.4,6118.22,4.4172302703164,False
put,0.16,3.0,0.0,25.0,True,False,188,1872.06,1.44,-543.05,201,3091.24,1.53,-1085.76,1872.06,4963.299999999999,2.847074860005894,False
put,0.16,3.0,0.0,25.0,True,True,168,1677.42,1.45,-468.71,166,3894.5,2.06,-789.62,1677.42,5571.92,3.578801391052037,False
put,0.16,3.0,0.3,0.0,False,False,249,-1052.86,0.83,-2106.23,247,-1160.22,0.86,-2749.91,-1160.22,-2213.08,-0.4998789306011214,False
put,0.16,3.0,0.3,0.0,False,True,199,58.64,1.01,-915.27,179,1541.09,1.41,-1024.4,58.64,1599.73,0.0640685262272335,False
put,0.16,3.0,0.3,0.0,True,False,188,11.52,1.0,-832.95,204,-20.77,1.0,-1515.01,-20.77,-9.25,-0.013709480465475475,False
put,0.16,3.0,0.3,0.0,True,True,168,84.1,1.03,-710.32,166,1349.15,1.38,-1024.4,84.1,1433.25,0.11839734204302285,False
put,0.16,3.0,0.3,20.0,False,False,224,-1730.6,0.71,-2341.3,185,47.13,1.01,-1033.93,-1730.6,-1683.4699999999998,-0.7391620040148634,False
put,0.16,3.0,0.3,20.0,False,True,188,-349.84,0.91,-937.92,155,1107.69,1.34,-747.9,-349.84,757.8500000000001,-0.3729955646537018,False
put,0.16,3.0,0.3,20.0,True,False,174,-509.2,0.86,-1138.69,178,175.44,1.04,-998.27,-509.2,-333.76,-0.44718053201485913,False
put,0.16,3.0,0.3,20.0,True,True,158,-283.35,0.91,-869.05,150,1082.99,1.34,-747.9,-283.35,799.64,-0.32604568206662454,False
put,0.16,3.0,0.3,25.0,False,False,245,-1081.06,0.82,-2083.83,227,-605.07,0.92,-1708.18,-1081.06,-1686.13,-0.5187851216270041,False
put,0.16,3.0,0.3,25.0,False,True,199,58.64,1.01,-915.27,175,1352.55,1.36,-1024.4,58.64,1411.19,0.0640685262272335,False
put,0.16,3.0,0.3,25.0,True,False,188,11.52,1.0,-832.95,201,39.4,1.01,-1524.8,11.52,50.92,0.013830361966504591,False
put,0.16,3.0,0.3,25.0,True,True,168,84.1,1.03,-710.32,166,1349.15,1.38,-1024.4,84.1,1433.25,0.11839734204302285,False
put,0.16,3.0,0.5,0.0,False,False,249,-2199.98,0.61,-2603.0,247,-2445.44,0.68,-3299.08,-2445.44,-4645.42,-0.8451709565885517,False
put,0.16,3.0,0.5,0.0,False,True,199,-891.61,0.75,-1262.57,179,209.29,1.06,-940.27,-891.61,-682.32,-0.7061865876743468,False
put,0.16,3.0,0.5,0.0,True,False,188,-1095.01,0.7,-1463.14,204,-831.08,0.83,-1354.98,-1095.01,-1926.0900000000001,-0.7483972825566931,False
put,0.16,3.0,0.5,0.0,True,True,168,-876.3,0.72,-1247.28,166,162.07,1.05,-940.27,-876.3,-714.23,-0.7025687896863575,False
put,0.16,3.0,0.5,20.0,False,False,224,-2750.81,0.5,-3088.82,185,-1594.75,0.68,-1802.72,-2750.81,-4345.5599999999995,-0.8905698616300075,False
put,0.16,3.0,0.5,20.0,False,True,188,-1169.86,0.67,-1540.83,155,-317.11,0.9,-1029.59,-1169.86,-1486.9699999999998,-0.7592401497893992,False
put,0.16,3.0,0.5,20.0,True,False,174,-1449.74,0.6,-1787.76,178,-1412.4,0.7,-1620.36,-1449.74,-2862.1400000000003,-0.8716581500407318,False
put,0.16,3.0,0.5,20.0,True,True,158,-1126.47,0.64,-1497.46,150,-298.9,0.91,-1029.59,-1126.47,-1425.37,-0.7522538164625432,False
put,0.16,3.0,0.5,25.0,False,False,245,-2345.16,0.59,-2713.28,227,-1618.8,0.74,-2180.99,-2345.16,-3963.96,-0.8643265715296614,False
put,0.16,3.0,0.5,25.0,False,True,199,-891.61,0.75,-1262.57,175,79.53,1.02,-940.27,-891.61,-812.08,-0.7061865876743468,False
put,0.16,3.0,0.5,25.0,True,False,188,-1095.01,0.7,-1463.14,201,-737.59,0.84,-1224.69,-1095.01,-1832.6,-0.7483972825566931,False
put,0.16,3.0,0.5,25.0,True,True,168,-876.3,0.72,-1247.28,166,162.07,1.05,-940.27,-876.3,-714.23,-0.7025687896863575,False
put,0.2,1.5,0.0,0.0,False,False,249,-4740.5,0.56,-4877.52,247,-5251.27,0.63,-5478.64,-5251.27,-9991.77,-0.9719078548114615,False
put,0.2,1.5,0.0,0.0,False,True,199,-2413.27,0.67,-2751.95,179,-1363.95,0.83,-1560.73,-2413.27,-3777.2200000000003,-0.8769309035411255,False
put,0.2,1.5,0.0,0.0,True,False,188,-1730.08,0.74,-1867.1,204,-2964.89,0.71,-3192.26,-2964.89,-4694.969999999999,-0.9287745985602676,False
put,0.2,1.5,0.0,0.0,True,True,168,-1086.41,0.81,-1425.1,166,-1045.52,0.86,-1358.96,-1086.41,-2131.9300000000003,-0.7693530346735739,False
put,0.2,1.5,0.0,20.0,False,False,224,-5302.15,0.47,-5439.18,185,-2602.1,0.71,-2829.48,-5302.15,-7904.25,-0.9748068642699818,False
put,0.2,1.5,0.0,20.0,False,True,188,-2764.33,0.61,-3103.02,155,-997.72,0.85,-1194.52,-2764.33,-3762.05,-0.890851493061598,False
put,0.2,1.5,0.0,20.0,True,False,174,-2339.92,0.64,-2476.94,178,-2095.08,0.75,-2322.46,-2339.92,-4435.0,-0.944681744410442,False
put,0.2,1.5,0.0,20.0,True,True,158,-1552.13,0.72,-1890.83,150,-776.34,0.88,-1153.74,-1552.13,-2328.4700000000003,-0.8208723153324202,False
put,0.2,1.5,0.0,25.0,False,False,245,-4647.3,0.56,-4784.32,227,-4301.89,0.65,-4529.28,-4647.3,-8949.19,-0.9713606113303459,False
put,0.2,1.5,0.0,25.0,False,True,199,-2413.27,0.67,-2751.95,175,-1360.08,0.83,-1556.87,-2413.27,-3773.35,-0.8769309035411255,False
put,0.2,1.5,0.0,25.0,True,False,188,-1730.08,0.74,-1867.1,201,-2579.08,0.74,-2806.45,-2579.08,-4309.16,-0.9266134647314016,False
put,0.2,1.5,0.0,25.0,True,True,168,-1086.41,0.81,-1425.1,166,-1045.52,0.86,-1358.96,-1086.41,-2131.9300000000003,-0.7693530346735739,False
put,0.2,1.5,0.3,0.0,False,False,249,-6561.38,0.38,-6619.86,247,-7349.46,0.45,-7456.25,-7349.46,-13910.84,-0.991165976319741,False
put,0.2,1.5,0.3,0.0,False,True,199,-3858.54,0.46,-4069.31,179,-3042.99,0.6,-3149.78,-3858.54,-6901.53,-0.9660960448031289,False
put,0.2,1.5,0.3,0.0,True,False,188,-3312.97,0.5,-3371.43,204,-4569.76,0.53,-4676.54,-4569.76,-7882.73,-0.9826601768389082,False
put,0.2,1.5,0.3,0.0,True,True,168,-2507.41,0.54,-2718.18,166,-2568.97,0.63,-2675.76,-2568.97,-5076.379999999999,-0.9600898436332106,False
put,0.2,1.5,0.3,20.0,False,False,224,-6656.75,0.31,-6715.25,185,-4326.81,0.51,-4433.59,-6656.75,-10983.560000000001,-0.9912884851643647,False
put,0.2,1.5,0.3,20.0,False,True,188,-3984.08,0.42,-4194.87,155,-2562.68,0.6,-2669.46,-3984.08,-6546.76,-0.9599994006278423,False
put,0.2,1.5,0.3,20.0,True,False,174,-3611.44,0.43,-3669.92,178,-3794.46,0.54,-3901.23,-3794.46,-7405.9,-0.9840650477394602,False
put,0.2,1.5,0.3,20.0,True,True,158,-2747.61,0.48,-2958.4,150,-2315.97,0.62,-2422.75,-2747.61,-5063.58,-0.9559261170157878,False
put,0.2,1.5,0.3,25.0,False,False,245,-6422.82,0.38,-6481.29,227,-6283.56,0.46,-6390.35,-6422.82,-12706.380000000001,-0.9909786477691941,False
put,0.2,1.5,0.3,25.0,False,True,199,-3858.54,0.46,-4069.31,175,-2970.55,0.6,-3077.34,-3858.54,-6829.09,-0.9652979521274867,False
put,0.2,1.5,0.3,25.0,True,False,188,-3312.97,0.5,-3371.43,201,-4353.81,0.54,-4460.59,-4353.81,-7666.780000000001,-0.9826601768389082,False
put,0.2,1.5,0.3,25.0,True,True,168,-2507.41,0.54,-2718.18,166,-2568.97,0.63,-2675.76,-2568.97,-5076.379999999999,-0.9600898436332106,False
put,0.2,1.5,0.5,0.0,False,False,249,-7678.05,0.26,-7694.15,247,-8670.36,0.34,-8724.99,-8670.36,-16348.41,-0.9979075011534738,False
put,0.2,1.5,0.5,0.0,False,True,199,-4911.02,0.31,-5019.3,179,-4025.92,0.45,-4080.58,-4911.02,-8936.94,-0.986604845389626,False
put,0.2,1.5,0.5,0.0,True,False,188,-4369.27,0.34,-4385.38,204,-5908.7,0.38,-5963.33,-5908.7,-10277.970000000001,-0.9963264300927173,False
put,0.2,1.5,0.5,0.0,True,True,168,-3471.79,0.37,-3580.08,166,-3648.33,0.45,-3702.98,-3648.33,-7120.12,-0.9852416162118077,False
put,0.2,1.5,0.5,20.0,False,False,224,-7648.82,0.21,-7664.93,185,-5711.3,0.35,-5765.95,-7648.82,-13360.119999999999,-0.9978982195532118,False
put,0.2,1.5,0.5,20.0,False,True,188,-4902.23,0.28,-5010.51,155,-3763.11,0.41,-3817.77,-4902.23,-8665.34,-0.9856827414956899,False
put,0.2,1.5,0.5,20.0,True,False,174,-4482.19,0.29,-4498.31,178,-5164.06,0.37,-5218.71,-5164.06,-9646.25,-0.9964164319488873,False
put,0.2,1.5,0.5,20.0,True,True,158,-3577.66,0.33,-3685.95,150,-3501.51,0.43,-3556.17,-3577.66,-7079.17,-0.984629531209138,False
put,0.2,1.5,0.5,25.0,False,False,245,-7665.49,0.26,-7681.58,227,-7597.19,0.34,-7651.82,-7665.49,-15262.68,-0.9979053788413321,False
put,0.2,1.5,0.5,25.0,False,True,199,-4911.02,0.31,-5019.3,175,-4101.92,0.43,-4156.57,-4911.02,-9012.94,-0.9868521401059047,False
put,0.2,1.5,0.5,25.0,True,False,188,-4369.27,0.34,-4385.38,201,-5672.25,0.38,-5726.89,-5672.25,-10041.52,-0.9963264300927173,False
put,0.2,1.5,0.5,25.0,True,True,168,-3471.79,0.37,-3580.08,166,-3648.33,0.45,-3702.98,-3648.33,-7120.12,-0.9852416162118077,False
put,0.2,2.0,0.0,0.0,False,False,249,-1677.49,0.84,-2007.08,247,-1154.2,0.91,-3084.48,-1677.49,-2831.69,-0.8357863164398032,False
put,0.2,2.0,0.0,0.0,False,True,199,33.15,1.0,-1036.65,179,1355.18,1.18,-1371.16,33.15,1388.3300000000002,0.03197800607726812,False
put,0.2,2.0,0.0,0.0,True,False,188,-117.53,0.98,-1336.04,204,50.36,1.01,-1570.06,-117.53,-67.17,-0.08796892308613515,False
put,0.2,2.0,0.0,0.0,True,True,168,409.27,1.07,-1036.65,166,1078.7,1.16,-1371.16,409.27,1487.97,0.3948005594945256,False
put,0.2,2.0,0.0,20.0,False,False,224,-2609.18,0.73,-2930.1,185,408.36,1.05,-1069.53,-2609.18,-2200.8199999999997,-0.8904747278249889,False
put,0.2,2.0,0.0,20.0,False,True,188,-316.46,0.95,-1036.65,155,1157.73,1.19,-1065.52,-316.46,841.27,-0.3052717889355134,False
put,0.2,2.0,0.0,20.0,True,False,174,-725.92,0.89,-1769.24,178,520.92,1.07,-1069.53,-725.92,-205.0,-0.41030046799755826,False
put,0.2,2.0,0.0,20.0,True,True,158,-55.0,0.99,-1164.96,150,1124.23,1.19,-1065.52,-55.0,1069.23,-0.047211921439362724,False
put,0.2,2.0,0.0,25.0,False,False,245,-1810.88,0.82,-2131.79,227,-361.29,0.97,-2058.48,-1810.88,-2172.17,-0.8494645344991768,False
put,0.2,2.0,0.0,25.0,False,True,199,33.15,1.0,-1036.65,175,1190.58,1.16,-1371.16,33.15,1223.73,0.03197800607726812,False
put,0.2,2.0,0.0,25.0,True,False,188,-117.53,0.98,-1336.04,201,402.64,1.04,-1686.4,-117.53,285.11,-0.08796892308613515,False
put,0.2,2.0,0.0,25.0,True,True,168,409.27,1.07,-1036.65,166,1078.7,1.16,-1371.16,409.27,1487.97,0.3948005594945256,False
put,0.2,2.0,0.3,0.0,False,False,249,-3943.36,0.59,-4045.48,247,-4392.71,0.65,-4521.82,-4392.71,-8336.07,-0.9747570127648635,False
put,0.2,2.0,0.3,0.0,False,True,199,-1658.14,0.73,-1833.07,179,-1122.94,0.84,-1916.6,-1658.14,-2781.08,-0.9045699291352759,False
put,0.2,2.0,0.3,0.0,True,False,188,-1801.3,0.71,-1903.38,204,-2422.44,0.73,-2551.57,-2422.44,-4223.74,-0.9493919429998001,False
put,0.2,2.0,0.3,0.0,True,True,168,-1070.98,0.79,-1245.91,166,-1128.89,0.82,-1916.6,-1128.89,-2199.87,-0.8595966000754468,False
put,0.2,2.0,0.3,20.0,False,False,224,-4310.01,0.51,-4412.15,185,-2288.06,0.71,-2417.17,-4310.01,-6598.07,-0.9768502884081458,False
put,0.2,2.0,0.3,20.0,False,True,188,-1782.23,0.7,-1957.18,155,-1081.83,0.82,-1580.26,-1782.23,-2864.06,-0.9106111854811514,False
put,0.2,2.0,0.3,20.0,True,False,174,-2098.32,0.64,-2200.43,178,-2076.12,0.73,-2205.24,-2098.32,-4174.4400000000005,-0.9535954336197926,False
put,0.2,2.0,0.3,20.0,True,True,158,-1309.73,0.73,-1484.67,150,-1041.39,0.82,-1580.26,-1309.73,-2351.12,-0.8821691015511864,False
put,0.2,2.0,0.3,25.0,False,False,245,-3963.09,0.58,-4065.21,227,-3526.43,0.67,-3655.54,-3963.09,-7489.52,-0.9748795265189253,False
put,0.2,2.0,0.3,25.0,False,True,199,-1658.14,0.73,-1833.07,175,-1187.11,0.83,-1916.6,-1658.14,-2845.25,-0.9045699291352759,False
put,0.2,2.0,0.3,25.0,True,False,188,-1801.3,0.71,-1903.38,201,-2355.35,0.73,-2484.47,-2355.35,-4156.65,-0.9480291571240547,False
put,0.2,2.0,0.3,25.0,True,True,168,-1070.98,0.79,-1245.91,166,-1128.89,0.82,-1916.6,-1128.89,-2199.87,-0.8595966000754468,False
put,0.2,2.0,0.5,0.0,False,False,249,-5166.86,0.43,-5220.73,247,-6162.49,0.48,-6210.46,-6162.49,-11329.349999999999,-0.9922759344718426,False
put,0.2,2.0,0.5,0.0,False,True,199,-2805.3,0.53,-2923.99,179,-2385.67,0.63,-2515.18,-2805.3,-5190.97,-0.9594082059104171,False
put,0.2,2.0,0.5,0.0,True,False,188,-2869.5,0.51,-2923.36,204,-4081.96,0.53,-4129.96,-4081.96,-6951.46,-0.9883776114054373,False
put,0.2,2.0,0.5,0.0,True,True,168,-2023.52,0.57,-2142.21,166,-2419.43,0.61,-2515.18,-2419.43,-4442.95,-0.9619311540327133,False
put,0.2,2.0,0.5,20.0,False,False,224,-5567.06,0.35,-5620.93,185,-3961.89,0.5,-4009.9,-5567.06,-9528.95,-0.9904161766825063,False
put,0.2,2.0,0.5,20.0,False,True,188,-2908.56,0.49,-3027.25,155,-2487.08,0.57,-2535.11,-2908.56,-5395.639999999999,-0.9810540765489465,False
put,0.2,2.0,0.5,20.0,True,False,174,-3094.47,0.45,-3148.34,178,-3691.71,0.51,-3739.72,-3691.71,-6786.18,-0.9871621404811056,False
put,0.2,2.0,0.5,20.0,True,True,158,-2241.44,0.51,-2360.14,150,-2403.35,0.58,-2451.39,-2403.35,-4644.79,-0.9804029550581507,False
put,0.2,2.0,0.5,25.0,False,False,245,-5375.55,0.41,-5429.41,227,-5221.29,0.49,-5269.27,-5375.55,-10596.84,-0.990894374363052,False
put,0.2,2.0,0.5,25.0,False,True,199,-2805.3,0.53,-2923.99,175,-2579.05,0.61,-2627.06,-2805.3,-5384.35,-0.9817248178572245,False
put,0.2,2.0,0.5,25.0,True,False,188,-2869.5,0.51,-2923.36,201,-3970.84,0.53,-4018.85,-3970.84,-6840.34,-0.9880537964840689,False
put,0.2,2.0,0.5,25.0,True,True,168,-2023.52,0.57,-2142.21,166,-2419.43,0.61,-2515.18,-2419.43,-4442.95,-0.9619311540327133,False
put,0.2,3.0,0.0,0.0,False,False,249,3885.21,1.52,-843.38,247,4630.32,1.41,-3310.12,3885.21,8515.529999999999,1.3988375043805057,True
put,0.2,3.0,0.0,0.0,False,True,199,3945.02,1.78,-548.11,179,6707.99,2.45,-690.26,3945.02,10653.01,7.197496852821514,False
put,0.2,3.0,0.0,0.0,True,False,188,3631.54,1.73,-598.97,204,5491.3,1.77,-1318.88,3631.54,9122.84,4.163608516316875,False
put,0.2,3.0,0.0,0.0,True,True,168,3310.67,1.77,-548.11,166,6065.99,2.41,-690.26,3310.67,9376.66,6.040156173030961,False
put,0.2,3.0,0.0,20.0,False,False,224,2095.15,1.29,-1178.21,185,5443.53,1.96,-1059.63,2095.15,7538.68,1.7782483598000356,False
put,0.2,3.0,0.0,20.0,False,True,188,3054.27,1.6,-548.11,155,5481.42,2.38,-642.95,3054.27,8535.69,5.572366860666654,False
put,0.2,3.0,0.0,20.0,True,False,174,2493.28,1.5,-704.19,178,5441.89,2.03,-1059.63,2493.28,7935.17,3.5406353398940626,False
put,0.2,3.0,0.0,20.0,True,True,158,2502.12,1.58,-548.11,150,5333.72,2.39,-642.95,2502.12,7835.84,4.564996077429713,False
put,0.2,3.0,0.0,25.0,False,False,245,3751.82,1.51,-843.38,227,5994.32,1.74,-1469.61,3751.82,9746.14,4.078850851586475,True
put,0.2,3.0,0.0,25.0,False,True,199,3945.02,1.78,-548.11,175,6292.07,2.36,-690.26,3945.02,10237.09,7.197496852821514,False
put,0.2,3.0,0.0,25.0,True,False,188,3631.54,1.73,-598.97,201,5932.3,1.91,-970.72,3631.54,9563.84,6.062974773360936,False
put,0.2,3.0,0.0,25.0,True,True,168,3310.67,1.77,-548.11,166,6065.99,2.41,-690.26,3310.67,9376.66,6.040156173030961,False
put,0.2,3.0,0.3,0.0,False,False,249,470.4,1.07,-1999.48,247,-219.07,0.98,-3975.98,-219.07,251.32999999999998,-0.05509836568594409,False
put,0.2,3.0,0.3,0.0,False,True,199,1325.49,1.29,-762.74,179,3050.16,1.68,-804.48,1325.49,4375.65,1.737800561134856,False
put,0.2,3.0,0.3,0.0,True,False,188,1176.26,1.27,-891.87,204,1725.13,1.26,-1235.13,1176.26,2901.3900000000003,1.3188693419444537,False
put,0.2,3.0,0.3,0.0,True,True,168,1175.23,1.31,-781.93,166,2741.18,1.67,-804.48,1175.23,3916.41,1.5029862008108144,False
put,0.2,3.0,0.3,20.0,False,False,224,-667.91,0.9,-2288.77,185,1614.47,1.29,-1172.07,-667.91,946.5600000000001,-0.29182049747244154,False
put,0.2,3.0,0.3,20.0,False,True,188,739.26,1.16,-793.71,155,2220.06,1.56,-667.62,739.26,2959.3199999999997,0.9313981177004195,False
put,0.2,3.0,0.3,20.0,True,False,174,426.95,1.1,-1074.0,178,1736.8,1.33,-1065.27,426.95,2163.75,0.39753258845437617,False
put,0.2,3.0,0.3,20.0,True,True,158,643.15,1.17,-769.94,150,2170.89,1.56,-667.62,643.15,2814.04,0.8353248305062732,False
put,0.2,3.0,0.3,25.0,False,False,245,450.67,1.07,-1943.34,227,1388.65,1.18,-1746.67,450.67,1839.3200000000002,0.23190486482036085,False
put,0.2,3.0,0.3,25.0,False,True,199,1325.49,1.29,-762.74,175,2772.57,1.62,-804.48,1325.49,4098.06,1.737800561134856,False
put,0.2,3.0,0.3,25.0,True,False,188,1176.26,1.27,-891.87,201,1880.94,1.3,-1204.39,1176.26,3057.2,1.3188693419444537,False
put,0.2,3.0,0.3,25.0,True,True,168,1175.23,1.31,-781.93,166,2741.18,1.67,-804.48,1175.23,3916.41,1.5029862008108144,False
put,0.2,3.0,0.5,0.0,False,False,249,-1195.25,0.81,-2222.11,247,-2646.33,0.73,-4388.86,-2646.33,-3841.58,-0.6029652347078741,False
put,0.2,3.0,0.5,0.0,False,True,199,-76.48,0.98,-859.38,179,713.1,1.16,-1227.69,-76.48,636.62,-0.08899439130535969,False
put,0.2,3.0,0.5,0.0,True,False,188,-444.16,0.89,-1359.93,204,-43.96,0.99,-1317.86,-444.16,-488.12,-0.3266050458479481,False
put,0.2,3.0,0.5,0.0,True,True,168,-226.45,0.94,-1089.32,166,604.13,1.15,-1227.69,-226.45,377.68,-0.2078819814196012,False
put,0.2,3.0,0.5,20.0,False,False,224,-2177.13,0.65,-2776.58,185,-657.68,0.88,-1338.07,-2177.13,-2834.81,-0.7841049060354826,False
put,0.2,3.0,0.5,20.0,False,True,188,-481.71,0.88,-1073.9,155,282.39,1.07,-1051.79,-481.71,-199.32,-0.44856131855852494,False
put,0.2,3.0,0.5,20.0,True,False,174,-962.2,0.77,-1829.0,178,-462.71,0.91,-1124.73,-962.2,-1424.91,-0.526079825041006,False
put,0.2,3.0,0.5,20.0,True,True,158,-594.23,0.83,-1457.1,150,290.91,1.08,-1051.79,-594.23,-303.32,-0.4078168965753895,False
put,0.2,3.0,0.5,25.0,False,False,245,-1403.94,0.78,-2377.83,227,-667.97,0.91,-2060.58,-1403.94,-2071.91,-0.5904290887069303,False
put,0.2,3.0,0.5,25.0,False,True,199,-76.48,0.98,-859.38,175,519.72,1.12,-1227.69,-76.48,443.24,-0.08899439130535969,False
put,0.2,3.0,0.5,25.0,True,False,188,-444.16,0.89,-1359.93,201,155.88,1.03,-1088.28,-444.16,-288.28000000000003,-0.3266050458479481,False
put,0.2,3.0,0.5,25.0,True,True,168,-226.45,0.94,-1089.32,166,604.13,1.15,-1227.69,-226.45,377.68,-0.2078819814196012,False
call,0.1,1.5,0.0,0.0,False,False,249,-3342.52,0.35,-3495.36,247,-8501.19,0.25,-8535.35,-8501.19,-11843.710000000001,-0.9959978208274998,False
call,0.1,1.5,0.0,0.0,False,True,50,-1293.88,0.2,-1342.73,68,-6975.16,0.08,-6975.17,-6975.16,-8269.04,-0.9999985663431858,False
call,0.1,1.5,0.0,0.0,True,False,188,-2124.37,0.41,-2316.08,204,-2421.56,0.49,-2455.69,-2421.56,-4545.93,-0.9861016659268881,False
call,0.1,1.5,0.0,0.0,True,True,20,-547.45,0.18,-596.27,38,-1313.23,0.16,-1313.21,-1313.23,-1860.68,-1.000015229856611,False
call,0.1,1.5,0.0,20.0,False,False,224,-2538.25,0.38,-2778.47,185,-1671.27,0.57,-1705.39,-2538.25,-4209.52,-0.9799928462111305,False
call,0.1,1.5,0.0,20.0,False,True,36,-562.54,0.27,-661.87,30,-861.71,0.21,-861.7,-861.71,-1424.25,-1.0000116049669259,False
call,0.1,1.5,0.0,20.0,True,False,174,-1687.33,0.44,-2006.94,178,-1590.03,0.58,-1624.16,-1687.33,-3277.3599999999997,-0.9789860604866515,False
call,0.1,1.5,0.0,20.0,True,True,16,-216.28,0.28,-265.1,28,-852.88,0.19,-852.87,-852.88,-1069.16,-1.0000117251163718,False
call,0.1,1.5,0.0,25.0,False,False,245,-3194.56,0.36,-3304.75,227,-3075.7,0.45,-3109.84,-3194.56,-6270.26,-0.9890219432510996,False
call,0.1,1.5,0.0,25.0,False,True,46,-1145.92,0.19,-1194.78,52,-1828.25,0.15,-1828.25,-1828.25,-2974.17,-1.0,False
call,0.1,1.5,0.0,25.0,True,False,188,-2124.37,0.41,-2316.08,201,-2300.2,0.5,-2334.33,-2300.2,-4424.57,-0.9853791023548513,False
call,0.1,1.5,0.0,25.0,True,True,20,-547.45,0.18,-596.27,35,-1191.87,0.14,-1191.85,-1191.87,-1739.32,-1.000016780635147,False
call,0.1,1.5,0.3,0.0,False,False,249,-3866.22,0.22,-3921.21,247,-9528.94,0.15,-9551.54,-9528.94,-13395.16,-0.9976338894042217,False
call,0.1,1.5,0.3,0.0,False,True,50,-1181.84,0.17,-1228.11,68,-7126.39,0.05,-7126.4,-7126.39,-8308.23,-0.9999985967669511,False
call,0.1,1.5,0.3,0.0,True,False,188,-2737.55,0.23,-2792.51,204,-3277.5,0.3,-3300.07,-3277.5,-6015.05,-0.9931607511355819,False
call,0.1,1.5,0.3,0.0,True,True,20,-545.59,0.13,-591.83,38,-1325.52,0.12,-1325.51,-1325.52,-1871.1100000000001,-1.0000075442659806,False
call,0.1,1.5,0.3,20.0,False,False,224,-2954.55,0.24,-3032.28,185,-2636.58,0.33,-2659.12,-2954.55,-5591.13,-0.9915235115376516,False
call,0.1,1.5,0.3,20.0,False,True,36,-408.21,0.3,-481.19,30,-956.54,0.12,-956.55,-956.54,-1364.75,-0.9999895457634206,False
call,0.1,1.5,0.3,20.0,True,False,174,-2235.72,0.25,-2313.42,178,-2522.7,0.33,-2545.25,-2522.7,-4758.42,-0.9911403594931735,False
call,0.1,1.5,0.3,20.0,True,True,16,-201.47,0.25,-247.72,28,-935.5,0.11,-935.51,-935.5,-1136.97,-0.9999893106433924,False
call,0.1,1.5,0.3,25.0,False,False,245,-3702.07,0.22,-3757.07,227,-4088.46,0.27,-4111.06,-4088.46,-7790.530000000001,-0.9945026343570758,False
call,0.1,1.5,0.3,25.0,False,True,46,-1017.69,0.17,-1063.97,52,-1964.49,0.09,-1964.51,-1964.49,-2982.1800000000003,-0.999989819344264,False
call,0.1,1.5,0.3,25.0,True,False,188,-2737.55,0.23,-2792.51,201,-3226.47,0.3,-3249.05,-3226.47,-5964.02,-0.9930502762345915,False
call,0.1,1.5,0.3,25.0,True,True,20,-545.59,0.13,-591.83,35,-1274.49,0.08,-1274.49,-1274.49,-1820.08,-1.0,False
call,0.1,1.5,0.5,0.0,False,False,249,-4214.53,0.14,-4240.08,247,-10002.11,0.1,-10012.15,-10002.11,-14216.64,-0.9989972183796688,False
call,0.1,1.5,0.5,0.0,False,True,50,-1221.65,0.12,-1242.2,68,-7130.32,0.04,-7130.3,-7130.32,-8351.97,-1.0000028049310687,False
call,0.1,1.5,0.5,0.0,True,False,188,-3037.53,0.15,-3063.05,204,-3727.51,0.2,-3737.55,-3727.51,-6765.040000000001,-0.9973137483110593,False
call,0.1,1.5,0.5,0.0,True,True,20,-550.64,0.09,-571.16,38,-1322.21,0.09,-1322.19,-1322.21,-1872.85,-1.000015126419047,False
call,0.1,1.5,0.5,20.0,False,False,224,-3247.26,0.15,-3274.73,185,-3110.2,0.21,-3120.22,-3247.26,-6357.46,-0.9967886879771298,False
call,0.1,1.5,0.5,20.0,False,True,36,-425.84,0.22,-460.57,30,-1003.79,0.08,-1003.78,-1003.79,-1429.6299999999999,-1.000009962342346,False
call,0.1,1.5,0.5,20.0,True,False,174,-2502.5,0.15,-2529.93,178,-2980.56,0.21,-2990.59,-2980.56,-5483.0599999999995,-0.996646146746963,False
call,0.1,1.5,0.5,20.0,True,True,16,-199.89,0.18,-220.42,28,-976.61,0.07,-976.6,-976.61,-1176.5,-1.0000102396067991,False
call,0.1,1.5,0.5,25.0,False,False,245,-4041.59,0.14,-4067.15,227,-4495.21,0.18,-4505.24,-4495.21,-8536.8,-0.997773703509691,False
call,0.1,1.5,0.5,25.0,False,True,46,-1048.71,0.12,-1069.27,52,-1902.0,0.07,-1901.98,-1902.0,-2950.71,-1.00001051535768,False
call,0.1,1.5,0.5,25.0,True,False,188,-3037.53,0.15,-3063.05,201,-3656.94,0.19,-3666.98,-3656.94,-6694.47,-0.997262052151907,False
call,0.1,1.5,0.5,25.0,True,True,20,-550.64,0.09,-571.16,35,-1251.64,0.06,-1251.62,-1251.64,-1802.2800000000002,-1.0000159792908392,False
call,0.1,2.0,0.0,0.0,False,False,249,-213.84,0.94,-1269.43,247,-5108.38,0.48,-5940.23,-5108.38,-5322.22,-0.8599633347530315,False
call,0.1,2.0,0.0,0.0,False,True,50,-518.49,0.59,-634.85,68,-6195.37,0.15,-6226.44,-6195.37,-6713.86,-0.9950099896570112,False
call,0.1,2.0,0.0,0.0,True,False,188,-42.15,0.98,-933.27,204,492.34,1.14,-531.21,-42.15,450.19,-0.04516377897071587,False
call,0.1,2.0,0.0,0.0,True,True,20,-262.59,0.5,-340.85,38,-850.89,0.37,-881.93,-850.89,-1113.48,-0.9648044629392356,False
call,0.1,2.0,0.0,20.0,False,False,224,240.7,1.09,-901.37,185,792.3,1.28,-464.61,240.7,1033.0,0.26703795333769703,False
call,0.1,2.0,0.0,20.0,False,True,36,-29.11,0.95,-291.0,30,-553.55,0.42,-584.61,-553.55,-582.66,-0.9468705632815038,False
call,0.1,2.0,0.0,20.0,True,False,174,230.97,1.11,-696.08,178,823.59,1.31,-433.33,230.97,1054.56,0.33181530858522007,False
call,0.1,2.0,0.0,20.0,True,True,16,12.43,1.06,-172.26,28,-544.72,0.4,-575.78,-544.72,-532.2900000000001,-0.9460557851957345,False
call,0.1,2.0,0.0,25.0,False,False,245,-65.88,0.98,-1078.82,227,78.08,1.02,-883.97,-65.88,12.200000000000003,-0.06106672104706995,False
call,0.1,2.0,0.0,25.0,False,True,46,-370.53,0.65,-448.83,52,-1229.75,0.35,-1260.81,-1229.75,-1600.28,-0.975365043107209,False
call,0.1,2.0,0.0,25.0,True,False,188,-42.15,0.98,-933.27,201,619.3,1.19,-465.19,-42.15,577.15,-0.04516377897071587,False
call,0.1,2.0,0.0,25.0,True,True,20,-262.59,0.5,-340.85,35,-723.93,0.39,-754.97,-723.93,-986.52,-0.9588857835410678,False
call,0.1,2.0,0.3,0.0,False,False,249,-1595.17,0.55,-1883.7,247,-6955.11,0.28,-7107.85,-6955.11,-8550.279999999999,-0.9785110828168855,False
call,0.1,2.0,0.3,0.0,False,True,50,-674.6,0.39,-712.56,68,-6516.43,0.09,-6530.39,-6516.43,-7191.030000000001,-0.9978623022514735,False
call,0.1,2.0,0.3,0.0,True,False,188,-1189.54,0.54,-1483.39,204,-1071.62,0.68,-1224.33,-1189.54,-2261.16,-0.8752705561409097,False
call,0.1,2.0,0.3,0.0,True,True,20,-383.38,0.28,-421.33,38,-962.76,0.25,-976.7,-962.76,-1346.1399999999999,-0.9857274495750997,False
call,0.1,2.0,0.3,20.0,False,False,224,-956.19,0.63,-1473.68,185,-734.57,0.74,-887.28,-956.19,-1690.7600000000002,-0.8278897304120458,False
call,0.1,2.0,0.3,20.0,False,True,36,-91.46,0.77,-235.39,30,-720.99,0.24,-734.95,-720.99,-812.45,-0.9810055105789509,False
call,0.1,2.0,0.3,20.0,True,False,174,-813.98,0.61,-1208.06,178,-658.81,0.75,-811.52,-813.98,-1472.79,-0.8118222594637223,False
call,0.1,2.0,0.3,20.0,True,True,16,-83.33,0.57,-180.49,28,-699.95,0.24,-713.91,-699.95,-783.2800000000001,-0.9804457144457986,False
call,0.1,2.0,0.3,25.0,False,False,245,-1431.02,0.57,-1693.1,227,-1703.94,0.59,-1856.68,-1703.94,-3134.96,-0.9177348816166491,False
call,0.1,2.0,0.3,25.0,False,True,46,-510.45,0.45,-548.42,52,-1499.93,0.21,-1513.9,-1499.93,-2010.38,-0.9907721778188784,False
call,0.1,2.0,0.3,25.0,True,False,188,-1189.54,0.54,-1483.39,201,-1020.59,0.69,-1173.32,-1189.54,-2210.13,-0.8698309071693997,False
call,0.1,2.0,0.3,25.0,True,True,20,-383.38,0.28,-421.33,35,-911.73,0.23,-925.68,-911.73,-1295.1100000000001,-0.9849299974073115,False
call,0.1,2.0,0.5,0.0,False,False,249,-2292.43,0.34,-2320.39,247,-7752.98,0.19,-7814.18,-7752.98,-10045.41,-0.9921680841751789,False
call,0.1,2.0,0.5,0.0,False,True,50,-802.11,0.26,-822.62,68,-6561.1,0.07,-6569.81,-6561.1,-7363.21,-0.9986742386766132,False
call,0.1,2.0,0.5,0.0,True,False,188,-1752.96,0.33,-1780.14,204,-1838.58,0.45,-1899.79,-1838.58,-3591.54,-0.9847315379689238,False
call,0.1,2.0,0.5,0.0,True,True,20,-439.89,0.17,-460.39,38,-1013.58,0.18,-1022.3,-1013.58,-1453.47,-0.991470214222831,False
call,0.1,2.0,0.5,20.0,False,False,224,-1558.46,0.39,-1777.52,185,-1484.55,0.47,-1545.79,-1558.46,-3043.01,-0.9603827169279139,False
call,0.1,2.0,0.5,20.0,False,True,36,-170.46,0.52,-257.78,30,-804.64,0.16,-813.38,-804.64,-975.1,-0.9892547148934078,False
call,0.1,2.0,0.5,20.0,True,False,174,-1325.08,0.36,-1478.71,178,-1387.14,0.48,-1448.38,-1387.14,-2712.2200000000003,-0.9577182783523661,False
call,0.1,2.0,0.5,20.0,True,True,16,-127.15,0.34,-174.83,28,-777.46,0.15,-786.2,-777.46,-904.61,-0.9888832358178581,False
call,0.1,2.0,0.5,25.0,False,False,245,-2119.49,0.35,-2146.71,227,-2404.51,0.4,-2465.71,-2404.51,-4524.0,-0.987320131736471,False
call,0.1,2.0,0.5,25.0,False,True,46,-629.17,0.29,-649.69,52,-1454.52,0.17,-1463.23,-1454.52,-2083.69,-0.9940474156489411,False
call,0.1,2.0,0.5,25.0,True,False,188,-1752.96,0.33,-1780.14,201,-1768.01,0.45,-1829.22,-1768.01,-3520.9700000000003,-0.9847315379689238,False
call,0.1,2.0,0.5,25.0,True,True,20,-439.89,0.17,-460.39,35,-943.01,0.17,-951.73,-943.01,-1382.9,-0.9908377375936452,False
call,0.1,3.0,0.0,0.0,False,False,249,2405.1,2.11,-345.4,247,-110.7,0.98,-4991.24,-110.7,2294.4,-0.02217885735809138,False
call,0.1,3.0,0.0,0.0,False,True,50,68.51,1.07,-394.92,68,-4178.82,0.31,-5029.97,-4178.82,-4110.3099999999995,-0.8307842790314852,False
call,0.1,3.0,0.0,0.0,True,False,188,1844.22,2.2,-338.61,204,4107.33,4.29,-232.41,1844.22,5951.55,5.446442810312749,False
call,0.1,3.0,0.0,0.0,True,True,20,-147.78,0.68,-267.53,38,327.88,1.5,-294.41,-147.78,180.1,-0.5523866482263672,False
call,0.1,3.0,0.0,20.0,False,False,224,2224.25,2.35,-245.11,185,3505.88,4.09,-232.41,2224.25,5730.13,9.07449716453837,False
call,0.1,3.0,0.0,20.0,False,True,36,128.77,1.28,-220.56,30,142.11,1.26,-279.71,128.77,270.88,0.508061921275607,False
call,0.1,3.0,0.0,20.0,True,False,174,1911.07,2.7,-217.15,178,3317.6,3.92,-232.41,1911.07,5228.67,8.800690766751094,False
call,0.1,3.0,0.0,20.0,True,True,16,127.24,1.99,-145.26,28,88.64,1.16,-279.71,88.64,215.88,0.3168996460619928,False
call,0.1,3.0,0.0,25.0,False,False,245,2235.37,2.03,-286.22,227,4408.12,3.84,-283.78,2235.37,6643.49,7.809971350709244,True
call,0.1,3.0,0.0,25.0,False,True,46,-101.22,0.89,-335.74,52,355.67,1.37,-363.17,-101.22,254.45000000000002,-0.30148329064156787,False
call,0.1,3.0,0.0,25.0,True,False,188,1844.22,2.2,-338.61,201,4123.03,4.63,-232.41,1844.22,5967.25,5.446442810312749,False
call,0.1,3.0,0.0,25.0,True,True,20,-147.78,0.68,-267.53,35,343.58,1.63,-275.73,-147.78,195.79999999999998,-0.5523866482263672,False
call,0.1,3.0,0.3,0.0,False,False,249,483.51,1.24,-513.16,247,-2878.22,0.58,-5184.32,-2878.22,-2394.71,-0.5551779211159805,False
call,0.1,3.0,0.3,0.0,False,True,50,-164.99,0.78,-379.65,68,-4933.6,0.19,-5371.17,-4933.6,-5098.59,-0.9185335783451278,False
call,0.1,3.0,0.3,0.0,True,False,188,262.23,1.17,-547.28,204,1853.55,2.49,-232.41,262.23,2115.7799999999997,0.4791514398479755,False
call,0.1,3.0,0.3,0.0,True,True,20,-293.48,0.37,-364.45,38,-71.72,0.89,-384.52,-293.48,-365.20000000000005,-0.8052682123748114,False
call,0.1,3.0,0.3,20.0,False,False,224,586.65,1.4,-368.98,185,1526.8,2.34,-232.41,586.65,2113.45,1.5899235730933925,False
call,0.1,3.0,0.3,20.0,False,True,36,51.88,1.18,-217.44,30,-144.78,0.73,-360.14,-144.78,-92.9,-0.402010329316377,False
call,0.1,3.0,0.3,20.0,True,False,174,468.22,1.42,-331.27,178,1418.73,2.25,-281.44,468.22,1886.95,1.413409001720651,False
call,0.1,3.0,0.3,20.0,True,True,16,6.57,1.05,-153.49,28,-175.43,0.68,-390.8,-175.43,-168.86,-0.448899692937564,False
call,0.1,3.0,0.3,25.0,False,False,245,378.27,1.19,-474.79,227,1905.15,2.23,-305.12,378.27,2283.42,0.7967101244760841,False
call,0.1,3.0,0.3,25.0,False,True,46,-270.23,0.64,-341.23,52,-180.72,0.81,-540.99,-270.23,-450.95000000000005,-0.7919291973155936,False
call,0.1,3.0,0.3,25.0,True,False,188,262.23,1.17,-547.28,201,1904.58,2.68,-232.41,262.23,2166.81,0.4791514398479755,False
call,0.1,3.0,0.3,25.0,True,True,20,-293.48,0.37,-364.45,35,-20.69,0.96,-306.79,-293.48,-314.17,-0.8052682123748114,False
call,0.1,3.0,0.5,0.0,False,False,249,-390.43,0.8,-850.87,247,-4053.6,0.38,-5243.13,-4053.6,-4444.03,-0.7731259762775289,False
call,0.1,3.0,0.5,0.0,False,True,50,-324.13,0.53,-416.21,68,-5111.06,0.13,-5334.88,-5111.06,-5435.1900000000005,-0.9580459166841616,False
call,0.1,3.0,0.5,0.0,True,False,188,-456.5,0.7,-847.94,204,855.22,1.75,-363.11,-456.5,398.72,-0.5383635634596787,False
call,0.1,3.0,0.5,0.0,True,True,20,-360.61,0.22,-407.48,38,-153.84,0.72,-370.22,-360.61,-514.45,-0.8849759497398645,False
call,0.1,3.0,0.5,20.0,False,False,224,-139.93,0.9,-663.84,185,675.66,1.66,-321.17,-139.93,535.73,-0.21078874427572908,False
call,0.1,3.0,0.5,20.0,False,True,36,-24.85,0.9,-220.92,30,-165.75,0.62,-326.37,-165.75,-190.6,-0.5078591782332935,False
call,0.1,3.0,0.5,20.0,True,False,174,-179.72,0.84,-625.3,178,607.05,1.59,-389.76,-179.72,427.3299999999999,-0.28741404126019515,False
call,0.1,3.0,0.5,20.0,True,True,16,-47.87,0.63,-156.97,28,-185.19,0.58,-345.81,-185.19,-233.06,-0.5355252884531968,False
call,0.1,3.0,0.5,25.0,False,False,245,-460.69,0.76,-863.9,227,876.11,1.64,-322.84,-460.69,415.42,-0.5332677393216808,False
call,0.1,3.0,0.5,25.0,False,True,46,-394.39,0.43,-441.28,52,-236.61,0.69,-445.53,-394.39,-631.0,-0.8937409354604786,False
call,0.1,3.0,0.5,25.0,True,False,188,-456.5,0.7,-847.94,201,925.79,1.9,-271.02,-456.5,469.28999999999996,-0.5383635634596787,False
call,0.1,3.0,0.5,25.0,True,True,20,-360.61,0.22,-407.48,35,-83.27,0.81,-292.18,-360.61,-443.88,-0.8849759497398645,False
call,0.16,1.5,0.0,0.0,False,False,249,-2552.91,0.63,-3757.38,247,-7634.41,0.46,-7755.52,-7634.41,-10187.32,-0.9843840258293447,False
call,0.16,1.5,0.0,0.0,False,True,50,-1591.76,0.33,-1691.92,68,-8040.43,0.15,-8040.44,-8040.43,-9632.19,-0.9999987562869694,False
call,0.16,1.5,0.0,0.0,True,False,188,-1145.92,0.76,-2455.69,204,-783.03,0.87,-1264.88,-1145.92,-1928.95,-0.6190547719941812,False
call,0.16,1.5,0.0,0.0,True,True,20,-644.18,0.33,-744.36,38,-1622.93,0.26,-1622.92,-1622.93,-2267.11,-1.0000061617331724,False
call,0.16,1.5,0.0,20.0,False,False,224,-1693.76,0.69,-2929.3,185,326.66,1.07,-777.32,-1693.76,-1367.1,-0.5782132250025603,False
call,0.16,1.5,0.0,20.0,False,True,36,-676.17,0.43,-779.04,30,-949.86,0.37,-949.84,-949.86,-1626.03,-1.0000210561778826,False
call,0.16,1.5,0.0,20.0,True,False,174,-671.62,0.83,-2006.0,178,387.14,1.08,-716.85,-671.62,-284.48,-0.33480558325024923,False
call,0.16,1.5,0.0,20.0,True,True,16,-171.67,0.6,-282.4,28,-950.15,0.34,-950.14,-950.15,-1121.82,-1.0000105247647715,False
call,0.16,1.5,0.0,25.0,False,False,245,-2342.77,0.65,-3468.07,227,-1644.81,0.78,-1926.01,-2342.77,-3987.58,-0.8539986812114163,False
call,0.16,1.5,0.0,25.0,False,True,46,-1381.62,0.34,-1481.79,52,-2327.98,0.24,-2327.97,-2327.98,-3709.6,-1.0000042955880017,False
call,0.16,1.5,0.0,25.0,True,False,188,-1145.92,0.76,-2455.69,201,-615.87,0.9,-1188.31,-1145.92,-1761.79,-0.5182738510994606,False
call,0.16,1.5,0.0,25.0,True,True,20,-644.18,0.33,-744.36,35,-1455.77,0.25,-1455.76,-1455.77,-2099.95,-1.0000068692641644,False
call,0.16,1.5,0.3,0.0,False,False,249,-3324.74,0.48,-3763.62,247,-9713.79,0.3,-9798.08,-9713.79,-13038.53,-0.9913972941637547,False
call,0.16,1.5,0.3,0.0,False,True,50,-1311.18,0.33,-1417.32,68,-8519.92,0.09,-8519.9,-8519.92,-9831.1,-1.0000023474453925,False
call,0.16,1.5,0.3,0.0,True,False,188,-2141.3,0.53,-2710.89,204,-2610.87,0.58,-2695.18,-2610.87,-4752.17,-0.968718230322279,False
call,0.16,1.5,0.3,0.0,True,True,20,-637.65,0.28,-743.78,38,-1830.78,0.17,-1830.77,-1830.78,-2468.43,-1.000005462182579,False
call,0.16,1.5,0.3,20.0,False,False,224,-2243.56,0.54,-2914.37,185,-1542.3,0.69,-1626.57,-2243.56,-3785.8599999999997,-0.9481915933528837,False
call,0.16,1.5,0.3,20.0,False,True,36,-303.64,0.61,-469.51,30,-1149.15,0.23,-1149.12,-1149.15,-1452.79,-1.0000261069340017,False
call,0.16,1.5,0.3,20.0,True,False,174,-1536.61,0.58,-2240.03,178,-1426.68,0.7,-1510.96,-1536.61,-2963.29,-0.9442208926775031,False
call,0.16,1.5,0.3,20.0,True,True,16,-143.97,0.6,-294.42,28,-1129.18,0.22,-1129.16,-1129.18,-1273.15,-1.000017712281696,False
call,0.16,1.5,0.3,25.0,False,False,245,-3087.46,0.49,-3474.32,227,-3487.55,0.52,-3571.84,-3487.55,-6575.01,-0.9764015185450636,False
call,0.16,1.5,0.3,25.0,False,True,46,-1073.9,0.36,-1180.05,52,-2595.45,0.16,-2595.44,-2595.45,-3669.35,-1.0000038529112596,False
call,0.16,1.5,0.3,25.0,True,False,188,-2141.3,0.53,-2710.89,201,-2414.89,0.59,-2499.19,-2414.89,-4556.1900000000005,-0.9662690711790619,False
call,0.16,1.5,0.3,25.0,True,True,20,-637.65,0.28,-743.78,35,-1634.8,0.16,-1634.78,-1634.8,-2272.45,-1.0000122340620756,False
call,0.16,1.5,0.5,0.0,False,False,249,-4180.15,0.33,-4256.17,247,-10698.0,0.22,-10762.32,-10698.0,-14878.15,-0.9940235934259528,False
call,0.16,1.5,0.5,0.0,False,True,50,-1471.23,0.24,-1528.02,68,-8416.45,0.08,-8416.47,-8416.45,-9887.68,-0.9999976237068512,False
call,0.16,1.5,0.5,0.0,True,False,188,-2885.29,0.36,-2998.42,204,-3501.61,0.41,-3565.93,-3501.61,-6386.9,-0.9819626296646318,False
call,0.16,1.5,0.5,0.0,True,True,20,-667.14,0.22,-723.93,38,-1693.95,0.16,-1693.97,-1693.95,-2361.09,-0.9999881934154679,False
call,0.16,1.5,0.5,20.0,False,False,224,-2970.93,0.38,-3236.09,185,-2640.63,0.46,-2704.9,-2970.93,-5611.5599999999995,-0.9762394173536915,False
call,0.16,1.5,0.5,20.0,False,True,36,-410.4,0.45,-506.26,30,-1261.97,0.16,-1261.98,-1261.97,-1672.37,-0.9999920759441513,False
call,0.16,1.5,0.5,20.0,True,False,174,-2205.63,0.39,-2514.14,178,-2494.26,0.47,-2558.54,-2494.26,-4699.89,-0.9748762966379264,False
call,0.16,1.5,0.5,20.0,True,True,16,-161.34,0.5,-247.47,28,-1230.5,0.15,-1230.51,-1230.5,-1391.84,-0.9999918732883114,False
call,0.16,1.5,0.5,25.0,False,False,245,-3926.78,0.34,-4002.8,227,-4461.53,0.37,-4525.84,-4461.53,-8388.31,-0.9857904830926413,False
call,0.16,1.5,0.5,25.0,False,True,46,-1217.86,0.26,-1274.65,52,-2496.16,0.13,-2496.18,-2496.16,-3714.0199999999995,-0.9999919877572931,False
call,0.16,1.5,0.5,25.0,True,False,188,-2885.29,0.36,-2998.42,201,-3419.93,0.41,-3484.24,-3419.93,-6305.219999999999,-0.9815426032649875,False
call,0.16,1.5,0.5,25.0,True,True,20,-667.14,0.22,-723.93,35,-1612.27,0.13,-1612.28,-1612.27,-2279.41,-0.9999937976033939,False
call,0.16,2.0,0.0,0.0,False,False,249,2802.54,1.59,-717.11,247,-2597.24,0.79,-6467.95,-2597.24,205.30000000000018,-0.4015553614360037,False
call,0.16,2.0,0.0,0.0,False,True,50,-196.97,0.89,-753.39,68,-7068.29,0.23,-7225.69,-7068.29,-7265.26,-0.978216613223097,False
call,0.16,2.0,0.0,0.0,True,False,188,2423.72,1.74,-708.96,204,3329.94,1.72,-558.52,2423.72,5753.66,3.418697810877905,False
call,0.16,2.0,0.0,0.0,True,True,20,-76.7,0.89,-368.79,38,-1059.95,0.49,-1217.33,-1059.95,-1136.65,-0.8707170611091488,False
call,0.16,2.0,0.0,20.0,False,False,224,2910.48,1.8,-381.09,185,3725.79,2.05,-359.11,2910.48,6636.27,7.637251043060695,False
call,0.16,2.0,0.0,20.0,False,True,36,270.48,1.33,-412.44,30,-498.97,0.62,-656.34,-498.97,-228.49,-0.7602309778468477,False
call,0.16,2.0,0.0,20.0,True,False,174,2484.43,1.95,-413.72,178,3627.96,2.07,-444.51,2484.43,6112.389999999999,6.005100067678622,False
call,0.16,2.0,0.0,20.0,True,True,16,285.29,2.23,-237.86,28,-499.26,0.61,-656.63,-499.26,-213.96999999999997,-0.7603368716019676,False
call,0.16,2.0,0.0,25.0,False,False,245,2871.81,1.63,-568.67,227,3139.47,1.57,-990.5,2871.81,6011.28,3.1695810196870267,True
call,0.16,2.0,0.0,25.0,False,True,46,-127.7,0.92,-604.95,52,-1608.73,0.45,-1766.11,-1608.73,-1736.43,-0.9108889027297281,False
call,0.16,2.0,0.0,25.0,True,False,188,2423.72,1.74,-708.96,201,3529.08,1.82,-443.23,2423.72,5952.799999999999,3.418697810877905,False
call,0.16,2.0,0.0,25.0,True,True,20,-76.7,0.89,-368.79,35,-860.81,0.52,-1018.19,-860.81,-937.51,-0.8454315992103634,False
call,0.16,2.0,0.3,0.0,False,False,249,307.64,1.07,-1104.16,247,-5581.12,0.53,-6661.76,-5581.12,-5273.48,-0.8377846094725717,False
call,0.16,2.0,0.3,0.0,False,True,50,-471.21,0.69,-640.15,68,-7332.69,0.17,-7402.31,-7332.69,-7803.9,-0.9905948278307717,False
call,0.16,2.0,0.3,0.0,True,False,188,322.39,1.1,-995.37,204,614.95,1.14,-611.19,322.39,937.34,0.3238896088891568,False
call,0.16,2.0,0.3,0.0,True,True,20,-317.08,0.56,-477.8,38,-1239.13,0.36,-1308.74,-1239.13,-1556.21,-0.9468114369546282,False
call,0.16,2.0,0.3,20.0,False,False,224,786.66,1.24,-674.71,185,1063.78,1.3,-572.17,786.66,1850.44,1.1659231373478975,False
call,0.16,2.0,0.3,20.0,False,True,36,175.48,1.32,-276.38,30,-796.59,0.4,-866.2,-796.59,-621.11,-0.9196374971138305,False
call,0.16,2.0,0.3,20.0,True,False,174,598.87,1.24,-670.37,178,1053.47,1.31,-582.49,598.87,1652.3400000000001,0.8933424825096589,False
call,0.16,2.0,0.3,20.0,True,True,16,89.7,1.39,-249.89,28,-776.62,0.39,-846.24,-776.62,-686.92,-0.9177301947438079,False
call,0.16,2.0,0.3,25.0,False,False,245,428.64,1.1,-931.13,227,451.09,1.09,-852.33,428.64,879.73,0.4603438832386455,False
call,0.16,2.0,0.3,25.0,False,True,46,-350.21,0.73,-510.92,52,-1602.25,0.38,-1671.87,-1602.25,-1952.46,-0.958358006304318,False
call,0.16,2.0,0.3,25.0,True,False,188,322.39,1.1,-995.37,201,842.91,1.2,-505.8,322.39,1165.3,0.3238896088891568,False
call,0.16,2.0,0.3,25.0,True,True,20,-317.08,0.56,-477.8,35,-1011.17,0.38,-1080.78,-1011.17,-1328.25,-0.9355928125983086,False
call,0.16,2.0,0.5,0.0,False,False,249,-1142.24,0.74,-1834.16,247,-6950.55,0.39,-7197.07,-6950.55,-8092.79,-0.9657471721130961,False
call,0.16,2.0,0.5,0.0,False,True,50,-816.69,0.47,-932.39,68,-7175.17,0.14,-7220.54,-7175.17,-7991.860000000001,-0.9937165364363331,False
call,0.16,2.0,0.5,0.0,True,False,188,-865.57,0.73,-1528.77,204,-632.08,0.85,-1003.23,-865.57,-1497.65,-0.630044954796009,False
call,0.16,2.0,0.5,0.0,True,True,20,-449.33,0.38,-565.05,38,-1063.67,0.35,-1109.02,-1063.67,-1513.0,-0.9591080413337902,False
call,0.16,2.0,0.5,20.0,False,False,224,-449.82,0.86,-1303.22,185,-320.29,0.91,-885.71,-449.82,-770.11,-0.36161949170721797,False
call,0.16,2.0,0.5,20.0,False,True,36,-66.52,0.88,-338.3,30,-858.45,0.31,-903.8,-858.45,-924.97,-0.9498229696835584,False
call,0.16,2.0,0.5,20.0,True,False,174,-465.21,0.82,-1138.72,178,-282.25,0.92,-847.68,-465.21,-747.46,-0.4085376563158634,False
call,0.16,2.0,0.5,20.0,True,True,16,-16.69,0.93,-255.9,28,-826.98,0.3,-872.33,-826.98,-843.6700000000001,-0.9480127933236275,False
call,0.16,2.0,0.5,25.0,False,False,245,-990.75,0.76,-1646.74,227,-904.84,0.81,-1151.34,-990.75,-1895.5900000000001,-0.785901645039693,False
call,0.16,2.0,0.5,25.0,False,True,46,-665.2,0.49,-780.9,52,-1445.64,0.35,-1491.0,-1445.64,-2110.84,-0.9695774647887324,False
call,0.16,2.0,0.5,25.0,True,False,188,-865.57,0.73,-1528.77,201,-550.4,0.86,-880.62,-865.57,-1415.97,-0.6250141945447525,False
call,0.16,2.0,0.5,25.0,True,True,20,-449.33,0.38,-565.05,35,-981.99,0.33,-1027.34,-981.99,-1431.32,-0.955856873089727,False
call,0.16,3.0,0.0,0.0,False,False,249,6327.01,3.2,-500.58,247,4815.94,1.6,-5822.72,4815.94,11142.95,0.8270945537480764,False
call,0.16,3.0,0.0,0.0,False,True,50,627.94,1.43,-500.58,68,-3539.48,0.51,-5822.72,-3539.48,-2911.54,-0.6078739832930314,False
call,0.16,3.0,0.0,0.0,True,False,188,4424.51,2.96,-411.48,204,8880.59,6.92,-408.53,4424.51,13305.1,10.752673276951493,False
call,0.16,3.0,0.0,0.0,True,True,20,-190.27,0.79,-535.8,38,1077.53,2.2,-496.66,-190.27,887.26,-0.3551138484509146,False
call,0.16,3.0,0.0,20.0,False,False,224,5795.95,3.88,-297.54,185,7603.9,6.24,-408.53,5795.95,13399.849999999999,18.612831371013144,False
call,0.16,3.0,0.0,20.0,False,True,36,740.71,2.26,-318.08,30,567.0,1.67,-496.66,567.0,1307.71,1.1416260620947931,False
call,0.16,3.0,0.0,20.0,True,False,174,4407.99,3.83,-297.54,178,7267.0,6.01,-408.53,4407.99,11674.99,14.814781205888282,False
call,0.16,3.0,0.0,20.0,True,True,16,378.81,2.86,-235.71,28,462.8,1.54,-496.66,378.81,841.61,0.9318245882495066,False
call,0.16,3.0,0.0,25.0,False,False,245,5997.5,3.09,-398.23,227,9432.81,5.58,-408.53,5997.5,15430.31,15.060392235642718,True
call,0.16,3.0,0.0,25.0,False,True,46,298.43,1.21,-526.5,52,1136.28,1.78,-496.66,298.43,1434.71,0.5668186134852802,False
call,0.16,3.0,0.0,25.0,True,False,188,4424.51,2.96,-411.48,201,8627.33,6.75,-408.53,4424.51,13051.84,10.752673276951493,False
call,0.16,3.0,0.0,25.0,True,True,20,-190.27,0.79,-535.8,35,824.27,1.91,-496.66,-190.27,634.0,-0.3551138484509146,False
call,0.16,3.0,0.3,0.0,False,False,249,3216.2,2.26,-500.58,247,318.81,1.04,-5968.39,318.81,3535.0099999999998,0.05341641548223222,False
call,0.16,3.0,0.3,0.0,False,True,50,232.75,1.2,-500.58,68,-4731.78,0.35,-6021.18,-4731.78,-4499.03,-0.7858559285721403,False
call,0.16,3.0,0.3,0.0,True,False,188,1888.71,1.84,-612.49,204,5218.51,4.59,-408.53,1888.71,7107.22,3.0836585087103465,False
call,0.16,3.0,0.3,0.0,True,True,20,-457.35,0.49,-631.02,38,465.95,1.55,-520.55,-457.35,8.599999999999966,-0.724778929352477,False
call,0.16,3.0,0.3,20.0,False,False,224,3177.57,2.87,-372.15,185,4306.64,3.97,-408.53,3177.57,7484.210000000001,8.538411930673117,False
call,0.16,3.0,0.3,20.0,False,True,36,607.53,3.12,-330.11,30,53.11,1.06,-520.55,53.11,660.64,0.10202670252617424,False
call,0.16,3.0,0.3,20.0,True,False,174,2126.54,2.37,-372.15,178,4094.53,3.82,-408.53,2126.54,6221.07,5.7142012629316135,False
call,0.16,3.0,0.3,20.0,True,True,16,156.52,1.77,-247.73,28,-13.05,0.98,-528.71,-13.05,143.47,-0.02468271831438785,False
call,0.16,3.0,0.3,25.0,False,False,245,2999.11,2.17,-398.23,227,5369.1,3.67,-451.01,2999.11,8368.210000000001,7.531100118022248,True
call,0.16,3.0,0.3,25.0,False,True,46,15.66,1.01,-526.5,52,301.61,1.21,-727.66,15.66,317.27000000000004,0.029743589743589743,False
call,0.16,3.0,0.3,25.0,True,False,188,1888.71,1.84,-612.49,201,5051.4,4.48,-408.53,1888.71,6940.11,3.0836585087103465,False
call,0.16,3.0,0.3,25.0,True,True,20,-457.35,0.49,-631.02,35,298.84,1.35,-520.55,-457.35,-158.51000000000005,-0.724778929352477,False
call,0.16,3.0,0.5,0.0,False,False,249,1260.49,1.49,-630.61,247,-1732.46,0.77,-5782.64,-1732.46,-471.97,-0.29959672398765963,False
call,0.16,3.0,0.5,0.0,False,True,50,-227.36,0.8,-500.58,68,-4895.26,0.27,-5881.93,-4895.26,-5122.62,-0.8322540390654088,False
call,0.16,3.0,0.5,0.0,True,False,188,485.01,1.22,-738.02,204,3461.23,4.15,-408.53,485.01,3946.24,0.6571773122679602,False
call,0.16,3.0,0.5,0.0,True,True,20,-603.41,0.33,-727.15,38,450.89,1.91,-408.53,-603.41,-152.51999999999998,-0.8298287836072337,False
call,0.16,3.0,0.5,20.0,False,False,224,1506.13,1.89,-428.82,185,2833.22,3.58,-408.53,1506.13,4339.35,3.5122662189263565,False
call,0.16,3.0,0.5,20.0,False,True,36,300.06,2.05,-336.12,30,165.83,1.33,-408.53,165.83,465.89,0.40591878197439607,False
call,0.16,3.0,0.5,20.0,True,False,174,868.43,1.56,-441.2,178,2690.32,3.45,-408.53,868.43,3558.75,1.968336355394379,False
call,0.16,3.0,0.5,20.0,True,True,16,36.32,1.18,-253.75,28,121.03,1.24,-419.42,36.32,157.35,0.14313300492610836,False
call,0.16,3.0,0.5,25.0,False,False,245,1110.34,1.43,-555.59,227,3632.26,3.52,-493.16,1110.34,4742.6,1.998488093738188,True
call,0.16,3.0,0.5,25.0,False,True,46,-377.51,0.67,-628.57,52,408.04,1.49,-493.16,-377.51,30.53000000000003,-0.6005854558760361,False
call,0.16,3.0,0.5,25.0,True,False,188,485.01,1.22,-738.02,201,3345.55,4.05,-408.53,485.01,3830.5600000000004,0.6571773122679602,False
call,0.16,3.0,0.5,25.0,True,True,20,-603.41,0.33,-727.15,35,335.21,1.67,-408.53,-603.41,-268.2,-0.8298287836072337,False
call,0.2,1.5,0.0,0.0,False,False,249,-1408.41,0.83,-3341.21,247,-7086.89,0.56,-7986.75,-7086.89,-8495.300000000001,-0.8873308917895264,False
call,0.2,1.5,0.0,0.0,False,True,50,-1438.54,0.47,-1576.37,68,-8713.91,0.18,-8713.85,-8713.91,-10152.45,-1.0000068855901811,False
call,0.2,1.5,0.0,0.0,True,False,188,-322.26,0.94,-2259.38,204,105.67,1.01,-1253.76,-322.26,-216.58999999999997,-0.1426320495003054,False
call,0.2,1.5,0.0,0.0,True,True,20,-698.22,0.39,-836.07,38,-1928.13,0.29,-1928.09,-1928.13,-2626.3500000000004,-1.0000207459195372,False
call,0.2,1.5,0.0,20.0,False,False,224,-507.07,0.92,-2388.6,185,1509.36,1.26,-596.21,-507.07,1002.29,-0.21228753244578413,False
call,0.2,1.5,0.0,20.0,False,True,36,-409.46,0.69,-627.59,30,-1083.16,0.41,-1083.1,-1083.16,-1492.6200000000001,-1.0000553965469487,False
call,0.2,1.5,0.0,20.0,True,False,174,168.62,1.04,-1758.38,178,1478.58,1.26,-635.31,168.62,1647.1999999999998,0.0958950852489223,False
call,0.2,1.5,0.0,20.0,True,True,16,-154.91,0.7,-314.76,28,-1091.4,0.38,-1091.34,-1091.4,-1246.3100000000002,-1.0000549782835781,False
call,0.2,1.5,0.0,25.0,False,False,245,-1175.25,0.85,-2993.67,227,-739.98,0.92,-1874.0,-1175.25,-1915.23,-0.3948665955176094,False
call,0.2,1.5,0.0,25.0,False,True,46,-1205.38,0.49,-1343.22,52,-2721.95,0.27,-2721.9,-2721.95,-3927.33,-1.00001836952129,False
call,0.2,1.5,0.0,25.0,True,False,188,-322.26,0.94,-2259.38,201,326.12,1.05,-1155.2,-322.26,3.8600000000000136,-0.1426320495003054,False
call,0.2,1.5,0.0,25.0,True,True,20,-698.22,0.39,-836.07,35,-1707.68,0.28,-1707.64,-1707.68,-2405.9,-1.0000234241409196,False
call,0.2,1.5,0.3,0.0,False,False,249,-2829.19,0.62,-3748.92,247,-10009.2,0.38,-10109.9,-10009.2,-12838.390000000001,-0.9900394662657396,False
call,0.2,1.5,0.3,0.0,False,True,50,-1240.88,0.45,-1391.37,68,-9341.11,0.12,-9341.1,-9341.11,-10581.990000000002,-1.0000010705377311,False
call,0.2,1.5,0.3,0.0,True,False,188,-1924.4,0.64,-2892.44,204,-2430.38,0.67,-2531.11,-2430.38,-4354.780000000001,-0.9602032309935167,False
call,0.2,1.5,0.3,0.0,True,True,20,-773.43,0.3,-923.93,38,-2194.38,0.19,-2194.38,-2194.38,-2967.81,-1.0,False
call,0.2,1.5,0.3,20.0,False,False,224,-1641.37,0.71,-2769.45,185,-961.99,0.83,-1174.38,-1641.37,-2603.3599999999997,-0.81914712444013,False
call,0.2,1.5,0.3,20.0,False,True,36,-92.98,0.89,-430.68,30,-1341.07,0.27,-1341.04,-1341.07,-1434.05,-1.0000223706973692,False
call,0.2,1.5,0.3,20.0,True,False,174,-1264.99,0.71,-2364.57,178,-901.38,0.84,-1113.77,-1264.99,-2166.37,-0.809305332339711,False
call,0.2,1.5,0.3,20.0,True,True,16,-203.26,0.57,-353.77,28,-1323.43,0.25,-1323.4,-1323.43,-1526.69,-1.0000226688831797,False
call,0.2,1.5,0.3,25.0,False,False,245,-2558.32,0.64,-3401.38,227,-3347.28,0.62,-3447.98,-3347.28,-5905.6,-0.9707944941675997,False
call,0.2,1.5,0.3,25.0,False,True,46,-970.01,0.49,-1120.51,52,-3063.78,0.18,-3063.77,-3063.78,-4033.79,-1.0000032639525813,False
call,0.2,1.5,0.3,25.0,True,False,188,-1924.4,0.64,-2892.44,201,-2175.71,0.69,-2276.43,-2175.71,-4100.110000000001,-0.9557552834921347,False
call,0.2,1.5,0.3,25.0,True,True,20,-773.43,0.3,-923.93,35,-1939.71,0.18,-1939.7,-1939.71,-2713.14,-1.0000051554364078,False
call,0.2,1.5,0.5,0.0,False,False,249,-3926.55,0.45,-4117.42,247,-11264.51,0.28,-11341.81,-11264.51,-15191.060000000001,-0.9931845093508004,False
call,0.2,1.5,0.5,0.0,False,True,50,-1400.65,0.35,-1484.03,68,-9233.16,0.1,-9233.15,-9233.16,-10633.81,-1.0000010830539956,False
call,0.2,1.5,0.5,0.0,True,False,188,-2804.16,0.46,-3155.5,204,-3527.14,0.5,-3604.46,-3527.14,-6331.299999999999,-0.9785487978781842,False
call,0.2,1.5,0.5,0.0,True,True,20,-718.6,0.28,-802.0,38,-2020.19,0.18,-2020.19,-2020.19,-2738.79,-1.0,False
call,0.2,1.5,0.5,20.0,False,False,224,-2567.74,0.52,-3122.05,185,-2482.49,0.57,-2559.79,-2567.74,-5050.23,-0.9698022103375666,False
call,0.2,1.5,0.5,20.0,False,True,36,-181.55,0.76,-354.93,30,-1493.03,0.18,-1493.0,-1493.03,-1674.58,-1.000020093770931,False
call,0.2,1.5,0.5,20.0,True,False,174,-2044.38,0.52,-2611.73,178,-2368.96,0.58,-2446.26,-2368.96,-4413.34,-0.9684007423577216,False
call,0.2,1.5,0.5,20.0,True,True,16,-132.53,0.64,-271.04,28,-1460.13,0.17,-1460.11,-1460.13,-1592.66,-1.0000136975981264,False
call,0.2,1.5,0.5,25.0,False,False,245,-3632.55,0.47,-3769.88,227,-4589.64,0.45,-4666.93,-4589.64,-8222.19,-0.9834387916681845,False
call,0.2,1.5,0.5,25.0,False,True,46,-1106.65,0.38,-1190.03,52,-2960.64,0.15,-2960.62,-2960.64,-4067.29,-1.0000067553417864,False
call,0.2,1.5,0.5,25.0,True,False,188,-2804.16,0.46,-3155.5,201,-3432.7,0.5,-3510.01,-3432.7,-6236.86,-0.9779744217252941,False
call,0.2,1.5,0.5,25.0,True,True,20,-718.6,0.28,-802.0,35,-1925.75,0.15,-1925.74,-1925.75,-2644.35,-1.0000051928089981,False
call,0.2,2.0,0.0,0.0,False,False,249,4583.82,1.79,-669.79,247,-207.48,0.98,-6822.82,-207.48,4376.34,-0.03040971328570884,False
call,0.2,2.0,0.0,0.0,False,True,50,-118.2,0.95,-798.57,68,-7159.43,0.3,-7484.28,-7159.43,-7277.63,-0.9565956912354964,False
call,0.2,2.0,0.0,0.0,True,False,188,3977.84,2.02,-552.81,204,6016.73,2.15,-600.86,3977.84,9994.57,7.195673016045297,False
call,0.2,2.0,0.0,0.0,True,True,20,37.03,1.04,-416.69,38,-947.12,0.61,-1271.99,-947.12,-910.09,-0.7445970487189365,False
call,0.2,2.0,0.0,20.0,False,False,224,4573.93,2.04,-379.27,185,6057.69,2.49,-353.6,4573.93,10631.619999999999,12.059825454161944,False
call,0.2,2.0,0.0,20.0,False,True,36,374.98,1.36,-411.32,30,-213.5,0.85,-538.39,-213.5,161.48000000000002,-0.3965526848567024,False
call,0.2,2.0,0.0,20.0,True,False,174,3957.38,2.27,-479.23,178,5905.75,2.52,-427.05,3957.38,9863.130000000001,8.257788535776141,False
call,0.2,2.0,0.0,20.0,True,True,16,444.33,2.66,-255.64,28,-196.77,0.86,-521.65,-196.77,247.55999999999997,-0.3772069395188345,False
call,0.2,2.0,0.0,25.0,False,False,245,4661.52,1.85,-451.14,227,5865.97,1.91,-1117.34,4661.52,10527.490000000002,5.249941826122757,True
call,0.2,2.0,0.0,25.0,False,True,46,-40.5,0.98,-579.91,52,-1440.93,0.58,-1765.78,-1440.93,-1481.43,-0.8160303095515863,False
call,0.2,2.0,0.0,25.0,True,False,188,3977.84,2.02,-552.81,201,6296.09,2.3,-600.86,3977.84,10273.93,7.195673016045297,False
call,0.2,2.0,0.0,25.0,True,True,20,37.03,1.04,-416.69,35,-667.76,0.67,-992.63,-667.76,-630.73,-0.6727179311525946,False
call,0.2,2.0,0.3,0.0,False,False,249,1552.98,1.29,-839.2,247,-3966.97,0.7,-6887.9,-3966.97,-2413.99,-0.5759331581468953,False
call,0.2,2.0,0.3,0.0,False,True,50,-378.09,0.8,-678.58,68,-7490.13,0.23,-7680.47,-7490.13,-7868.22,-0.9752176624607608,False
call,0.2,2.0,0.3,0.0,True,False,188,1241.84,1.33,-831.14,204,2389.59,1.47,-654.66,1241.84,3631.4300000000003,1.4941405780012993,False
call,0.2,2.0,0.3,0.0,True,True,20,-273.23,0.67,-499.1,38,-1199.58,0.46,-1344.44,-1199.58,-1472.81,-0.892252536372021,False
call,0.2,2.0,0.3,20.0,False,False,224,2020.13,1.52,-610.14,185,2547.48,1.63,-522.84,2020.13,4567.610000000001,3.310928639328679,False
call,0.2,2.0,0.3,20.0,False,True,36,347.41,1.51,-344.69,30,-647.75,0.56,-792.62,-647.75,-300.34,-0.8172264136660695,False
call,0.2,2.0,0.3,20.0,True,False,174,1496.22,1.49,-658.99,178,2514.39,1.65,-555.71,1496.22,4010.6099999999997,2.2704745140290443,False
call,0.2,2.0,0.3,20.0,True,True,16,190.18,1.71,-273.17,28,-605.14,0.56,-750.0,-605.14,-414.96,-0.8068533333333333,False
call,0.2,2.0,0.3,25.0,False,False,245,1703.75,1.34,-611.75,227,2490.99,1.43,-776.85,1703.75,4194.74,2.785042909685329,True
call,0.2,2.0,0.3,25.0,False,True,46,-227.32,0.85,-456.77,52,-1416.76,0.51,-1600.47,-1416.76,-1644.08,-0.8852149681031197,False
call,0.2,2.0,0.3,25.0,True,False,188,1241.84,1.33,-831.14,201,2703.17,1.58,-473.87,1241.84,3945.01,1.4941405780012993,False
call,0.2,2.0,0.3,25.0,True,True,20,-273.23,0.67,-499.1,35,-886.0,0.52,-1030.86,-886.0,-1159.23,-0.8594765535572242,False
call,0.2,2.0,0.5,0.0,False,False,249,-401.18,0.92,-1669.64,247,-5980.11,0.52,-7244.84,-5980.11,-6381.29,-0.8254302372447148,False
call,0.2,2.0,0.5,0.0,False,True,50,-844.08,0.55,-1010.37,68,-7344.63,0.19,-7408.1,-7344.63,-8188.71,-0.9914323510751745,False
call,0.2,2.0,0.5,0.0,True,False,188,-317.94,0.92,-1472.79,204,577.98,1.12,-905.18,-317.94,260.04,-0.2158759904670727,False
call,0.2,2.0,0.5,0.0,True,True,20,-452.06,0.46,-618.37,38,-998.58,0.46,-1062.06,-998.58,-1450.64,-0.9402293655725666,False
call,0.2,2.0,0.5,20.0,False,False,224,350.01,1.09,-1048.84,185,590.37,1.15,-810.17,350.01,940.38,0.3337115289271958,False
call,0.2,2.0,0.5,20.0,False,True,36,20.3,1.03,-367.8,30,-773.43,0.44,-836.89,-773.43,-753.13,-0.9241716354598573,False
call,0.2,2.0,0.5,20.0,True,False,174,99.69,1.03,-1030.81,178,626.51,1.17,-774.03,99.69,726.2,0.09671035399346145,False
call,0.2,2.0,0.5,20.0,True,True,16,44.76,1.17,-282.85,28,-715.56,0.44,-779.02,-715.56,-670.8,-0.9185386767990552,False
call,0.2,2.0,0.5,25.0,False,False,245,-205.71,0.96,-1420.62,227,474.22,1.09,-843.6,-205.71,268.51,-0.14480297334966424,False
call,0.2,2.0,0.5,25.0,False,True,46,-648.61,0.58,-814.9,52,-1292.65,0.48,-1356.11,-1292.65,-1941.2600000000002,-0.9532043860748761,False
call,0.2,2.0,0.5,25.0,True,False,188,-317.94,0.92,-1472.79,201,672.42,1.15,-751.57,-317.94,354.47999999999996,-0.2158759904670727,False
call,0.2,2.0,0.5,25.0,True,True,20,-452.06,0.46,-618.37,35,-904.14,0.45,-967.61,-904.14,-1356.2,-0.9344053906015853,False
call,0.2,3.0,0.0,0.0,False,False,249,9270.27,3.9,-579.38,247,8915.32,2.02,-6200.92,8915.32,18185.59,1.4377414964231114,False
call,0.2,3.0,0.0,0.0,False,True,50,988.56,1.56,-579.38,68,-2831.87,0.65,-6200.92,-2831.87,-1843.31,-0.456685459576966,False
call,0.2,3.0,0.0,0.0,True,False,188,6582.86,3.63,-450.64,204,12410.06,7.98,-484.25,6582.86,18992.92,14.607802236818747,False
call,0.2,3.0,0.0,0.0,True,True,20,-95.33,0.91,-615.02,38,1446.82,2.18,-583.43,-95.33,1351.49,-0.15500308933042828,False
call,0.2,3.0,0.0,20.0,False,False,224,8439.7,4.87,-336.27,185,10771.36,7.82,-484.25,8439.7,19211.06,22.243386680433662,False
call,0.2,3.0,0.0,20.0,False,True,36,1010.67,2.37,-423.38,30,874.85,1.85,-583.43,874.85,1885.52,1.4994943695044822,False
call,0.2,3.0,0.0,20.0,True,False,174,6467.64,4.87,-336.27,178,10295.74,7.52,-484.25,6467.64,16763.38,19.233473101971633,False
call,0.2,3.0,0.0,20.0,True,True,16,566.82,3.5,-246.95,28,734.93,1.72,-583.43,566.82,1301.75,1.2596712544778295,False
call,0.2,3.0,0.0,25.0,False,False,245,8816.8,3.76,-451.14,227,13595.99,7.06,-484.25,8816.8,22412.79,19.543378995433788,True
call,0.2,3.0,0.0,25.0,False,True,46,535.09,1.3,-641.46,52,1930.72,2.14,-583.43,535.09,2465.81,0.8341751629096125,False
call,0.2,3.0,0.0,25.0,True,False,188,6582.86,3.63,-450.64,201,12066.43,7.79,-484.25,6582.86,18649.29,14.607802236818747,False
call,0.2,3.0,0.0,25.0,True,True,20,-95.33,0.91,-615.02,35,1103.19,1.9,-583.43,-95.33,1007.86,-0.15500308933042828,False
call,0.2,3.0,0.3,0.0,False,False,249,5310.31,2.85,-579.38,247,3198.88,1.37,-6413.87,3198.88,8509.19,0.4987441279601863,False
call,0.2,3.0,0.3,0.0,False,True,50,482.26,1.34,-579.38,68,-4287.85,0.45,-6489.35,-4287.85,-3805.59,-0.6607518472574295,False
call,0.2,3.0,0.3,0.0,True,False,188,3363.58,2.35,-521.71,204,7868.49,5.98,-484.25,3363.58,11232.07,6.447221636541373,False
call,0.2,3.0,0.3,0.0,True,True,20,-437.06,0.59,-695.47,38,822.29,1.8,-612.71,-437.06,385.22999999999996,-0.6284383222856486,False
call,0.2,3.0,0.3,20.0,False,False,224,5108.73,3.77,-358.57,185,6553.76,5.15,-484.25,5108.73,11662.49,13.53383582860093,False
call,0.2,3.0,0.3,20.0,False,True,36,840.27,3.05,-440.9,30,216.99,1.21,-612.71,216.99,1057.26,0.3541479655954693,False
call,0.2,3.0,0.3,20.0,True,False,174,3571.57,3.15,-358.57,178,6244.56,4.95,-484.25,3571.57,9816.130000000001,9.960593468499875,False
call,0.2,3.0,0.3,20.0,True,True,16,281.2,2.24,-257.94,28,125.83,1.12,-614.16,125.83,407.03,0.20488146411358604,False
call,0.2,3.0,0.3,25.0,False,False,245,5006.46,2.75,-451.14,227,8487.64,5.15,-484.25,5006.46,13494.099999999999,11.09735337145897,True
call,0.2,3.0,0.3,25.0,False,True,46,178.41,1.12,-641.46,52,980.52,1.66,-754.19,178.41,1158.93,0.27813113834066033,False
call,0.2,3.0,0.3,25.0,True,False,188,3363.58,2.35,-521.71,201,7638.11,5.84,-484.25,3363.58,11001.689999999999,6.447221636541373,False
call,0.2,3.0,0.3,25.0,True,True,20,-437.06,0.59,-695.47,35,591.91,1.58,-612.71,-437.06,154.84999999999997,-0.6284383222856486,False
call,0.2,3.0,0.5,0.0,False,False,249,2652.82,1.93,-579.38,247,303.84,1.04,-6347.47,303.84,2956.6600000000003,0.047867890671401354,False
call,0.2,3.0,0.5,0.0,False,True,50,-144.93,0.9,-592.54,68,-4580.63,0.35,-6398.93,-4580.63,-4725.56,-0.7158431175212105,False
call,0.2,3.0,0.5,0.0,True,False,188,1464.76,1.59,-710.76,204,5366.99,5.63,-484.25,1464.76,6831.75,2.060836287917159,False
call,0.2,3.0,0.5,0.0,True,True,20,-632.88,0.4,-815.15,38,718.12,2.19,-484.25,-632.88,85.24000000000001,-0.7763969821505244,False
call,0.2,3.0,0.5,20.0,False,False,224,2826.57,2.53,-420.4,185,4473.61,4.86,-484.25,2826.57,7300.18,6.723525214081827,False
call,0.2,3.0,0.5,20.0,False,True,36,415.0,2.01,-450.59,30,317.94,1.53,-484.25,317.94,732.94,0.6565616933402169,False
call,0.2,3.0,0.5,20.0,True,False,174,1864.25,2.12,-420.4,178,4261.35,4.68,-484.25,1864.25,6125.6,4.434467174119886,False
call,0.2,3.0,0.5,20.0,True,True,16,118.79,1.52,-267.62,28,255.29,1.42,-491.21,118.79,374.08,0.4438756445706599,False
call,0.2,3.0,0.5,25.0,False,False,245,2440.69,1.85,-455.27,227,5965.98,5.43,-484.25,2440.69,8406.67,5.360972609660202,True
call,0.2,3.0,0.5,25.0,False,True,46,-357.06,0.75,-702.58,52,998.92,2.26,-484.25,-357.06,641.8599999999999,-0.508212587890347,False
call,0.2,3.0,0.5,25.0,True,False,188,1464.76,1.59,-710.76,201,5206.12,5.49,-484.25,1464.76,6670.88,2.060836287917159,False
call,0.2,3.0,0.5,25.0,True,True,20,-632.88,0.4,-815.15,35,557.25,1.92,-484.25,-632.88,-75.63,-0.7763969821505244,False
