structure,delta,stop_mult,tp_mult,vix_max,skip_bwd,trend_filter,t24,pnl24,pf24,dd24,t25,pnl25,pf25,dd25,pnl_is,pf_min,consistent
strangle,0.1,1.5,0.0,0.0,False,False,252,8500.53,1.61,-1059.84,250,12125.95,1.56,-4601.15,20626.480000000003,1.56,False
strangle,0.1,1.5,0.0,0.0,False,True,252,6515.24,1.56,-877.82,250,10125.99,1.63,-2436.77,16641.23,1.56,True
strangle,0.1,1.5,0.0,0.0,True,False,191,6819.19,1.7,-788.27,207,12999.69,1.87,-1658.06,19818.88,1.7,True
strangle,0.1,1.5,0.0,0.0,True,True,191,5576.1,1.58,-877.82,207,10900.46,1.86,-1513.91,16476.559999999998,1.58,True
strangle,0.1,1.5,0.0,20.0,False,False,227,5238.06,1.41,-1424.22,188,11817.18,1.91,-1527.22,17055.24,1.41,False
strangle,0.1,1.5,0.0,20.0,False,True,227,5516.42,1.53,-877.82,188,10075.98,1.89,-1368.2,15592.4,1.53,False
strangle,0.1,1.5,0.0,20.0,True,False,177,4882.49,1.53,-788.27,181,12034.78,1.99,-1527.22,16917.27,1.53,False
strangle,0.1,1.5,0.0,20.0,True,True,177,4330.83,1.49,-959.09,181,10122.9,1.93,-1368.2,14453.73,1.49,False
strangle,0.1,1.5,0.0,25.0,False,False,248,8128.36,1.6,-1059.84,230,13024.74,1.75,-2168.09,21153.1,1.6,True
strangle,0.1,1.5,0.0,25.0,False,True,248,6598.85,1.58,-877.82,230,10836.57,1.77,-1471.28,17435.42,1.58,True
strangle,0.1,1.5,0.0,25.0,True,False,191,6819.19,1.7,-788.27,204,13170.37,1.92,-1658.06,19989.56,1.7,True
strangle,0.1,1.5,0.0,25.0,True,True,191,5576.1,1.58,-877.82,204,10766.93,1.85,-1513.91,16343.03,1.58,True
strangle,0.1,1.5,0.3,0.0,False,False,252,4593.36,1.34,-1248.29,250,7175.0,1.35,-4919.2,11768.36,1.34,False
strangle,0.1,1.5,0.3,0.0,False,True,252,4353.41,1.4,-971.86,250,7109.06,1.48,-2556.71,11462.470000000001,1.4,True
strangle,0.1,1.5,0.3,0.0,True,False,191,3680.72,1.39,-936.22,207,9097.71,1.66,-1671.1,12778.429999999998,1.39,True
strangle,0.1,1.5,0.3,0.0,True,True,191,3599.91,1.4,-971.86,207,8346.34,1.73,-1539.93,11946.25,1.4,True
strangle,0.1,1.5,0.3,20.0,False,False,227,2055.42,1.16,-1892.13,188,8035.63,1.66,-1579.02,10091.05,1.16,False
strangle,0.1,1.5,0.3,20.0,False,True,227,3749.04,1.39,-971.86,188,7341.49,1.7,-1368.2,11090.529999999999,1.39,False
strangle,0.1,1.5,0.3,20.0,True,False,177,2229.71,1.25,-1357.47,181,8454.24,1.74,-1579.02,10683.95,1.25,False
strangle,0.1,1.5,0.3,20.0,True,True,177,2703.46,1.32,-1351.16,181,7505.52,1.75,-1368.2,10208.98,1.32,False
strangle,0.1,1.5,0.3,25.0,False,False,248,4131.9,1.31,-1428.38,230,8810.02,1.55,-2407.63,12941.92,1.31,True
strangle,0.1,1.5,0.3,25.0,False,True,248,4447.59,1.42,-971.86,230,8142.5,1.64,-1513.33,12590.09,1.42,True
strangle,0.1,1.5,0.3,25.0,True,False,191,3680.72,1.39,-936.22,204,9383.66,1.71,-1671.1,13064.38,1.39,True
strangle,0.1,1.5,0.3,25.0,True,True,191,3599.91,1.4,-971.86,204,8244.46,1.72,-1539.93,11844.369999999999,1.4,True
strangle,0.1,1.5,0.5,0.0,False,False,252,694.99,1.05,-1636.64,250,2528.22,1.14,-5101.13,3223.21,1.05,False
strangle,0.1,1.5,0.5,0.0,False,True,252,1420.01,1.13,-1061.29,250,3833.0,1.28,-2435.26,5253.01,1.13,False
strangle,0.1,1.5,0.5,0.0,True,False,191,725.39,1.08,-1180.4,207,4902.65,1.39,-1483.76,5628.04,1.08,False
strangle,0.1,1.5,0.5,0.0,True,True,191,1193.67,1.14,-1053.19,207,5114.94,1.49,-1329.38,6308.61,1.14,False
strangle,0.1,1.5,0.5,20.0,False,False,227,-1222.22,0.9,-2859.59,188,3353.99,1.28,-1623.49,2131.7699999999995,0.9,False
strangle,0.1,1.5,0.5,20.0,False,True,227,1193.33,1.13,-1384.35,188,3895.21,1.39,-1329.38,5088.54,1.13,False
strangle,0.1,1.5,0.5,20.0,True,False,177,-225.56,0.97,-1989.03,181,3870.37,1.35,-1623.49,3644.81,0.97,False
strangle,0.1,1.5,0.5,20.0,True,True,177,636.07,1.08,-1866.06,181,4144.23,1.44,-1329.38,4780.299999999999,1.08,False
strangle,0.1,1.5,0.5,25.0,False,False,248,68.47,1.01,-2045.13,230,4004.28,1.27,-2550.32,4072.75,1.01,False
strangle,0.1,1.5,0.5,25.0,False,True,248,1523.84,1.15,-1061.29,230,4672.26,1.4,-1379.45,6196.1,1.15,False
strangle,0.1,1.5,0.5,25.0,True,False,191,725.39,1.08,-1180.4,204,4661.96,1.38,-1483.76,5387.35,1.08,False
strangle,0.1,1.5,0.5,25.0,True,True,191,1193.67,1.14,-1053.19,204,5038.09,1.49,-1329.38,6231.76,1.14,False
strangle,0.1,2.0,0.0,0.0,False,False,252,16710.88,2.31,-1104.36,250,18716.59,1.83,-4252.79,35427.47,1.83,False
strangle,0.1,2.0,0.0,0.0,False,True,252,12756.33,2.3,-858.19,250,15325.65,2.06,-2161.17,28081.98,2.06,True
strangle,0.1,2.0,0.0,0.0,True,False,191,13397.57,2.57,-824.02,207,18169.55,2.16,-2123.95,31567.12,2.16,True
strangle,0.1,2.0,0.0,0.0,True,True,191,10165.78,2.23,-900.84,207,14936.88,2.29,-1607.18,25102.66,2.23,True
strangle,0.1,2.0,0.0,20.0,False,False,227,12065.49,2.0,-1104.36,188,16971.59,2.35,-1527.22,29037.08,2.0,False
strangle,0.1,2.0,0.0,20.0,False,True,227,10524.43,2.13,-822.85,188,13465.01,2.29,-1078.65,23989.440000000002,2.13,False
strangle,0.1,2.0,0.0,20.0,True,False,177,10241.54,2.2,-824.02,181,16600.46,2.39,-1527.22,26842.0,2.2,False
strangle,0.1,2.0,0.0,20.0,True,True,177,8167.97,2.03,-822.85,181,12980.66,2.27,-1078.65,21148.63,2.03,False
strangle,0.1,2.0,0.0,25.0,False,False,248,16514.01,2.34,-1104.36,230,20632.34,2.22,-1793.64,37146.35,2.22,True
strangle,0.1,2.0,0.0,25.0,False,True,248,12786.49,2.32,-900.84,230,15533.73,2.22,-1564.55,28320.22,2.22,True
strangle,0.1,2.0,0.0,25.0,True,False,191,13397.57,2.57,-824.02,204,18847.01,2.3,-2123.95,32244.579999999998,2.3,True
strangle,0.1,2.0,0.0,25.0,True,True,191,10165.78,2.23,-900.84,204,14803.35,2.28,-1607.18,24969.13,2.23,True
strangle,0.1,2.0,0.3,0.0,False,False,252,12758.42,2.1,-1312.66,250,12703.64,1.6,-5313.93,25462.059999999998,1.6,False
strangle,0.1,2.0,0.3,0.0,False,True,252,10790.65,2.29,-868.72,250,12058.03,1.94,-2239.73,22848.68,1.94,True
strangle,0.1,2.0,0.3,0.0,True,False,191,10382.51,2.36,-828.24,207,13698.79,1.97,-1911.22,24081.300000000003,1.97,True
strangle,0.1,2.0,0.3,0.0,True,True,191,8559.03,2.2,-867.92,207,12164.51,2.21,-1589.65,20723.54,2.2,True
strangle,0.1,2.0,0.3,20.0,False,False,227,9011.6,1.83,-1156.07,188,12937.23,2.13,-1579.02,21948.83,1.83,False
strangle,0.1,2.0,0.3,20.0,False,True,227,9048.96,2.15,-867.92,188,10720.14,2.14,-966.31,19769.1,2.14,False
strangle,0.1,2.0,0.3,20.0,True,False,177,7828.74,2.03,-828.24,181,12765.17,2.18,-1579.02,20593.91,2.03,False
strangle,0.1,2.0,0.3,20.0,True,True,177,6948.33,2.02,-867.92,181,10340.46,2.14,-966.31,17288.79,2.02,False
strangle,0.1,2.0,0.3,25.0,False,False,248,12478.44,2.12,-1156.07,230,15405.34,1.99,-1740.0,27883.78,1.99,True
strangle,0.1,2.0,0.3,25.0,False,True,248,10837.56,2.31,-867.92,230,12634.09,2.14,-1563.04,23471.65,2.14,True
strangle,0.1,2.0,0.3,25.0,True,False,191,10382.51,2.36,-828.24,204,14491.52,2.11,-1911.22,24874.03,2.11,True
strangle,0.1,2.0,0.3,25.0,True,True,191,8559.03,2.2,-867.92,204,12062.63,2.2,-1589.65,20621.66,2.2,True
strangle,0.1,2.0,0.5,0.0,False,False,252,8394.15,1.78,-1286.66,250,7447.1,1.39,-5238.04,15841.25,1.39,False
strangle,0.1,2.0,0.5,0.0,False,True,252,7356.01,1.93,-969.89,250,8239.28,1.71,-2234.04,15595.29,1.71,True
strangle,0.1,2.0,0.5,0.0,True,False,191,6421.18,1.84,-912.45,207,9226.13,1.74,-1912.07,15647.31,1.74,True
strangle,0.1,2.0,0.5,0.0,True,True,191,5319.03,1.75,-969.89,207,8613.93,1.96,-1079.12,13932.96,1.75,True
strangle,0.1,2.0,0.5,20.0,False,False,227,5223.87,1.5,-1286.66,188,7703.16,1.71,-1623.49,12927.029999999999,1.5,False
strangle,0.1,2.0,0.5,20.0,False,True,227,6124.52,1.83,-969.89,188,7004.76,1.81,-1027.49,13129.28,1.81,False
strangle,0.1,2.0,0.5,20.0,True,False,177,4490.63,1.59,-912.45,181,7612.25,1.74,-1623.49,12102.880000000001,1.59,False
strangle,0.1,2.0,0.5,20.0,True,True,177,4118.28,1.61,-969.89,181,6693.44,1.8,-1027.49,10811.72,1.61,False
strangle,0.1,2.0,0.5,25.0,False,False,248,7734.82,1.71,-1286.66,230,9927.22,1.7,-2072.2,17662.04,1.7,True
strangle,0.1,2.0,0.5,25.0,False,True,248,7427.04,1.95,-969.89,230,8909.22,1.9,-1056.6,16336.259999999998,1.9,True
strangle,0.1,2.0,0.5,25.0,True,False,191,6421.18,1.84,-912.45,204,9141.53,1.76,-1912.07,15562.710000000001,1.76,True
strangle,0.1,2.0,0.5,25.0,True,True,191,5319.03,1.75,-969.89,204,8537.08,1.96,-1079.12,13856.11,1.75,True
strangle,0.1,3.0,0.0,0.0,False,False,252,20383.65,2.66,-1287.59,250,25958.59,2.27,-6574.13,46342.240000000005,2.27,False
strangle,0.1,3.0,0.0,0.0,False,True,252,15826.43,2.95,-1011.47,250,20100.47,2.63,-3619.22,35926.9,2.63,False
strangle,0.1,3.0,0.0,0.0,True,False,191,16307.11,3.14,-799.97,207,25720.48,3.18,-1381.57,42027.59,3.14,True
strangle,0.1,3.0,0.0,0.0,True,True,191,12736.68,2.86,-1054.12,207,20138.1,3.38,-1088.57,32874.78,2.86,True
strangle,0.1,3.0,0.0,20.0,False,False,227,15587.17,2.37,-1287.59,188,21715.44,3.07,-1494.43,37302.61,2.37,False
strangle,0.1,3.0,0.0,20.0,False,True,227,13370.63,2.75,-823.95,188,16822.23,2.96,-1099.43,30192.86,2.75,False
strangle,0.1,3.0,0.0,20.0,True,False,177,13158.09,2.73,-835.56,181,21526.37,3.24,-1494.43,34684.46,2.73,False
strangle,0.1,3.0,0.0,20.0,True,True,177,10892.15,2.71,-823.95,181,16453.51,3.01,-1099.43,27345.659999999996,2.71,False
strangle,0.1,3.0,0.0,25.0,False,False,248,20118.9,2.72,-1287.59,230,28942.55,3.15,-1363.61,49061.45,2.72,True
strangle,0.1,3.0,0.0,25.0,False,True,248,15656.7,2.92,-1054.12,230,21834.19,3.44,-1088.57,37490.89,2.92,True
strangle,0.1,3.0,0.0,25.0,True,False,191,16307.11,3.14,-799.97,204,26113.17,3.38,-1381.57,42420.28,3.14,True
strangle,0.1,3.0,0.0,25.0,True,True,191,12736.68,2.86,-1054.12,204,20004.57,3.37,-1088.57,32741.25,2.86,True
strangle,0.1,3.0,0.3,0.0,False,False,252,15858.85,2.38,-1417.8,250,19085.51,1.94,-7025.33,34944.36,1.94,False
strangle,0.1,3.0,0.3,0.0,False,True,252,13432.81,2.9,-800.45,250,15322.83,2.32,-3688.59,28755.64,2.32,False
strangle,0.1,3.0,0.3,0.0,True,False,191,12956.18,2.88,-796.05,207,19816.99,2.72,-1320.62,32773.17,2.72,True
strangle,0.1,3.0,0.3,0.0,True,True,191,10893.73,2.83,-800.45,207,16146.4,3.09,-1122.11,27040.129999999997,2.83,True
strangle,0.1,3.0,0.3,20.0,False,False,227,12006.6,2.14,-1417.8,188,16889.54,2.66,-1575.62,28896.14,2.14,False
strangle,0.1,3.0,0.3,20.0,False,True,227,11493.39,2.75,-800.45,188,13544.51,2.72,-1122.11,25037.9,2.72,False
strangle,0.1,3.0,0.3,20.0,True,False,177,10428.92,2.52,-933.05,181,16914.41,2.82,-1422.43,27343.33,2.52,False
strangle,0.1,3.0,0.3,20.0,True,True,177,9436.31,2.73,-800.45,181,13284.76,2.78,-1122.11,22721.07,2.73,False
strangle,0.1,3.0,0.3,25.0,False,False,248,15517.37,2.42,-1417.8,230,22170.92,2.68,-1232.87,37688.29,2.42,True
strangle,0.1,3.0,0.3,25.0,False,True,248,13286.23,2.88,-800.45,230,17437.23,3.11,-1122.11,30723.46,2.88,True
strangle,0.1,3.0,0.3,25.0,True,False,191,12956.18,2.88,-796.05,204,20324.94,2.91,-1159.0,33281.119999999995,2.88,True
strangle,0.1,3.0,0.3,25.0,True,True,191,10893.73,2.83,-800.45,204,16044.52,3.07,-1122.11,26938.25,2.83,True
strangle,0.1,3.0,0.5,0.0,False,False,252,11418.43,2.09,-1510.2,250,13675.73,1.76,-4678.39,25094.16,1.76,False
strangle,0.1,3.0,0.5,0.0,False,True,252,9974.46,2.53,-900.19,250,11855.54,2.27,-2054.06,21830.0,2.27,True
strangle,0.1,3.0,0.5,0.0,True,False,191,8949.31,2.31,-848.12,207,13622.8,2.23,-1159.0,22572.11,2.23,True
strangle,0.1,3.0,0.5,0.0,True,True,191,7674.59,2.32,-900.19,207,11271.61,2.55,-1197.62,18946.2,2.32,True
strangle,0.1,3.0,0.5,20.0,False,False,227,8053.94,1.8,-1510.2,188,11151.67,2.13,-1484.28,19205.61,1.8,False
strangle,0.1,3.0,0.5,20.0,False,True,227,8582.0,2.43,-900.19,188,9129.07,2.23,-1197.62,17711.07,2.23,False
strangle,0.1,3.0,0.5,20.0,True,False,177,7051.73,2.04,-1031.67,181,11309.94,2.26,-1194.03,18361.67,2.04,False
strangle,0.1,3.0,0.5,20.0,True,True,177,6627.12,2.24,-900.19,181,8989.93,2.28,-1197.62,15617.05,2.24,False
strangle,0.1,3.0,0.5,25.0,False,False,248,10602.37,2.01,-1510.2,230,15563.24,2.25,-1321.34,26165.61,2.01,True
strangle,0.1,3.0,0.5,25.0,False,True,248,9888.76,2.52,-900.19,230,12236.21,2.57,-1197.62,22124.97,2.52,True
strangle,0.1,3.0,0.5,25.0,True,False,191,8949.31,2.31,-848.12,204,13792.96,2.33,-1159.0,22742.269999999997,2.31,True
strangle,0.1,3.0,0.5,25.0,True,True,191,7674.59,2.32,-900.19,204,11194.76,2.54,-1197.62,18869.35,2.32,True
strangle,0.16,1.5,0.0,0.0,False,False,252,10484.54,1.84,-1007.37,250,14404.31,1.72,-4759.19,24888.85,1.72,False
strangle,0.16,1.5,0.0,0.0,False,True,252,6466.75,1.53,-877.82,250,9688.61,1.55,-2656.92,16155.36,1.53,True
strangle,0.16,1.5,0.0,0.0,True,False,191,8636.25,2.02,-686.59,207,15668.39,2.18,-1613.98,24304.64,2.02,True
strangle,0.16,1.5,0.0,0.0,True,True,191,5629.19,1.57,-877.82,207,10816.46,1.82,-1527.88,16445.649999999998,1.57,True
strangle,0.16,1.5,0.0,20.0,False,False,227,7122.06,1.63,-1304.66,188,14490.96,2.26,-1397.29,21613.02,1.63,False
strangle,0.16,1.5,0.0,20.0,False,True,227,5510.17,1.5,-877.82,188,10082.37,1.86,-1408.4,15592.54,1.5,False
strangle,0.16,1.5,0.0,20.0,True,False,177,6636.38,1.84,-686.59,181,14661.82,2.37,-1397.29,21298.2,1.84,False
strangle,0.16,1.5,0.0,20.0,True,True,177,4437.72,1.49,-959.09,181,10116.22,1.9,-1408.4,14553.939999999999,1.49,False
strangle,0.16,1.5,0.0,25.0,False,False,248,10155.69,1.84,-1007.37,230,15618.84,1.99,-2050.95,25774.53,1.84,True
strangle,0.16,1.5,0.0,25.0,False,True,248,6593.67,1.55,-877.82,230,10671.31,1.72,-1459.65,17264.98,1.55,True
strangle,0.16,1.5,0.0,25.0,True,False,191,8636.25,2.02,-686.59,204,15868.07,2.25,-1613.98,24504.32,2.02,True
strangle,0.16,1.5,0.0,25.0,True,True,191,5629.19,1.57,-877.82,204,10711.94,1.82,-1527.88,16341.130000000001,1.57,True
strangle,0.16,1.5,0.3,0.0,False,False,252,6284.38,1.51,-1246.66,250,8807.45,1.46,-5216.41,15091.830000000002,1.46,False
strangle,0.16,1.5,0.3,0.0,False,True,252,4506.09,1.4,-971.86,250,6702.55,1.42,-2889.7,11208.64,1.4,True
strangle,0.16,1.5,0.3,0.0,True,False,191,5039.37,1.58,-862.11,207,11201.79,1.9,-1633.27,16241.16,1.58,True
strangle,0.16,1.5,0.3,0.0,True,True,191,3611.14,1.39,-971.86,207,8357.49,1.7,-1553.91,11968.63,1.39,True
strangle,0.16,1.5,0.3,20.0,False,False,227,3733.41,1.33,-1670.22,188,10010.39,1.91,-1470.88,13743.8,1.33,False
strangle,0.16,1.5,0.3,20.0,False,True,227,3984.44,1.4,-971.86,188,7283.33,1.67,-1408.4,11267.77,1.4,False
strangle,0.16,1.5,0.3,20.0,True,False,177,3569.6,1.44,-907.82,181,10397.23,2.01,-1470.88,13966.83,1.44,False
strangle,0.16,1.5,0.3,20.0,True,True,177,2773.78,1.33,-1329.97,181,7437.14,1.72,-1408.4,10210.92,1.33,False
strangle,0.16,1.5,0.3,25.0,False,False,248,5876.65,1.49,-1225.86,230,10720.58,1.73,-2398.5,16597.23,1.49,True
strangle,0.16,1.5,0.3,25.0,False,True,248,4654.0,1.42,-971.86,230,7959.66,1.59,-1495.85,12613.66,1.42,True
strangle,0.16,1.5,0.3,25.0,True,False,191,5039.37,1.58,-862.11,204,11406.67,1.96,-1633.27,16446.04,1.58,True
strangle,0.16,1.5,0.3,25.0,True,True,191,3611.14,1.39,-971.86,204,8174.54,1.69,-1553.91,11785.68,1.39,True
strangle,0.16,1.5,0.5,0.0,False,False,252,2078.66,1.17,-1539.85,250,3698.68,1.21,-5321.72,5777.34,1.17,False
strangle,0.16,1.5,0.5,0.0,False,True,252,1579.65,1.14,-1094.94,250,3463.61,1.24,-2748.43,5043.26,1.14,False
strangle,0.16,1.5,0.5,0.0,True,False,191,1700.75,1.2,-1044.54,207,6525.09,1.57,-1397.18,8225.84,1.2,False
strangle,0.16,1.5,0.5,0.0,True,True,191,1211.23,1.13,-1053.19,207,5138.52,1.48,-1342.77,6349.75,1.13,False
strangle,0.16,1.5,0.5,20.0,False,False,227,206.0,1.02,-2273.71,188,4866.02,1.45,-1515.35,5072.02,1.02,False
strangle,0.16,1.5,0.5,20.0,False,True,227,1465.6,1.15,-1308.8,188,3847.4,1.38,-1342.77,5313.0,1.15,False
strangle,0.16,1.5,0.5,20.0,True,False,177,776.01,1.1,-1599.19,181,5346.17,1.53,-1515.35,6122.18,1.1,False
strangle,0.16,1.5,0.5,20.0,True,True,177,730.0,1.09,-1844.88,181,4086.2,1.42,-1342.77,4816.2,1.09,False
strangle,0.16,1.5,0.5,25.0,False,False,248,1513.52,1.12,-1868.51,230,5497.68,1.4,-2431.56,7011.200000000001,1.12,False
strangle,0.16,1.5,0.5,25.0,False,True,248,1744.86,1.16,-1094.94,230,4565.65,1.37,-1395.71,6310.509999999999,1.16,False
strangle,0.16,1.5,0.5,25.0,True,False,191,1700.75,1.2,-1044.54,204,6201.26,1.55,-1397.18,7902.01,1.2,False
strangle,0.16,1.5,0.5,25.0,True,True,191,1211.23,1.13,-1053.19,204,4978.52,1.46,-1342.77,6189.75,1.13,False
strangle,0.16,2.0,0.0,0.0,False,False,252,19777.24,2.64,-884.96,250,23188.04,2.1,-4317.47,42965.28,2.1,False
strangle,0.16,2.0,0.0,0.0,False,True,252,13014.79,2.25,-863.81,250,15504.58,1.99,-2440.92,28519.370000000003,1.99,True
strangle,0.16,2.0,0.0,0.0,True,False,191,15966.5,3.02,-774.74,207,22698.98,2.59,-1911.91,38665.479999999996,2.59,True
strangle,0.16,2.0,0.0,0.0,True,True,191,10316.58,2.22,-942.98,207,15436.72,2.3,-1653.39,25753.3,2.22,True
strangle,0.16,2.0,0.0,20.0,False,False,227,14777.19,2.3,-1094.11,188,21138.44,2.86,-1268.85,35915.63,2.3,False
strangle,0.16,2.0,0.0,20.0,False,True,227,10633.71,2.09,-835.0,188,13966.19,2.31,-1078.65,24599.9,2.09,False
strangle,0.16,2.0,0.0,20.0,True,False,177,12684.09,2.62,-774.74,181,20710.69,2.91,-1268.85,33394.78,2.62,False
strangle,0.16,2.0,0.0,20.0,True,True,177,8372.57,2.04,-835.0,181,13477.19,2.31,-1078.65,21849.760000000002,2.04,False
strangle,0.16,2.0,0.0,25.0,False,False,248,19432.25,2.67,-839.8,230,25207.86,2.64,-1694.09,44640.11,2.64,True
strangle,0.16,2.0,0.0,25.0,False,True,248,12896.84,2.25,-942.98,230,15904.83,2.2,-1585.16,28801.67,2.2,True
strangle,0.16,2.0,0.0,25.0,True,False,191,15966.5,3.02,-774.74,204,23263.21,2.76,-1911.91,39229.71,2.76,True
strangle,0.16,2.0,0.0,25.0,True,True,191,10316.58,2.22,-942.98,204,15189.97,2.28,-1653.39,25506.55,2.22,True
strangle,0.16,2.0,0.3,0.0,False,False,252,15462.1,2.42,-1197.27,250,16353.23,1.81,-5334.38,31815.33,1.81,False
strangle,0.16,2.0,0.3,0.0,False,True,252,11207.87,2.28,-867.92,250,12239.39,1.88,-2412.86,23447.260000000002,1.88,True
strangle,0.16,2.0,0.3,0.0,True,False,191,12403.29,2.74,-686.41,207,17575.52,2.33,-1522.71,29978.81,2.33,True
strangle,0.16,2.0,0.3,0.0,True,True,191,8638.52,2.18,-867.92,207,12764.93,2.24,-1570.75,21403.45,2.18,True
strangle,0.16,2.0,0.3,20.0,False,False,227,11476.46,2.14,-1003.34,188,16357.0,2.55,-1349.21,27833.46,2.14,False
strangle,0.16,2.0,0.3,20.0,False,True,227,9374.44,2.17,-867.92,188,11194.04,2.18,-947.41,20568.480000000003,2.17,False
strangle,0.16,2.0,0.3,20.0,True,False,177,9779.46,2.39,-686.41,181,16146.94,2.62,-1349.21,25926.4,2.39,False
strangle,0.16,2.0,0.3,20.0,True,True,177,7086.91,2.03,-867.92,181,10812.56,2.18,-947.41,17899.47,2.03,False
strangle,0.16,2.0,0.3,25.0,False,False,248,15061.37,2.44,-1003.34,230,19275.73,2.34,-1422.47,34337.1,2.34,True
strangle,0.16,2.0,0.3,25.0,False,True,248,11134.05,2.29,-867.92,230,13090.81,2.13,-1512.69,24224.86,2.13,True
strangle,0.16,2.0,0.3,25.0,True,False,191,12403.29,2.74,-686.41,204,18287.18,2.51,-1394.45,30690.47,2.51,True
strangle,0.16,2.0,0.3,25.0,True,True,191,8638.52,2.18,-867.92,204,12581.98,2.23,-1570.75,21220.5,2.18,True
strangle,0.16,2.0,0.5,0.0,False,False,252,10473.53,2.02,-1095.69,250,10695.79,1.58,-5050.26,21169.32,1.58,False
strangle,0.16,2.0,0.5,0.0,False,True,252,7697.64,1.93,-969.89,250,8624.09,1.69,-2232.03,16321.73,1.69,True
strangle,0.16,2.0,0.5,0.0,True,False,191,7858.58,2.08,-784.02,207,12407.59,2.06,-1730.75,20266.17,2.06,True
strangle,0.16,2.0,0.5,0.0,True,True,191,5345.47,1.73,-969.89,207,9108.48,2.0,-1060.22,14453.95,1.73,True
strangle,0.16,2.0,0.5,20.0,False,False,227,7125.57,1.72,-1095.69,188,10562.75,2.04,-1393.67,17688.32,1.72,False
strangle,0.16,2.0,0.5,20.0,False,True,227,6421.16,1.85,-969.89,188,7431.89,1.85,-1008.59,13853.05,1.85,False
strangle,0.16,2.0,0.5,20.0,True,False,177,5889.63,1.82,-784.02,181,10393.17,2.09,-1393.67,16282.8,1.82,False
strangle,0.16,2.0,0.5,20.0,True,True,177,4221.09,1.61,-969.89,181,7082.57,1.84,-1008.59,11303.66,1.61,False
strangle,0.16,2.0,0.5,25.0,False,False,248,9717.96,1.95,-1095.69,230,13270.61,1.99,-1766.92,22988.57,1.95,True
strangle,0.16,2.0,0.5,25.0,False,True,248,7672.43,1.94,-969.89,230,9435.89,1.93,-1025.93,17108.32,1.93,True
strangle,0.16,2.0,0.5,25.0,True,False,191,7858.58,2.08,-784.02,204,12239.85,2.08,-1730.75,20098.43,2.08,True
strangle,0.16,2.0,0.5,25.0,True,True,191,5345.47,1.73,-969.89,204,8948.48,1.98,-1060.22,14293.95,1.73,True
strangle,0.16,3.0,0.0,0.0,False,False,252,24393.57,3.07,-1079.99,250,30887.26,2.55,-7268.39,55280.83,2.55,False
strangle,0.16,3.0,0.0,0.0,False,True,252,16365.63,2.89,-1053.38,250,20565.28,2.51,-4401.09,36930.909999999996,2.51,False
strangle,0.16,3.0,0.0,0.0,True,False,191,19325.82,3.66,-776.96,207,30377.75,3.78,-1328.17,49703.57,3.66,True
strangle,0.16,3.0,0.0,0.0,True,True,191,12888.15,2.81,-1132.55,207,20675.56,3.35,-1088.57,33563.71,2.81,True
strangle,0.16,3.0,0.0,20.0,False,False,227,19088.97,2.76,-1079.99,188,25814.8,3.65,-1327.71,44903.770000000004,2.76,False
strangle,0.16,3.0,0.0,20.0,False,True,227,13701.45,2.71,-823.95,188,17190.67,2.93,-1167.02,30892.12,2.71,False
strangle,0.16,3.0,0.0,20.0,True,False,177,16004.58,3.23,-797.67,181,25477.11,3.86,-1327.71,41481.69,3.23,False
strangle,0.16,3.0,0.0,20.0,True,True,177,11145.85,2.73,-823.95,181,16771.22,2.98,-1167.02,27917.07,2.73,False
strangle,0.16,3.0,0.0,25.0,False,False,248,23969.04,3.13,-1079.99,230,33915.31,3.71,-1113.96,57884.35,3.13,True
strangle,0.16,3.0,0.0,25.0,False,True,248,16036.12,2.85,-1132.55,230,22466.4,3.35,-1088.57,38502.520000000004,2.85,True
strangle,0.16,3.0,0.0,25.0,True,False,191,19325.82,3.66,-776.96,204,30657.2,4.01,-1328.17,49983.020000000004,3.66,True
strangle,0.16,3.0,0.0,25.0,True,True,191,12888.15,2.81,-1132.55,204,20428.81,3.32,-1088.57,33316.96,2.81,True
strangle,0.16,3.0,0.3,0.0,False,False,252,19424.4,2.76,-1308.39,250,23123.95,2.14,-7802.22,42548.350000000006,2.14,False
strangle,0.16,3.0,0.3,0.0,False,True,252,14123.02,2.92,-800.45,250,15740.43,2.23,-4487.58,29863.45,2.23,False
strangle,0.16,3.0,0.3,0.0,True,False,191,15414.92,3.32,-709.76,207,23784.63,3.19,-1127.37,39199.55,3.19,True
strangle,0.16,3.0,0.3,0.0,True,True,191,10977.13,2.77,-800.45,207,16761.45,3.1,-1122.11,27738.58,2.77,True
strangle,0.16,3.0,0.3,20.0,False,False,227,15194.01,2.52,-1308.39,188,20255.51,3.1,-1370.66,35449.52,2.52,False
strangle,0.16,3.0,0.3,20.0,False,True,227,12036.29,2.79,-800.45,188,13918.85,2.71,-1122.11,25955.14,2.71,False
strangle,0.16,3.0,0.3,20.0,True,False,177,12782.26,2.97,-814.47,181,20162.0,3.3,-1278.45,32944.26,2.97,False
strangle,0.16,3.0,0.3,20.0,True,True,177,9627.23,2.73,-800.45,181,13614.92,2.77,-1122.11,23242.15,2.73,False
strangle,0.16,3.0,0.3,25.0,False,False,248,18950.48,2.81,-1308.39,230,26386.46,3.12,-1127.37,45336.94,2.81,True
strangle,0.16,3.0,0.3,25.0,False,True,248,13844.0,2.88,-800.45,230,18124.8,3.08,-1122.11,31968.8,2.88,True
strangle,0.16,3.0,0.3,25.0,True,False,191,15414.92,3.32,-709.76,204,24211.51,3.4,-1127.37,39626.43,3.32,True
strangle,0.16,3.0,0.3,25.0,True,True,191,10977.13,2.77,-800.45,204,16578.5,3.08,-1122.11,27555.629999999997,2.77,True
strangle,0.16,3.0,0.5,0.0,False,False,252,14224.65,2.38,-1389.62,250,17705.2,2.0,-4804.84,31929.85,2.0,False
strangle,0.16,3.0,0.5,0.0,False,True,252,10525.56,2.55,-900.19,250,12898.72,2.33,-2189.2,23424.28,2.33,True
strangle,0.16,3.0,0.5,0.0,True,False,191,10803.68,2.6,-753.14,207,17142.38,2.62,-1127.37,27946.06,2.6,True
strangle,0.16,3.0,0.5,0.0,True,True,191,7704.94,2.27,-900.19,207,12030.05,2.65,-1197.62,19734.989999999998,2.27,True
strangle,0.16,3.0,0.5,20.0,False,False,227,10546.51,2.08,-1389.62,188,14191.07,2.5,-1380.42,24737.58,2.08,False
strangle,0.16,3.0,0.5,20.0,False,True,227,9017.73,2.47,-900.19,188,9677.52,2.3,-1197.62,18695.25,2.3,False
strangle,0.16,3.0,0.5,20.0,True,False,177,8850.55,2.35,-878.72,181,14238.39,2.66,-1140.76,23088.94,2.35,False
strangle,0.16,3.0,0.5,20.0,True,True,177,6782.27,2.25,-900.19,181,9500.38,2.35,-1197.62,16282.65,2.25,False
strangle,0.16,3.0,0.5,25.0,False,False,248,13263.87,2.29,-1389.62,230,19454.33,2.64,-1127.37,32718.200000000004,2.29,True
strangle,0.16,3.0,0.5,25.0,False,True,248,10295.15,2.51,-900.19,230,13204.04,2.68,-1197.62,23499.190000000002,2.51,True
strangle,0.16,3.0,0.5,25.0,True,False,191,10803.68,2.6,-753.14,204,17229.4,2.74,-1127.37,28033.08,2.6,True
strangle,0.16,3.0,0.5,25.0,True,True,191,7704.94,2.27,-900.19,204,11870.05,2.63,-1197.62,19574.989999999998,2.27,True
strangle,0.2,1.5,0.0,0.0,False,False,252,12032.54,2.06,-904.55,250,16207.39,1.85,-4846.51,28239.93,1.85,False
strangle,0.2,1.5,0.0,0.0,False,True,252,6567.4,1.52,-877.82,250,9645.27,1.53,-2772.43,16212.67,1.52,True
strangle,0.2,1.5,0.0,0.0,True,False,191,9875.31,2.3,-618.99,207,17741.35,2.46,-1573.9,27616.659999999996,2.3,True
strangle,0.2,1.5,0.0,0.0,True,True,191,5618.03,1.56,-877.82,207,10866.77,1.8,-1536.64,16484.8,1.56,True
strangle,0.2,1.5,0.0,20.0,False,False,227,8598.52,1.84,-1221.45,188,16530.53,2.57,-1333.2,25129.05,1.84,False
strangle,0.2,1.5,0.0,20.0,False,True,227,5633.44,1.51,-877.82,188,10199.37,1.86,-1434.07,15832.810000000001,1.51,False
strangle,0.2,1.5,0.0,20.0,True,False,177,7846.27,2.12,-618.99,181,16669.78,2.7,-1333.2,24516.05,2.12,False
strangle,0.2,1.5,0.0,20.0,True,True,177,4474.46,1.49,-959.09,181,10223.56,1.9,-1434.07,14698.02,1.49,False
strangle,0.2,1.5,0.0,25.0,False,False,248,11718.84,2.06,-904.55,230,17527.01,2.19,-2187.12,29245.85,2.06,True
strangle,0.2,1.5,0.0,25.0,False,True,248,6709.49,1.54,-877.82,230,10663.44,1.7,-1460.53,17372.93,1.54,True
strangle,0.2,1.5,0.0,25.0,True,False,191,9875.31,2.3,-618.99,204,17915.49,2.54,-1573.9,27790.800000000003,2.3,True
strangle,0.2,1.5,0.0,25.0,True,True,191,5618.03,1.56,-877.82,204,10736.7,1.8,-1536.64,16354.73,1.56,True
strangle,0.2,1.5,0.3,0.0,False,False,252,7862.09,1.69,-1149.61,250,10272.79,1.56,-5464.86,18134.88,1.56,False
strangle,0.2,1.5,0.3,0.0,False,True,252,4718.44,1.41,-971.86,250,6486.53,1.38,-3137.11,11204.97,1.38,True
strangle,0.2,1.5,0.3,0.0,True,False,191,6149.86,1.78,-790.79,207,12994.22,2.12,-1601.58,19144.079999999998,1.78,True
strangle,0.2,1.5,0.3,0.0,True,True,191,3651.5,1.39,-971.86,207,8417.17,1.69,-1562.66,12068.67,1.39,True
strangle,0.2,1.5,0.3,20.0,False,False,227,5314.58,1.52,-1430.78,188,11606.1,2.12,-1462.53,16920.68,1.52,False
strangle,0.2,1.5,0.3,20.0,False,True,227,4254.74,1.43,-971.86,188,7340.46,1.66,-1434.07,11595.2,1.43,False
strangle,0.2,1.5,0.3,20.0,True,False,177,4695.31,1.65,-790.79,181,11972.18,2.24,-1462.53,16667.49,1.65,False
strangle,0.2,1.5,0.3,20.0,True,True,177,2872.46,1.34,-1315.79,181,7487.13,1.71,-1434.07,10359.59,1.34,False
strangle,0.2,1.5,0.3,25.0,False,False,248,7482.03,1.68,-1044.92,230,12273.71,1.88,-2536.67,19755.739999999998,1.68,True
strangle,0.2,1.5,0.3,25.0,False,True,248,4894.03,1.44,-971.86,230,7755.76,1.55,-1642.34,12649.79,1.44,True
strangle,0.2,1.5,0.3,25.0,True,False,191,6149.86,1.78,-790.79,204,13120.83,2.18,-1601.58,19270.69,1.78,True
strangle,0.2,1.5,0.3,25.0,True,True,191,3651.5,1.39,-971.86,204,8155.95,1.67,-1562.66,11807.45,1.39,True
strangle,0.2,1.5,0.5,0.0,False,False,252,3305.9,1.29,-1418.65,250,4747.84,1.28,-5512.5,8053.74,1.28,False
strangle,0.2,1.5,0.5,0.0,False,True,252,1728.86,1.15,-1115.34,250,3328.62,1.22,-3005.88,5057.48,1.15,False
strangle,0.2,1.5,0.5,0.0,True,False,191,2544.15,1.32,-954.97,207,7791.71,1.71,-1342.52,10335.86,1.32,True
strangle,0.2,1.5,0.5,0.0,True,True,191,1235.45,1.14,-1053.19,207,5148.79,1.46,-1351.07,6384.24,1.14,False
strangle,0.2,1.5,0.5,20.0,False,False,227,1474.14,1.14,-1902.04,188,6006.93,1.58,-1507.0,7481.070000000001,1.14,False
strangle,0.2,1.5,0.5,20.0,False,True,227,1709.45,1.18,-1299.96,188,3886.44,1.37,-1351.07,5595.89,1.18,False
strangle,0.2,1.5,0.5,20.0,True,False,177,1640.06,1.22,-1320.46,181,6478.56,1.68,-1507.0,8118.620000000001,1.22,False
strangle,0.2,1.5,0.5,20.0,True,True,177,817.21,1.1,-1830.7,181,4118.1,1.42,-1351.07,4935.31,1.1,False
strangle,0.2,1.5,0.5,25.0,False,False,248,2775.38,1.24,-1696.93,230,6720.07,1.52,-2441.99,9495.45,1.24,False
strangle,0.2,1.5,0.5,25.0,False,True,248,1928.7,1.18,-1115.34,230,4525.78,1.36,-1480.19,6454.48,1.18,False
strangle,0.2,1.5,0.5,25.0,True,False,191,2544.15,1.32,-954.97,204,7420.94,1.7,-1342.52,9965.09,1.32,True
strangle,0.2,1.5,0.5,25.0,True,True,191,1235.45,1.14,-1053.19,204,4941.84,1.45,-1351.07,6177.29,1.14,False
strangle,0.2,2.0,0.0,0.0,False,False,252,22410.25,2.95,-819.49,250,27240.3,2.38,-4229.52,49650.55,2.38,False
strangle,0.2,2.0,0.0,0.0,False,True,252,13560.84,2.27,-853.26,250,15961.07,1.97,-2604.68,29521.91,1.97,True
strangle,0.2,2.0,0.0,0.0,True,False,191,17821.43,3.39,-756.41,207,26456.13,2.99,-1694.18,44277.56,2.99,True
strangle,0.2,2.0,0.0,0.0,True,True,191,10418.24,2.21,-967.65,207,15997.66,2.33,-1681.97,26415.9,2.21,True
strangle,0.2,2.0,0.0,20.0,False,False,227,16953.47,2.58,-1121.62,188,24379.18,3.31,-1172.95,41332.65,2.58,False
strangle,0.2,2.0,0.0,20.0,False,True,227,10851.69,2.09,-822.85,188,14480.01,2.36,-1106.04,25331.7,2.09,False
strangle,0.2,2.0,0.0,20.0,True,False,177,14475.3,2.98,-756.41,181,23747.83,3.37,-1172.95,38223.130000000005,2.98,False
strangle,0.2,2.0,0.0,20.0,True,True,177,8522.13,2.06,-822.85,181,13852.66,2.33,-1106.04,22374.79,2.06,False
strangle,0.2,2.0,0.0,25.0,False,False,248,21729.76,2.96,-819.49,230,29011.4,3.03,-1496.01,50741.16,2.96,True
strangle,0.2,2.0,0.0,25.0,False,True,248,13107.37,2.23,-967.65,230,16341.25,2.2,-1577.84,29448.620000000003,2.2,True
strangle,0.2,2.0,0.0,25.0,True,False,191,17821.43,3.39,-756.41,204,26931.02,3.19,-1694.18,44752.45,3.19,True
strangle,0.2,2.0,0.0,25.0,True,True,191,10418.24,2.21,-967.65,204,15661.56,2.3,-1681.97,26079.8,2.21,True
strangle,0.2,2.0,0.3,0.0,False,False,252,17730.69,2.72,-986.4,250,20016.72,2.04,-4952.68,37747.41,2.04,False
strangle,0.2,2.0,0.3,0.0,False,True,252,11730.8,2.32,-867.92,250,12861.27,1.89,-2544.54,24592.07,1.89,True
strangle,0.2,2.0,0.3,0.0,True,False,191,13929.01,3.05,-674.3,207,20847.27,2.66,-1356.45,34776.28,2.66,True
strangle,0.2,2.0,0.3,0.0,True,True,191,8687.84,2.16,-867.92,207,13337.95,2.3,-1558.9,22025.79,2.16,True
strangle,0.2,2.0,0.3,20.0,False,False,227,13410.42,2.41,-986.4,188,19114.51,2.9,-1311.92,32524.93,2.41,False
strangle,0.2,2.0,0.3,20.0,False,True,227,9639.8,2.18,-867.92,188,11641.65,2.23,-935.56,21281.449999999997,2.18,False
strangle,0.2,2.0,0.3,20.0,True,False,177,11297.8,2.7,-674.3,181,18735.9,2.96,-1311.92,30033.7,2.7,False
strangle,0.2,2.0,0.3,20.0,True,True,177,7194.55,2.04,-867.92,181,11136.46,2.21,-935.56,18331.01,2.04,False
strangle,0.2,2.0,0.3,25.0,False,False,248,17042.13,2.71,-986.4,230,22738.06,2.66,-1285.21,39780.19,2.66,True
strangle,0.2,2.0,0.3,25.0,False,True,248,11369.14,2.28,-867.92,230,13743.47,2.18,-1478.17,25112.61,2.18,True
strangle,0.2,2.0,0.3,25.0,True,False,191,13929.01,3.05,-674.3,204,21480.66,2.86,-1356.45,35409.67,2.86,True
strangle,0.2,2.0,0.3,25.0,True,True,191,8687.84,2.16,-867.92,204,13076.73,2.27,-1558.9,21764.57,2.16,True
strangle,0.2,2.0,0.5,0.0,False,False,252,12387.1,2.26,-1057.65,250,13645.23,1.76,-4840.44,26032.33,1.76,False
strangle,0.2,2.0,0.5,0.0,False,True,252,8162.39,1.97,-969.89,250,9119.38,1.71,-2392.63,17281.77,1.71,True
strangle,0.2,2.0,0.5,0.0,True,False,191,9103.5,2.3,-723.9,207,15012.84,2.32,-1357.04,24116.34,2.3,True
strangle,0.2,2.0,0.5,0.0,True,True,191,5354.98,1.72,-969.89,207,9524.06,2.04,-1048.37,14879.039999999999,1.72,True
strangle,0.2,2.0,0.5,20.0,False,False,227,8710.63,1.92,-1057.65,188,12619.61,2.29,-1356.39,21330.239999999998,1.92,False
strangle,0.2,2.0,0.5,20.0,False,True,227,6633.72,1.87,-969.89,188,7703.47,1.88,-996.74,14337.19,1.87,False
strangle,0.2,2.0,0.5,20.0,True,False,177,7132.59,2.04,-723.9,181,12392.17,2.34,-1356.39,19524.760000000002,2.04,False
strangle,0.2,2.0,0.5,20.0,True,True,177,4293.59,1.62,-969.89,181,7328.87,1.86,-996.74,11622.46,1.62,False
strangle,0.2,2.0,0.5,25.0,False,False,248,11319.34,2.15,-1057.65,230,16083.77,2.25,-1531.66,27403.11,2.15,True
strangle,0.2,2.0,0.5,25.0,False,True,248,7824.98,1.93,-969.89,230,9948.51,1.97,-977.18,17773.489999999998,1.93,True
strangle,0.2,2.0,0.5,25.0,True,False,191,9103.5,2.3,-723.9,204,14798.16,2.35,-1357.04,23901.66,2.3,True
strangle,0.2,2.0,0.5,25.0,True,True,191,5354.98,1.72,-969.89,204,9317.11,2.02,-1048.37,14672.09,1.72,True
strangle,0.2,3.0,0.0,0.0,False,False,252,26900.62,3.3,-1018.51,250,34645.52,2.76,-7530.69,61546.14,2.76,False
strangle,0.2,3.0,0.0,0.0,False,True,252,16813.21,2.88,-1107.13,250,21127.16,2.46,-4713.09,37940.369999999995,2.46,False
strangle,0.2,3.0,0.0,0.0,True,False,191,21201.18,3.97,-847.6,207,33760.71,4.22,-1281.89,54961.89,3.97,True
strangle,0.2,3.0,0.0,0.0,True,True,191,13111.1,2.83,-1221.52,207,21024.05,3.3,-1088.57,34135.15,2.83,True
strangle,0.2,3.0,0.0,20.0,False,False,227,21243.18,2.99,-1161.28,188,28838.73,4.08,-1247.66,50081.91,2.99,False
strangle,0.2,3.0,0.0,20.0,False,True,227,14023.7,2.72,-823.95,188,17467.07,2.92,-1208.35,31490.77,2.72,False
strangle,0.2,3.0,0.0,20.0,True,False,177,17769.55,3.57,-762.94,181,28362.36,4.32,-1247.66,46131.91,3.57,False
strangle,0.2,3.0,0.0,20.0,True,True,177,11468.86,2.79,-823.95,181,17011.9,2.96,-1208.35,28480.760000000002,2.79,False
strangle,0.2,3.0,0.0,25.0,False,False,248,26352.13,3.35,-1018.51,230,37677.07,4.14,-1130.39,64029.2,3.35,True
strangle,0.2,3.0,0.0,25.0,False,True,248,16359.74,2.83,-1221.52,230,22985.03,3.31,-1088.57,39344.77,2.83,True
strangle,0.2,3.0,0.0,25.0,True,False,191,21201.18,3.97,-847.6,204,33950.83,4.47,-1281.89,55152.01,3.97,True
strangle,0.2,3.0,0.0,25.0,True,True,191,13111.1,2.83,-1221.52,204,20687.95,3.26,-1088.57,33799.05,2.83,True
strangle,0.2,3.0,0.3,0.0,False,False,252,21654.27,2.98,-1271.65,250,26517.37,2.31,-8116.84,48171.64,2.31,False
strangle,0.2,3.0,0.3,0.0,False,True,252,14638.38,2.96,-832.91,250,16281.71,2.21,-4844.21,30920.089999999997,2.21,False
strangle,0.2,3.0,0.3,0.0,True,False,191,16946.03,3.54,-697.65,207,26788.59,3.53,-1113.83,43734.619999999995,3.53,True
strangle,0.2,3.0,0.3,0.0,True,True,191,11132.49,2.77,-800.45,207,17202.71,3.12,-1122.11,28335.199999999997,2.77,True
strangle,0.2,3.0,0.3,20.0,False,False,227,17205.7,2.75,-1271.65,188,22854.25,3.43,-1254.31,40059.95,2.75,False
strangle,0.2,3.0,0.3,20.0,False,True,227,12502.86,2.87,-832.91,188,14163.59,2.71,-1122.11,26666.45,2.71,False
strangle,0.2,3.0,0.3,20.0,True,False,177,14265.83,3.23,-785.92,181,22638.04,3.64,-1254.31,36903.87,3.23,False
strangle,0.2,3.0,0.3,20.0,True,True,177,9893.07,2.8,-800.45,181,13830.58,2.76,-1122.11,23723.65,2.76,False
strangle,0.2,3.0,0.3,25.0,False,False,248,21097.72,3.02,-1271.65,230,29652.36,3.43,-1113.83,50750.08,3.02,True
strangle,0.2,3.0,0.3,25.0,False,True,248,14276.72,2.91,-832.91,230,18668.27,3.08,-1122.11,32944.99,2.91,True
strangle,0.2,3.0,0.3,25.0,True,False,191,16946.03,3.54,-697.65,204,27137.2,3.75,-1113.83,44083.229999999996,3.54,True
strangle,0.2,3.0,0.3,25.0,True,True,191,11132.49,2.77,-800.45,204,16941.49,3.08,-1122.11,28073.980000000003,2.77,True
strangle,0.2,3.0,0.5,0.0,False,False,252,16065.2,2.55,-1369.97,250,18188.86,1.93,-7353.86,34254.06,1.93,False
strangle,0.2,3.0,0.5,0.0,False,True,252,10971.98,2.59,-900.19,250,11091.48,1.89,-4688.5,22063.46,1.89,False
strangle,0.2,3.0,0.5,0.0,True,False,191,12042.75,2.74,-741.29,207,19607.41,2.89,-1113.83,31650.16,2.74,True
strangle,0.2,3.0,0.5,0.0,True,True,191,7809.17,2.27,-900.19,207,12414.31,2.69,-1197.62,20223.48,2.27,True
strangle,0.2,3.0,0.5,20.0,False,False,227,12150.16,2.25,-1369.97,188,16270.66,2.76,-1358.2,28420.82,2.25,False
strangle,0.2,3.0,0.5,20.0,False,True,227,9398.79,2.54,-900.19,188,9944.43,2.33,-1197.62,19343.22,2.33,False
strangle,0.2,3.0,0.5,20.0,True,False,177,10044.59,2.53,-798.81,181,16234.69,2.93,-1177.08,26279.28,2.53,False
strangle,0.2,3.0,0.5,20.0,True,True,177,7001.65,2.31,-900.19,181,9742.01,2.38,-1197.62,16743.66,2.31,False
strangle,0.2,3.0,0.5,25.0,False,False,248,14997.44,2.44,-1369.97,230,22261.18,2.92,-1113.83,37258.62,2.44,True
strangle,0.2,3.0,0.5,25.0,False,True,248,10634.57,2.54,-900.19,230,13793.8,2.74,-1197.62,24428.37,2.54,True
strangle,0.2,3.0,0.5,25.0,True,False,191,12042.75,2.74,-741.29,204,19647.5,3.03,-1113.83,31690.25,2.74,True
strangle,0.2,3.0,0.5,25.0,True,True,191,7809.17,2.27,-900.19,204,12207.36,2.66,-1197.62,20016.53,2.27,True
put,0.1,1.5,0.0,0.0,False,False,252,7262.04,1.47,-1061.21,250,12338.07,1.56,-2964.44,19600.11,1.47,True
put,0.1,1.5,0.0,0.0,False,True,200,6636.17,1.62,-877.82,182,12293.19,1.95,-1482.86,18929.36,1.62,False
put,0.1,1.5,0.0,0.0,True,False,191,5865.81,1.54,-877.82,207,11311.18,1.68,-1681.7,17176.99,1.54,True
put,0.1,1.5,0.0,0.0,True,True,170,5772.67,1.63,-877.82,169,11233.53,1.95,-1482.86,17006.2,1.63,False
put,0.1,1.5,0.0,20.0,False,False,227,3760.17,1.26,-1503.88,188,10241.18,1.71,-1646.34,14001.35,1.26,False
put,0.1,1.5,0.0,20.0,False,True,189,5303.21,1.52,-877.82,158,10452.01,1.98,-1292.94,15755.220000000001,1.52,False
put,0.1,1.5,0.0,20.0,True,False,177,3715.82,1.36,-1207.76,181,10470.63,1.77,-1646.34,14186.449999999999,1.36,False
put,0.1,1.5,0.0,20.0,True,True,160,4252.31,1.49,-959.09,153,10503.04,2.04,-1292.94,14755.350000000002,1.49,False
put,0.1,1.5,0.0,25.0,False,False,248,6806.27,1.45,-1061.21,230,11688.68,1.61,-2229.72,18494.95,1.45,True
put,0.1,1.5,0.0,25.0,False,True,200,6636.17,1.62,-877.82,178,11607.4,1.92,-1482.86,18243.57,1.62,False
put,0.1,1.5,0.0,25.0,True,False,191,5865.81,1.54,-877.82,204,11615.39,1.72,-1681.7,17481.2,1.54,True
put,0.1,1.5,0.0,25.0,True,True,170,5772.67,1.63,-877.82,169,11233.53,1.95,-1482.86,17006.2,1.63,False
put,0.1,1.5,0.3,0.0,False,False,252,4415.75,1.3,-1228.37,250,8584.62,1.42,-3241.03,13000.37,1.3,True
put,0.1,1.5,0.3,0.0,False,True,200,4595.32,1.46,-971.86,182,9387.19,1.8,-1508.89,13982.51,1.46,False
put,0.1,1.5,0.3,0.0,True,False,191,3618.89,1.35,-971.86,207,8505.87,1.56,-1707.72,12124.76,1.35,True
put,0.1,1.5,0.3,0.0,True,True,170,3888.96,1.46,-971.86,169,8753.2,1.82,-1508.89,12642.16,1.46,False
put,0.1,1.5,0.3,20.0,False,False,227,1512.16,1.11,-2181.32,188,7517.18,1.57,-1664.2,9029.34,1.11,False
put,0.1,1.5,0.3,20.0,False,True,189,3591.07,1.38,-971.86,158,7798.01,1.79,-1292.94,11389.08,1.38,False
put,0.1,1.5,0.3,20.0,True,False,177,1884.19,1.19,-1676.32,181,7916.15,1.64,-1664.2,9800.34,1.19,False
put,0.1,1.5,0.3,20.0,True,True,160,2697.31,1.33,-1373.16,153,7961.24,1.85,-1292.94,10658.55,1.33,False
put,0.1,1.5,0.3,25.0,False,False,248,3860.11,1.27,-1234.48,230,8544.51,1.49,-2193.68,12404.62,1.27,False
put,0.1,1.5,0.3,25.0,False,True,200,4595.32,1.46,-971.86,178,8906.87,1.78,-1508.89,13502.19,1.46,False
put,0.1,1.5,0.3,25.0,True,False,191,3618.89,1.35,-971.86,204,8893.71,1.62,-1707.72,12512.599999999999,1.35,True
put,0.1,1.5,0.3,25.0,True,True,170,3888.96,1.46,-971.86,169,8753.2,1.82,-1508.89,12642.16,1.46,False
put,0.1,1.5,0.5,0.0,False,False,252,1006.38,1.07,-1391.13,250,4520.29,1.24,-3346.55,5526.67,1.07,False
put,0.1,1.5,0.5,0.0,False,True,200,1764.73,1.18,-1053.19,182,6158.08,1.59,-1292.94,7922.8099999999995,1.18,False
put,0.1,1.5,0.5,0.0,True,False,191,993.42,1.1,-1187.63,207,4811.15,1.35,-1540.4,5804.57,1.1,False
put,0.1,1.5,0.5,0.0,True,True,170,1509.01,1.18,-1053.19,169,5523.23,1.58,-1292.94,7032.24,1.18,False
put,0.1,1.5,0.5,20.0,False,False,227,-1352.05,0.9,-3142.77,188,3256.52,1.26,-1708.67,1904.47,0.9,False
put,0.1,1.5,0.5,20.0,False,True,189,1099.33,1.12,-1466.6,158,4328.13,1.47,-1292.94,5427.46,1.12,False
put,0.1,1.5,0.5,20.0,True,False,177,-277.91,0.97,-2191.23,181,3740.48,1.32,-1708.67,3462.57,0.97,False
put,0.1,1.5,0.5,20.0,True,True,160,656.21,1.08,-1888.06,153,4576.35,1.52,-1292.94,5232.56,1.08,False
put,0.1,1.5,0.5,25.0,False,False,248,276.02,1.02,-1925.89,230,4257.35,1.26,-2299.2,4533.370000000001,1.02,False
put,0.1,1.5,0.5,25.0,False,True,200,1764.73,1.18,-1053.19,178,5426.03,1.52,-1292.94,7190.76,1.18,False
put,0.1,1.5,0.5,25.0,True,False,191,993.42,1.1,-1187.63,204,4647.32,1.35,-1540.4,5640.74,1.1,False
put,0.1,1.5,0.5,25.0,True,True,170,1509.01,1.18,-1053.19,169,5523.23,1.58,-1292.94,7032.24,1.18,False
put,0.1,2.0,0.0,0.0,False,False,252,14175.79,2.03,-1234.58,250,16430.26,1.7,-3050.29,30606.05,1.7,True
put,0.1,2.0,0.0,0.0,False,True,200,12743.43,2.43,-822.85,182,16695.2,2.45,-1528.25,29438.63,2.43,False
put,0.1,2.0,0.0,0.0,True,False,191,11357.09,2.22,-908.82,207,14467.32,1.85,-2631.31,25824.41,1.85,True
put,0.1,2.0,0.0,0.0,True,True,170,10281.55,2.31,-822.85,169,14838.57,2.36,-1528.25,25120.12,2.31,False
put,0.1,2.0,0.0,20.0,False,False,227,9445.16,1.73,-1234.58,188,13818.07,2.01,-1646.34,23263.23,1.73,False
put,0.1,2.0,0.0,20.0,False,True,189,10230.84,2.14,-822.85,158,13517.67,2.37,-1078.65,23748.510000000002,2.14,False
put,0.1,2.0,0.0,20.0,True,False,177,8088.49,1.87,-908.82,181,13509.06,2.04,-1646.34,21597.55,1.87,False
put,0.1,2.0,0.0,20.0,True,True,160,8008.65,2.02,-822.85,153,13030.24,2.36,-1078.65,21038.89,2.02,False
put,0.1,2.0,0.0,25.0,False,False,248,13948.76,2.05,-1234.58,230,17041.81,1.92,-1959.74,30990.57,1.92,True
put,0.1,2.0,0.0,25.0,False,True,200,12743.43,2.43,-822.85,178,15750.9,2.37,-1528.25,28494.33,2.37,False
put,0.1,2.0,0.0,25.0,True,False,191,11357.09,2.22,-908.82,204,15278.3,1.96,-2631.31,26635.39,1.96,True
put,0.1,2.0,0.0,25.0,True,True,170,10281.55,2.31,-822.85,169,14838.57,2.36,-1528.25,25120.12,2.31,False
put,0.1,2.0,0.3,0.0,False,False,252,11456.12,1.92,-1277.79,250,11928.09,1.56,-3952.12,23384.21,1.56,False
put,0.1,2.0,0.3,0.0,False,True,200,10890.85,2.43,-867.92,182,13615.23,2.35,-1616.04,24506.08,2.35,False
put,0.1,2.0,0.3,0.0,True,False,191,9427.37,2.16,-873.55,207,11343.74,1.75,-2340.19,20771.11,1.75,True
put,0.1,2.0,0.3,0.0,True,True,170,8772.17,2.31,-867.92,169,12171.83,2.29,-1616.04,20944.0,2.29,False
put,0.1,2.0,0.3,20.0,False,False,227,7479.55,1.64,-1525.48,188,10972.78,1.89,-1664.2,18452.33,1.64,False
put,0.1,2.0,0.3,20.0,False,True,189,8796.55,2.16,-867.92,158,10810.79,2.22,-992.7,19607.34,2.16,False
put,0.1,2.0,0.3,20.0,True,False,177,6678.55,1.82,-873.55,181,10820.85,1.93,-1664.2,17499.4,1.82,False
put,0.1,2.0,0.3,20.0,True,True,160,6866.27,2.03,-867.92,153,10423.12,2.21,-992.7,17289.39,2.03,False
put,0.1,2.0,0.3,25.0,False,False,248,11129.22,1.93,-1277.79,230,13153.55,1.79,-1853.61,24282.769999999997,1.79,True
put,0.1,2.0,0.3,25.0,False,True,200,10890.85,2.43,-867.92,178,12876.4,2.28,-1616.04,23767.25,2.28,False
put,0.1,2.0,0.3,25.0,True,False,191,9427.37,2.16,-873.55,204,12238.35,1.87,-2340.19,21665.72,1.87,True
put,0.1,2.0,0.3,25.0,True,True,170,8772.17,2.31,-867.92,169,12171.83,2.29,-1616.04,20944.0,2.29,False
put,0.1,2.0,0.5,0.0,False,False,252,7634.54,1.67,-1327.83,250,7451.43,1.39,-3780.94,15085.970000000001,1.39,False
put,0.1,2.0,0.5,0.0,False,True,200,7580.71,2.06,-969.89,182,9850.83,2.1,-1105.51,17431.54,2.06,False
put,0.1,2.0,0.5,0.0,True,False,191,5855.44,1.72,-969.89,207,7622.39,1.57,-2148.54,13477.83,1.57,True
put,0.1,2.0,0.5,0.0,True,True,170,5558.46,1.83,-969.89,169,8693.71,2.05,-1105.51,14252.169999999998,1.83,False
put,0.1,2.0,0.5,20.0,False,False,227,4131.18,1.37,-1356.89,188,6337.31,1.55,-1708.67,10468.490000000002,1.37,False
put,0.1,2.0,0.5,20.0,False,True,189,5943.3,1.83,-969.89,158,7095.27,1.87,-1053.88,13038.57,1.83,False
put,0.1,2.0,0.5,20.0,True,False,177,3679.84,1.45,-969.89,181,6299.0,1.58,-1708.67,9978.84,1.45,False
put,0.1,2.0,0.5,20.0,True,True,160,4062.51,1.61,-969.89,153,6821.22,1.87,-1053.88,10883.73,1.61,False
put,0.1,2.0,0.5,25.0,False,False,248,6904.18,1.6,-1327.83,230,8361.88,1.55,-2167.41,15266.06,1.55,True
put,0.1,2.0,0.5,25.0,False,True,200,7580.71,2.06,-969.89,178,9118.78,2.02,-1105.51,16699.49,2.02,False
put,0.1,2.0,0.5,25.0,True,False,191,5855.44,1.72,-969.89,204,7614.64,1.59,-2148.54,13470.08,1.59,True
put,0.1,2.0,0.5,25.0,True,True,170,5558.46,1.83,-969.89,169,8693.71,2.05,-1105.51,14252.169999999998,1.83,False
put,0.1,3.0,0.0,0.0,False,False,252,16526.37,2.26,-1415.36,250,23241.49,2.19,-3444.71,39767.86,2.19,True
put,0.1,3.0,0.0,0.0,False,True,200,15380.83,3.07,-823.95,182,21875.05,3.6,-1088.57,37255.88,3.07,False
put,0.1,3.0,0.0,0.0,True,False,191,13623.43,2.67,-873.37,207,21066.36,2.64,-1391.16,34689.79,2.64,True
put,0.1,3.0,0.0,0.0,True,True,170,12939.99,3.06,-823.95,169,19538.1,3.45,-1088.57,32478.089999999997,3.06,False
put,0.1,3.0,0.0,20.0,False,False,227,12014.82,2.0,-1457.84,188,17798.18,2.56,-1667.38,29813.0,2.0,False
put,0.1,3.0,0.0,20.0,False,True,189,12868.24,2.73,-823.95,158,16557.23,3.04,-1088.57,29425.47,2.73,False
put,0.1,3.0,0.0,20.0,True,False,177,10354.83,2.27,-1020.23,181,17797.41,2.69,-1667.38,28152.239999999998,2.27,False
put,0.1,3.0,0.0,20.0,True,True,160,10667.09,2.7,-823.95,153,16241.98,3.11,-1088.57,26909.07,2.7,False
put,0.1,3.0,0.0,25.0,False,False,248,16431.35,2.32,-1415.36,230,23711.56,2.62,-1768.12,40142.91,2.32,True
put,0.1,3.0,0.0,25.0,False,True,200,15380.83,3.07,-823.95,178,20930.75,3.49,-1088.57,36311.58,3.07,False
put,0.1,3.0,0.0,25.0,True,False,191,13623.43,2.67,-873.37,204,21592.56,2.8,-1391.16,35215.990000000005,2.67,True
put,0.1,3.0,0.0,25.0,True,True,170,12939.99,3.06,-823.95,169,19538.1,3.45,-1088.57,32478.089999999997,3.06,False
put,0.1,3.0,0.3,0.0,False,False,252,13527.59,2.13,-1446.58,250,18217.52,1.96,-3826.53,31745.11,1.96,False
put,0.1,3.0,0.3,0.0,False,True,200,13231.95,3.06,-800.45,182,17531.71,3.25,-1122.11,30763.66,3.06,False
put,0.1,3.0,0.3,0.0,True,False,191,11468.82,2.59,-852.84,207,16602.28,2.36,-1478.67,28071.1,2.36,True
put,0.1,3.0,0.3,0.0,True,True,170,11205.72,3.08,-800.45,169,15696.58,3.13,-1122.11,26902.3,3.08,False
put,0.1,3.0,0.3,20.0,False,False,227,9770.1,1.89,-1875.84,188,14232.5,2.32,-1710.52,24002.6,1.89,False
put,0.1,3.0,0.3,20.0,False,True,189,11137.65,2.74,-800.45,158,13341.31,2.78,-1122.11,24478.96,2.74,False
put,0.1,3.0,0.3,20.0,True,False,177,8720.0,2.21,-1090.48,181,14388.81,2.46,-1563.02,23108.809999999998,2.21,False
put,0.1,3.0,0.3,20.0,True,True,160,9299.82,2.73,-800.45,153,13125.82,2.85,-1122.11,22425.64,2.73,False
put,0.1,3.0,0.3,25.0,False,False,248,13332.7,2.17,-1446.58,230,18570.87,2.33,-1549.51,31903.57,2.17,True
put,0.1,3.0,0.3,25.0,False,True,200,13231.95,3.06,-800.45,178,16792.88,3.16,-1122.11,30024.83,3.06,False
put,0.1,3.0,0.3,25.0,True,False,191,11468.82,2.59,-852.84,204,17212.11,2.52,-1291.0,28680.93,2.52,True
put,0.1,3.0,0.3,25.0,True,True,170,11205.72,3.08,-800.45,169,15696.58,3.13,-1122.11,26902.3,3.08,False
put,0.1,3.0,0.5,0.0,False,False,252,9789.43,1.9,-1542.49,250,11716.98,1.66,-3586.59,21506.41,1.66,False
put,0.1,3.0,0.5,0.0,False,True,200,9942.67,2.7,-900.19,182,12223.01,2.62,-1197.62,22165.68,2.62,False
put,0.1,3.0,0.5,0.0,True,False,191,7917.75,2.12,-907.45,207,10993.75,1.94,-1241.19,18911.5,1.94,True
put,0.1,3.0,0.5,0.0,True,True,170,8012.87,2.53,-900.19,169,10703.51,2.5,-1197.62,18716.38,2.5,False
put,0.1,3.0,0.5,20.0,False,False,227,6373.14,1.61,-1776.71,188,8966.92,1.86,-1596.6,15340.060000000001,1.61,False
put,0.1,3.0,0.5,20.0,False,True,189,8305.26,2.42,-900.19,158,8774.32,2.21,-1197.62,17079.58,2.21,False
put,0.1,3.0,0.5,20.0,True,False,177,5742.15,1.81,-1219.67,181,9236.85,1.98,-1334.62,14979.0,1.81,False
put,0.1,3.0,0.5,20.0,True,True,160,6516.92,2.24,-900.19,153,8672.45,2.27,-1197.62,15189.37,2.24,False
put,0.1,3.0,0.5,25.0,False,False,248,9059.07,1.84,-1542.49,230,12606.61,1.96,-1604.32,21665.68,1.84,True
put,0.1,3.0,0.5,25.0,False,True,200,9942.67,2.7,-900.19,178,11490.96,2.52,-1197.62,21433.629999999997,2.52,False
put,0.1,3.0,0.5,25.0,True,False,191,7917.75,2.12,-907.45,204,11240.77,2.03,-1241.19,19158.52,2.03,True
put,0.1,3.0,0.5,25.0,True,True,170,8012.87,2.53,-900.19,169,10703.51,2.5,-1197.62,18716.38,2.5,False
put,0.16,1.5,0.0,0.0,False,False,252,7262.04,1.47,-1061.21,250,12338.07,1.56,-2964.44,19600.11,1.47,True
put,0.16,1.5,0.0,0.0,False,True,200,6636.17,1.62,-877.82,182,12293.19,1.95,-1482.86,18929.36,1.62,False
put,0.16,1.5,0.0,0.0,True,False,191,5865.81,1.54,-877.82,207,11311.18,1.68,-1681.7,17176.99,1.54,True
put,0.16,1.5,0.0,0.0,True,True,170,5772.67,1.63,-877.82,169,11233.53,1.95,-1482.86,17006.2,1.63,False
put,0.16,1.5,0.0,20.0,False,False,227,3760.17,1.26,-1503.88,188,10241.18,1.71,-1646.34,14001.35,1.26,False
put,0.16,1.5,0.0,20.0,False,True,189,5303.21,1.52,-877.82,158,10452.01,1.98,-1292.94,15755.220000000001,1.52,False
put,0.16,1.5,0.0,20.0,True,False,177,3715.82,1.36,-1207.76,181,10470.63,1.77,-1646.34,14186.449999999999,1.36,False
put,0.16,1.5,0.0,20.0,True,True,160,4252.31,1.49,-959.09,153,10503.04,2.04,-1292.94,14755.350000000002,1.49,False
put,0.16,1.5,0.0,25.0,False,False,248,6806.27,1.45,-1061.21,230,11688.68,1.61,-2229.72,18494.95,1.45,True
put,0.16,1.5,0.0,25.0,False,True,200,6636.17,1.62,-877.82,178,11607.4,1.92,-1482.86,18243.57,1.62,False
put,0.16,1.5,0.0,25.0,True,False,191,5865.81,1.54,-877.82,204,11615.39,1.72,-1681.7,17481.2,1.54,True
put,0.16,1.5,0.0,25.0,True,True,170,5772.67,1.63,-877.82,169,11233.53,1.95,-1482.86,17006.2,1.63,False
put,0.16,1.5,0.3,0.0,False,False,252,4415.75,1.3,-1228.37,250,8584.62,1.42,-3241.03,13000.37,1.3,True
put,0.16,1.5,0.3,0.0,False,True,200,4595.32,1.46,-971.86,182,9387.19,1.8,-1508.89,13982.51,1.46,False
put,0.16,1.5,0.3,0.0,True,False,191,3618.89,1.35,-971.86,207,8505.87,1.56,-1707.72,12124.76,1.35,True
put,0.16,1.5,0.3,0.0,True,True,170,3888.96,1.46,-971.86,169,8753.2,1.82,-1508.89,12642.16,1.46,False
put,0.16,1.5,0.3,20.0,False,False,227,1512.16,1.11,-2181.32,188,7517.18,1.57,-1664.2,9029.34,1.11,False
put,0.16,1.5,0.3,20.0,False,True,189,3591.07,1.38,-971.86,158,7798.01,1.79,-1292.94,11389.08,1.38,False
put,0.16,1.5,0.3,20.0,True,False,177,1884.19,1.19,-1676.32,181,7916.15,1.64,-1664.2,9800.34,1.19,False
put,0.16,1.5,0.3,20.0,True,True,160,2697.31,1.33,-1373.16,153,7961.24,1.85,-1292.94,10658.55,1.33,False
put,0.16,1.5,0.3,25.0,False,False,248,3860.11,1.27,-1234.48,230,8544.51,1.49,-2193.68,12404.62,1.27,False
put,0.16,1.5,0.3,25.0,False,True,200,4595.32,1.46,-971.86,178,8906.87,1.78,-1508.89,13502.19,1.46,False
put,0.16,1.5,0.3,25.0,True,False,191,3618.89,1.35,-971.86,204,8893.71,1.62,-1707.72,12512.599999999999,1.35,True
put,0.16,1.5,0.3,25.0,True,True,170,3888.96,1.46,-971.86,169,8753.2,1.82,-1508.89,12642.16,1.46,False
put,0.16,1.5,0.5,0.0,False,False,252,1006.38,1.07,-1391.13,250,4520.29,1.24,-3346.55,5526.67,1.07,False
put,0.16,1.5,0.5,0.0,False,True,200,1764.73,1.18,-1053.19,182,6158.08,1.59,-1292.94,7922.8099999999995,1.18,False
put,0.16,1.5,0.5,0.0,True,False,191,993.42,1.1,-1187.63,207,4811.15,1.35,-1540.4,5804.57,1.1,False
put,0.16,1.5,0.5,0.0,True,True,170,1509.01,1.18,-1053.19,169,5523.23,1.58,-1292.94,7032.24,1.18,False
put,0.16,1.5,0.5,20.0,False,False,227,-1352.05,0.9,-3142.77,188,3256.52,1.26,-1708.67,1904.47,0.9,False
put,0.16,1.5,0.5,20.0,False,True,189,1099.33,1.12,-1466.6,158,4328.13,1.47,-1292.94,5427.46,1.12,False
put,0.16,1.5,0.5,20.0,True,False,177,-277.91,0.97,-2191.23,181,3740.48,1.32,-1708.67,3462.57,0.97,False
put,0.16,1.5,0.5,20.0,True,True,160,656.21,1.08,-1888.06,153,4576.35,1.52,-1292.94,5232.56,1.08,False
put,0.16,1.5,0.5,25.0,False,False,248,276.02,1.02,-1925.89,230,4257.35,1.26,-2299.2,4533.370000000001,1.02,False
put,0.16,1.5,0.5,25.0,False,True,200,1764.73,1.18,-1053.19,178,5426.03,1.52,-1292.94,7190.76,1.18,False
put,0.16,1.5,0.5,25.0,True,False,191,993.42,1.1,-1187.63,204,4647.32,1.35,-1540.4,5640.74,1.1,False
put,0.16,1.5,0.5,25.0,True,True,170,1509.01,1.18,-1053.19,169,5523.23,1.58,-1292.94,7032.24,1.18,False
put,0.16,2.0,0.0,0.0,False,False,252,14175.79,2.03,-1234.58,250,16430.26,1.7,-3050.29,30606.05,1.7,True
put,0.16,2.0,0.0,0.0,False,True,200,12743.43,2.43,-822.85,182,16695.2,2.45,-1528.25,29438.63,2.43,False
put,0.16,2.0,0.0,0.0,True,False,191,11357.09,2.22,-908.82,207,14467.32,1.85,-2631.31,25824.41,1.85,True
put,0.16,2.0,0.0,0.0,True,True,170,10281.55,2.31,-822.85,169,14838.57,2.36,-1528.25,25120.12,2.31,False
put,0.16,2.0,0.0,20.0,False,False,227,9445.16,1.73,-1234.58,188,13818.07,2.01,-1646.34,23263.23,1.73,False
put,0.16,2.0,0.0,20.0,False,True,189,10230.84,2.14,-822.85,158,13517.67,2.37,-1078.65,23748.510000000002,2.14,False
put,0.16,2.0,0.0,20.0,True,False,177,8088.49,1.87,-908.82,181,13509.06,2.04,-1646.34,21597.55,1.87,False
put,0.16,2.0,0.0,20.0,True,True,160,8008.65,2.02,-822.85,153,13030.24,2.36,-1078.65,21038.89,2.02,False
put,0.16,2.0,0.0,25.0,False,False,248,13948.76,2.05,-1234.58,230,17041.81,1.92,-1959.74,30990.57,1.92,True
put,0.16,2.0,0.0,25.0,False,True,200,12743.43,2.43,-822.85,178,15750.9,2.37,-1528.25,28494.33,2.37,False
put,0.16,2.0,0.0,25.0,True,False,191,11357.09,2.22,-908.82,204,15278.3,1.96,-2631.31,26635.39,1.96,True
put,0.16,2.0,0.0,25.0,True,True,170,10281.55,2.31,-822.85,169,14838.57,2.36,-1528.25,25120.12,2.31,False
put,0.16,2.0,0.3,0.0,False,False,252,11456.12,1.92,-1277.79,250,11928.09,1.56,-3952.12,23384.21,1.56,False
put,0.16,2.0,0.3,0.0,False,True,200,10890.85,2.43,-867.92,182,13615.23,2.35,-1616.04,24506.08,2.35,False
put,0.16,2.0,0.3,0.0,True,False,191,9427.37,2.16,-873.55,207,11343.74,1.75,-2340.19,20771.11,1.75,True
put,0.16,2.0,0.3,0.0,True,True,170,8772.17,2.31,-867.92,169,12171.83,2.29,-1616.04,20944.0,2.29,False
put,0.16,2.0,0.3,20.0,False,False,227,7479.55,1.64,-1525.48,188,10972.78,1.89,-1664.2,18452.33,1.64,False
put,0.16,2.0,0.3,20.0,False,True,189,8796.55,2.16,-867.92,158,10810.79,2.22,-992.7,19607.34,2.16,False
put,0.16,2.0,0.3,20.0,True,False,177,6678.55,1.82,-873.55,181,10820.85,1.93,-1664.2,17499.4,1.82,False
put,0.16,2.0,0.3,20.0,True,True,160,6866.27,2.03,-867.92,153,10423.12,2.21,-992.7,17289.39,2.03,False
put,0.16,2.0,0.3,25.0,False,False,248,11129.22,1.93,-1277.79,230,13153.55,1.79,-1853.61,24282.769999999997,1.79,True
put,0.16,2.0,0.3,25.0,False,True,200,10890.85,2.43,-867.92,178,12876.4,2.28,-1616.04,23767.25,2.28,False
put,0.16,2.0,0.3,25.0,True,False,191,9427.37,2.16,-873.55,204,12238.35,1.87,-2340.19,21665.72,1.87,True
put,0.16,2.0,0.3,25.0,True,True,170,8772.17,2.31,-867.92,169,12171.83,2.29,-1616.04,20944.0,2.29,False
put,0.16,2.0,0.5,0.0,False,False,252,7634.54,1.67,-1327.83,250,7451.43,1.39,-3780.94,15085.970000000001,1.39,False
put,0.16,2.0,0.5,0.0,False,True,200,7580.71,2.06,-969.89,182,9850.83,2.1,-1105.51,17431.54,2.06,False
put,0.16,2.0,0.5,0.0,True,False,191,5855.44,1.72,-969.89,207,7622.39,1.57,-2148.54,13477.83,1.57,True
put,0.16,2.0,0.5,0.0,True,True,170,5558.46,1.83,-969.89,169,8693.71,2.05,-1105.51,14252.169999999998,1.83,False
put,0.16,2.0,0.5,20.0,False,False,227,4131.18,1.37,-1356.89,188,6337.31,1.55,-1708.67,10468.490000000002,1.37,False
put,0.16,2.0,0.5,20.0,False,True,189,5943.3,1.83,-969.89,158,7095.27,1.87,-1053.88,13038.57,1.83,False
put,0.16,2.0,0.5,20.0,True,False,177,3679.84,1.45,-969.89,181,6299.0,1.58,-1708.67,9978.84,1.45,False
put,0.16,2.0,0.5,20.0,True,True,160,4062.51,1.61,-969.89,153,6821.22,1.87,-1053.88,10883.73,1.61,False
put,0.16,2.0,0.5,25.0,False,False,248,6904.18,1.6,-1327.83,230,8361.88,1.55,-2167.41,15266.06,1.55,True
put,0.16,2.0,0.5,25.0,False,True,200,7580.71,2.06,-969.89,178,9118.78,2.02,-1105.51,16699.49,2.02,False
put,0.16,2.0,0.5,25.0,True,False,191,5855.44,1.72,-969.89,204,7614.64,1.59,-2148.54,13470.08,1.59,True
put,0.16,2.0,0.5,25.0,True,True,170,5558.46,1.83,-969.89,169,8693.71,2.05,-1105.51,14252.169999999998,1.83,False
put,0.16,3.0,0.0,0.0,False,False,252,16526.37,2.26,-1415.36,250,23241.49,2.19,-3444.71,39767.86,2.19,True
put,0.16,3.0,0.0,0.0,False,True,200,15380.83,3.07,-823.95,182,21875.05,3.6,-1088.57,37255.88,3.07,False
put,0.16,3.0,0.0,0.0,True,False,191,13623.43,2.67,-873.37,207,21066.36,2.64,-1391.16,34689.79,2.64,True
put,0.16,3.0,0.0,0.0,True,True,170,12939.99,3.06,-823.95,169,19538.1,3.45,-1088.57,32478.089999999997,3.06,False
put,0.16,3.0,0.0,20.0,False,False,227,12014.82,2.0,-1457.84,188,17798.18,2.56,-1667.38,29813.0,2.0,False
put,0.16,3.0,0.0,20.0,False,True,189,12868.24,2.73,-823.95,158,16557.23,3.04,-1088.57,29425.47,2.73,False
put,0.16,3.0,0.0,20.0,True,False,177,10354.83,2.27,-1020.23,181,17797.41,2.69,-1667.38,28152.239999999998,2.27,False
put,0.16,3.0,0.0,20.0,True,True,160,10667.09,2.7,-823.95,153,16241.98,3.11,-1088.57,26909.07,2.7,False
put,0.16,3.0,0.0,25.0,False,False,248,16431.35,2.32,-1415.36,230,23711.56,2.62,-1768.12,40142.91,2.32,True
put,0.16,3.0,0.0,25.0,False,True,200,15380.83,3.07,-823.95,178,20930.75,3.49,-1088.57,36311.58,3.07,False
put,0.16,3.0,0.0,25.0,True,False,191,13623.43,2.67,-873.37,204,21592.56,2.8,-1391.16,35215.990000000005,2.67,True
put,0.16,3.0,0.0,25.0,True,True,170,12939.99,3.06,-823.95,169,19538.1,3.45,-1088.57,32478.089999999997,3.06,False
put,0.16,3.0,0.3,0.0,False,False,252,13527.59,2.13,-1446.58,250,18217.52,1.96,-3826.53,31745.11,1.96,False
put,0.16,3.0,0.3,0.0,False,True,200,13231.95,3.06,-800.45,182,17531.71,3.25,-1122.11,30763.66,3.06,False
put,0.16,3.0,0.3,0.0,True,False,191,11468.82,2.59,-852.84,207,16602.28,2.36,-1478.67,28071.1,2.36,True
put,0.16,3.0,0.3,0.0,True,True,170,11205.72,3.08,-800.45,169,15696.58,3.13,-1122.11,26902.3,3.08,False
put,0.16,3.0,0.3,20.0,False,False,227,9770.1,1.89,-1875.84,188,14232.5,2.32,-1710.52,24002.6,1.89,False
put,0.16,3.0,0.3,20.0,False,True,189,11137.65,2.74,-800.45,158,13341.31,2.78,-1122.11,24478.96,2.74,False
put,0.16,3.0,0.3,20.0,True,False,177,8720.0,2.21,-1090.48,181,14388.81,2.46,-1563.02,23108.809999999998,2.21,False
put,0.16,3.0,0.3,20.0,True,True,160,9299.82,2.73,-800.45,153,13125.82,2.85,-1122.11,22425.64,2.73,False
put,0.16,3.0,0.3,25.0,False,False,248,13332.7,2.17,-1446.58,230,18570.87,2.33,-1549.51,31903.57,2.17,True
put,0.16,3.0,0.3,25.0,False,True,200,13231.95,3.06,-800.45,178,16792.88,3.16,-1122.11,30024.83,3.06,False
put,0.16,3.0,0.3,25.0,True,False,191,11468.82,2.59,-852.84,204,17212.11,2.52,-1291.0,28680.93,2.52,True
put,0.16,3.0,0.3,25.0,True,True,170,11205.72,3.08,-800.45,169,15696.58,3.13,-1122.11,26902.3,3.08,False
put,0.16,3.0,0.5,0.0,False,False,252,9789.43,1.9,-1542.49,250,11716.98,1.66,-3586.59,21506.41,1.66,False
put,0.16,3.0,0.5,0.0,False,True,200,9942.67,2.7,-900.19,182,12223.01,2.62,-1197.62,22165.68,2.62,False
put,0.16,3.0,0.5,0.0,True,False,191,7917.75,2.12,-907.45,207,10993.75,1.94,-1241.19,18911.5,1.94,True
put,0.16,3.0,0.5,0.0,True,True,170,8012.87,2.53,-900.19,169,10703.51,2.5,-1197.62,18716.38,2.5,False
put,0.16,3.0,0.5,20.0,False,False,227,6373.14,1.61,-1776.71,188,8966.92,1.86,-1596.6,15340.060000000001,1.61,False
put,0.16,3.0,0.5,20.0,False,True,189,8305.26,2.42,-900.19,158,8774.32,2.21,-1197.62,17079.58,2.21,False
put,0.16,3.0,0.5,20.0,True,False,177,5742.15,1.81,-1219.67,181,9236.85,1.98,-1334.62,14979.0,1.81,False
put,0.16,3.0,0.5,20.0,True,True,160,6516.92,2.24,-900.19,153,8672.45,2.27,-1197.62,15189.37,2.24,False
put,0.16,3.0,0.5,25.0,False,False,248,9059.07,1.84,-1542.49,230,12606.61,1.96,-1604.32,21665.68,1.84,True
put,0.16,3.0,0.5,25.0,False,True,200,9942.67,2.7,-900.19,178,11490.96,2.52,-1197.62,21433.629999999997,2.52,False
put,0.16,3.0,0.5,25.0,True,False,191,7917.75,2.12,-907.45,204,11240.77,2.03,-1241.19,19158.52,2.03,True
put,0.16,3.0,0.5,25.0,True,True,170,8012.87,2.53,-900.19,169,10703.51,2.5,-1197.62,18716.38,2.5,False
put,0.2,1.5,0.0,0.0,False,False,252,7262.04,1.47,-1061.21,250,12338.07,1.56,-2964.44,19600.11,1.47,True
put,0.2,1.5,0.0,0.0,False,True,200,6636.17,1.62,-877.82,182,12293.19,1.95,-1482.86,18929.36,1.62,False
put,0.2,1.5,0.0,0.0,True,False,191,5865.81,1.54,-877.82,207,11311.18,1.68,-1681.7,17176.99,1.54,True
put,0.2,1.5,0.0,0.0,True,True,170,5772.67,1.63,-877.82,169,11233.53,1.95,-1482.86,17006.2,1.63,False
put,0.2,1.5,0.0,20.0,False,False,227,3760.17,1.26,-1503.88,188,10241.18,1.71,-1646.34,14001.35,1.26,False
put,0.2,1.5,0.0,20.0,False,True,189,5303.21,1.52,-877.82,158,10452.01,1.98,-1292.94,15755.220000000001,1.52,False
put,0.2,1.5,0.0,20.0,True,False,177,3715.82,1.36,-1207.76,181,10470.63,1.77,-1646.34,14186.449999999999,1.36,False
put,0.2,1.5,0.0,20.0,True,True,160,4252.31,1.49,-959.09,153,10503.04,2.04,-1292.94,14755.350000000002,1.49,False
put,0.2,1.5,0.0,25.0,False,False,248,6806.27,1.45,-1061.21,230,11688.68,1.61,-2229.72,18494.95,1.45,True
put,0.2,1.5,0.0,25.0,False,True,200,6636.17,1.62,-877.82,178,11607.4,1.92,-1482.86,18243.57,1.62,False
put,0.2,1.5,0.0,25.0,True,False,191,5865.81,1.54,-877.82,204,11615.39,1.72,-1681.7,17481.2,1.54,True
put,0.2,1.5,0.0,25.0,True,True,170,5772.67,1.63,-877.82,169,11233.53,1.95,-1482.86,17006.2,1.63,False
put,0.2,1.5,0.3,0.0,False,False,252,4415.75,1.3,-1228.37,250,8584.62,1.42,-3241.03,13000.37,1.3,True
put,0.2,1.5,0.3,0.0,False,True,200,4595.32,1.46,-971.86,182,9387.19,1.8,-1508.89,13982.51,1.46,False
put,0.2,1.5,0.3,0.0,True,False,191,3618.89,1.35,-971.86,207,8505.87,1.56,-1707.72,12124.76,1.35,True
put,0.2,1.5,0.3,0.0,True,True,170,3888.96,1.46,-971.86,169,8753.2,1.82,-1508.89,12642.16,1.46,False
put,0.2,1.5,0.3,20.0,False,False,227,1512.16,1.11,-2181.32,188,7517.18,1.57,-1664.2,9029.34,1.11,False
put,0.2,1.5,0.3,20.0,False,True,189,3591.07,1.38,-971.86,158,7798.01,1.79,-1292.94,11389.08,1.38,False
put,0.2,1.5,0.3,20.0,True,False,177,1884.19,1.19,-1676.32,181,7916.15,1.64,-1664.2,9800.34,1.19,False
put,0.2,1.5,0.3,20.0,True,True,160,2697.31,1.33,-1373.16,153,7961.24,1.85,-1292.94,10658.55,1.33,False
put,0.2,1.5,0.3,25.0,False,False,248,3860.11,1.27,-1234.48,230,8544.51,1.49,-2193.68,12404.62,1.27,False
put,0.2,1.5,0.3,25.0,False,True,200,4595.32,1.46,-971.86,178,8906.87,1.78,-1508.89,13502.19,1.46,False
put,0.2,1.5,0.3,25.0,True,False,191,3618.89,1.35,-971.86,204,8893.71,1.62,-1707.72,12512.599999999999,1.35,True
put,0.2,1.5,0.3,25.0,True,True,170,3888.96,1.46,-971.86,169,8753.2,1.82,-1508.89,12642.16,1.46,False
put,0.2,1.5,0.5,0.0,False,False,252,1006.38,1.07,-1391.13,250,4520.29,1.24,-3346.55,5526.67,1.07,False
put,0.2,1.5,0.5,0.0,False,True,200,1764.73,1.18,-1053.19,182,6158.08,1.59,-1292.94,7922.8099999999995,1.18,False
put,0.2,1.5,0.5,0.0,True,False,191,993.42,1.1,-1187.63,207,4811.15,1.35,-1540.4,5804.57,1.1,False
put,0.2,1.5,0.5,0.0,True,True,170,1509.01,1.18,-1053.19,169,5523.23,1.58,-1292.94,7032.24,1.18,False
put,0.2,1.5,0.5,20.0,False,False,227,-1352.05,0.9,-3142.77,188,3256.52,1.26,-1708.67,1904.47,0.9,False
put,0.2,1.5,0.5,20.0,False,True,189,1099.33,1.12,-1466.6,158,4328.13,1.47,-1292.94,5427.46,1.12,False
put,0.2,1.5,0.5,20.0,True,False,177,-277.91,0.97,-2191.23,181,3740.48,1.32,-1708.67,3462.57,0.97,False
put,0.2,1.5,0.5,20.0,True,True,160,656.21,1.08,-1888.06,153,4576.35,1.52,-1292.94,5232.56,1.08,False
put,0.2,1.5,0.5,25.0,False,False,248,276.02,1.02,-1925.89,230,4257.35,1.26,-2299.2,4533.370000000001,1.02,False
put,0.2,1.5,0.5,25.0,False,True,200,1764.73,1.18,-1053.19,178,5426.03,1.52,-1292.94,7190.76,1.18,False
put,0.2,1.5,0.5,25.0,True,False,191,993.42,1.1,-1187.63,204,4647.32,1.35,-1540.4,5640.74,1.1,False
put,0.2,1.5,0.5,25.0,True,True,170,1509.01,1.18,-1053.19,169,5523.23,1.58,-1292.94,7032.24,1.18,False
put,0.2,2.0,0.0,0.0,False,False,252,14175.79,2.03,-1234.58,250,16430.26,1.7,-3050.29,30606.05,1.7,True
put,0.2,2.0,0.0,0.0,False,True,200,12743.43,2.43,-822.85,182,16695.2,2.45,-1528.25,29438.63,2.43,False
put,0.2,2.0,0.0,0.0,True,False,191,11357.09,2.22,-908.82,207,14467.32,1.85,-2631.31,25824.41,1.85,True
put,0.2,2.0,0.0,0.0,True,True,170,10281.55,2.31,-822.85,169,14838.57,2.36,-1528.25,25120.12,2.31,False
put,0.2,2.0,0.0,20.0,False,False,227,9445.16,1.73,-1234.58,188,13818.07,2.01,-1646.34,23263.23,1.73,False
put,0.2,2.0,0.0,20.0,False,True,189,10230.84,2.14,-822.85,158,13517.67,2.37,-1078.65,23748.510000000002,2.14,False
put,0.2,2.0,0.0,20.0,True,False,177,8088.49,1.87,-908.82,181,13509.06,2.04,-1646.34,21597.55,1.87,False
put,0.2,2.0,0.0,20.0,True,True,160,8008.65,2.02,-822.85,153,13030.24,2.36,-1078.65,21038.89,2.02,False
put,0.2,2.0,0.0,25.0,False,False,248,13948.76,2.05,-1234.58,230,17041.81,1.92,-1959.74,30990.57,1.92,True
put,0.2,2.0,0.0,25.0,False,True,200,12743.43,2.43,-822.85,178,15750.9,2.37,-1528.25,28494.33,2.37,False
put,0.2,2.0,0.0,25.0,True,False,191,11357.09,2.22,-908.82,204,15278.3,1.96,-2631.31,26635.39,1.96,True
put,0.2,2.0,0.0,25.0,True,True,170,10281.55,2.31,-822.85,169,14838.57,2.36,-1528.25,25120.12,2.31,False
put,0.2,2.0,0.3,0.0,False,False,252,11456.12,1.92,-1277.79,250,11928.09,1.56,-3952.12,23384.21,1.56,False
put,0.2,2.0,0.3,0.0,False,True,200,10890.85,2.43,-867.92,182,13615.23,2.35,-1616.04,24506.08,2.35,False
put,0.2,2.0,0.3,0.0,True,False,191,9427.37,2.16,-873.55,207,11343.74,1.75,-2340.19,20771.11,1.75,True
put,0.2,2.0,0.3,0.0,True,True,170,8772.17,2.31,-867.92,169,12171.83,2.29,-1616.04,20944.0,2.29,False
put,0.2,2.0,0.3,20.0,False,False,227,7479.55,1.64,-1525.48,188,10972.78,1.89,-1664.2,18452.33,1.64,False
put,0.2,2.0,0.3,20.0,False,True,189,8796.55,2.16,-867.92,158,10810.79,2.22,-992.7,19607.34,2.16,False
put,0.2,2.0,0.3,20.0,True,False,177,6678.55,1.82,-873.55,181,10820.85,1.93,-1664.2,17499.4,1.82,False
put,0.2,2.0,0.3,20.0,True,True,160,6866.27,2.03,-867.92,153,10423.12,2.21,-992.7,17289.39,2.03,False
put,0.2,2.0,0.3,25.0,False,False,248,11129.22,1.93,-1277.79,230,13153.55,1.79,-1853.61,24282.769999999997,1.79,True
put,0.2,2.0,0.3,25.0,False,True,200,10890.85,2.43,-867.92,178,12876.4,2.28,-1616.04,23767.25,2.28,False
put,0.2,2.0,0.3,25.0,True,False,191,9427.37,2.16,-873.55,204,12238.35,1.87,-2340.19,21665.72,1.87,True
put,0.2,2.0,0.3,25.0,True,True,170,8772.17,2.31,-867.92,169,12171.83,2.29,-1616.04,20944.0,2.29,False
put,0.2,2.0,0.5,0.0,False,False,252,7634.54,1.67,-1327.83,250,7451.43,1.39,-3780.94,15085.970000000001,1.39,False
put,0.2,2.0,0.5,0.0,False,True,200,7580.71,2.06,-969.89,182,9850.83,2.1,-1105.51,17431.54,2.06,False
put,0.2,2.0,0.5,0.0,True,False,191,5855.44,1.72,-969.89,207,7622.39,1.57,-2148.54,13477.83,1.57,True
put,0.2,2.0,0.5,0.0,True,True,170,5558.46,1.83,-969.89,169,8693.71,2.05,-1105.51,14252.169999999998,1.83,False
put,0.2,2.0,0.5,20.0,False,False,227,4131.18,1.37,-1356.89,188,6337.31,1.55,-1708.67,10468.490000000002,1.37,False
put,0.2,2.0,0.5,20.0,False,True,189,5943.3,1.83,-969.89,158,7095.27,1.87,-1053.88,13038.57,1.83,False
put,0.2,2.0,0.5,20.0,True,False,177,3679.84,1.45,-969.89,181,6299.0,1.58,-1708.67,9978.84,1.45,False
put,0.2,2.0,0.5,20.0,True,True,160,4062.51,1.61,-969.89,153,6821.22,1.87,-1053.88,10883.73,1.61,False
put,0.2,2.0,0.5,25.0,False,False,248,6904.18,1.6,-1327.83,230,8361.88,1.55,-2167.41,15266.06,1.55,True
put,0.2,2.0,0.5,25.0,False,True,200,7580.71,2.06,-969.89,178,9118.78,2.02,-1105.51,16699.49,2.02,False
put,0.2,2.0,0.5,25.0,True,False,191,5855.44,1.72,-969.89,204,7614.64,1.59,-2148.54,13470.08,1.59,True
put,0.2,2.0,0.5,25.0,True,True,170,5558.46,1.83,-969.89,169,8693.71,2.05,-1105.51,14252.169999999998,1.83,False
put,0.2,3.0,0.0,0.0,False,False,252,16526.37,2.26,-1415.36,250,23241.49,2.19,-3444.71,39767.86,2.19,True
put,0.2,3.0,0.0,0.0,False,True,200,15380.83,3.07,-823.95,182,21875.05,3.6,-1088.57,37255.88,3.07,False
put,0.2,3.0,0.0,0.0,True,False,191,13623.43,2.67,-873.37,207,21066.36,2.64,-1391.16,34689.79,2.64,True
put,0.2,3.0,0.0,0.0,True,True,170,12939.99,3.06,-823.95,169,19538.1,3.45,-1088.57,32478.089999999997,3.06,False
put,0.2,3.0,0.0,20.0,False,False,227,12014.82,2.0,-1457.84,188,17798.18,2.56,-1667.38,29813.0,2.0,False
put,0.2,3.0,0.0,20.0,False,True,189,12868.24,2.73,-823.95,158,16557.23,3.04,-1088.57,29425.47,2.73,False
put,0.2,3.0,0.0,20.0,True,False,177,10354.83,2.27,-1020.23,181,17797.41,2.69,-1667.38,28152.239999999998,2.27,False
put,0.2,3.0,0.0,20.0,True,True,160,10667.09,2.7,-823.95,153,16241.98,3.11,-1088.57,26909.07,2.7,False
put,0.2,3.0,0.0,25.0,False,False,248,16431.35,2.32,-1415.36,230,23711.56,2.62,-1768.12,40142.91,2.32,True
put,0.2,3.0,0.0,25.0,False,True,200,15380.83,3.07,-823.95,178,20930.75,3.49,-1088.57,36311.58,3.07,False
put,0.2,3.0,0.0,25.0,True,False,191,13623.43,2.67,-873.37,204,21592.56,2.8,-1391.16,35215.990000000005,2.67,True
put,0.2,3.0,0.0,25.0,True,True,170,12939.99,3.06,-823.95,169,19538.1,3.45,-1088.57,32478.089999999997,3.06,False
put,0.2,3.0,0.3,0.0,False,False,252,13527.59,2.13,-1446.58,250,18217.52,1.96,-3826.53,31745.11,1.96,False
put,0.2,3.0,0.3,0.0,False,True,200,13231.95,3.06,-800.45,182,17531.71,3.25,-1122.11,30763.66,3.06,False
put,0.2,3.0,0.3,0.0,True,False,191,11468.82,2.59,-852.84,207,16602.28,2.36,-1478.67,28071.1,2.36,True
put,0.2,3.0,0.3,0.0,True,True,170,11205.72,3.08,-800.45,169,15696.58,3.13,-1122.11,26902.3,3.08,False
put,0.2,3.0,0.3,20.0,False,False,227,9770.1,1.89,-1875.84,188,14232.5,2.32,-1710.52,24002.6,1.89,False
put,0.2,3.0,0.3,20.0,False,True,189,11137.65,2.74,-800.45,158,13341.31,2.78,-1122.11,24478.96,2.74,False
put,0.2,3.0,0.3,20.0,True,False,177,8720.0,2.21,-1090.48,181,14388.81,2.46,-1563.02,23108.809999999998,2.21,False
put,0.2,3.0,0.3,20.0,True,True,160,9299.82,2.73,-800.45,153,13125.82,2.85,-1122.11,22425.64,2.73,False
put,0.2,3.0,0.3,25.0,False,False,248,13332.7,2.17,-1446.58,230,18570.87,2.33,-1549.51,31903.57,2.17,True
put,0.2,3.0,0.3,25.0,False,True,200,13231.95,3.06,-800.45,178,16792.88,3.16,-1122.11,30024.83,3.06,False
put,0.2,3.0,0.3,25.0,True,False,191,11468.82,2.59,-852.84,204,17212.11,2.52,-1291.0,28680.93,2.52,True
put,0.2,3.0,0.3,25.0,True,True,170,11205.72,3.08,-800.45,169,15696.58,3.13,-1122.11,26902.3,3.08,False
put,0.2,3.0,0.5,0.0,False,False,252,9789.43,1.9,-1542.49,250,11716.98,1.66,-3586.59,21506.41,1.66,False
put,0.2,3.0,0.5,0.0,False,True,200,9942.67,2.7,-900.19,182,12223.01,2.62,-1197.62,22165.68,2.62,False
put,0.2,3.0,0.5,0.0,True,False,191,7917.75,2.12,-907.45,207,10993.75,1.94,-1241.19,18911.5,1.94,True
put,0.2,3.0,0.5,0.0,True,True,170,8012.87,2.53,-900.19,169,10703.51,2.5,-1197.62,18716.38,2.5,False
put,0.2,3.0,0.5,20.0,False,False,227,6373.14,1.61,-1776.71,188,8966.92,1.86,-1596.6,15340.060000000001,1.61,False
put,0.2,3.0,0.5,20.0,False,True,189,8305.26,2.42,-900.19,158,8774.32,2.21,-1197.62,17079.58,2.21,False
put,0.2,3.0,0.5,20.0,True,False,177,5742.15,1.81,-1219.67,181,9236.85,1.98,-1334.62,14979.0,1.81,False
put,0.2,3.0,0.5,20.0,True,True,160,6516.92,2.24,-900.19,153,8672.45,2.27,-1197.62,15189.37,2.24,False
put,0.2,3.0,0.5,25.0,False,False,248,9059.07,1.84,-1542.49,230,12606.61,1.96,-1604.32,21665.68,1.84,True
put,0.2,3.0,0.5,25.0,False,True,200,9942.67,2.7,-900.19,178,11490.96,2.52,-1197.62,21433.629999999997,2.52,False
put,0.2,3.0,0.5,25.0,True,False,191,7917.75,2.12,-907.45,204,11240.77,2.03,-1241.19,19158.52,2.03,True
put,0.2,3.0,0.5,25.0,True,True,170,8012.87,2.53,-900.19,169,10703.51,2.5,-1197.62,18716.38,2.5,False
call,0.1,1.5,0.0,0.0,False,False,252,1238.38,1.53,-432.06,250,-212.2,0.96,-1944.33,1026.18,0.96,False
call,0.1,1.5,0.0,0.0,False,True,52,-120.93,0.87,-382.81,68,-2167.2,0.33,-2195.32,-2288.1299999999997,0.33,False
call,0.1,1.5,0.0,0.0,True,False,191,953.25,1.56,-372.96,207,1688.41,1.73,-215.09,2641.66,1.56,True
call,0.1,1.5,0.0,0.0,True,True,21,-196.57,0.59,-265.27,38,-333.07,0.62,-369.21,-529.64,0.59,False
call,0.1,1.5,0.0,20.0,False,False,227,1477.77,1.9,-119.46,188,1575.95,1.78,-217.6,3053.7200000000003,1.78,False
call,0.1,1.5,0.0,20.0,False,True,38,213.21,1.61,-97.97,30,-376.03,0.48,-404.15,-162.81999999999996,0.48,False
call,0.1,1.5,0.0,20.0,True,False,177,1166.53,1.95,-145.0,181,1564.11,1.81,-271.48,2730.64,1.81,False
call,0.1,1.5,0.0,20.0,True,True,17,78.52,1.52,-84.59,28,-380.14,0.45,-408.27,-301.62,0.45,False
call,0.1,1.5,0.0,25.0,False,False,248,1321.99,1.6,-305.8,230,1335.93,1.46,-389.27,2657.92,1.46,True
call,0.1,1.5,0.0,25.0,False,True,48,-37.32,0.95,-256.54,52,-770.83,0.44,-798.93,-808.1500000000001,0.44,False
call,0.1,1.5,0.0,25.0,True,False,191,953.25,1.56,-372.96,204,1554.88,1.67,-215.09,2508.13,1.56,True
call,0.1,1.5,0.0,25.0,True,True,21,-196.57,0.59,-265.27,35,-466.6,0.46,-494.72,-663.1700000000001,0.46,False
call,0.1,1.5,0.3,0.0,False,False,252,177.55,1.08,-614.72,250,-1409.55,0.71,-2128.52,-1232.0,0.71,False
call,0.1,1.5,0.3,0.0,False,True,52,-241.91,0.71,-380.14,68,-2278.13,0.28,-2293.93,-2520.04,0.28,False
call,0.1,1.5,0.3,0.0,True,False,191,61.81,1.04,-533.52,207,591.87,1.26,-269.56,653.6800000000001,1.04,False
call,0.1,1.5,0.3,0.0,True,True,21,-289.05,0.4,-328.51,38,-406.86,0.52,-452.94,-695.9100000000001,0.4,False
call,0.1,1.5,0.3,20.0,False,False,227,543.2,1.35,-276.73,188,518.49,1.26,-351.59,1061.69,1.26,False
call,0.1,1.5,0.3,20.0,False,True,38,157.97,1.59,-101.99,30,-456.52,0.37,-472.32,-298.54999999999995,0.37,False
call,0.1,1.5,0.3,20.0,True,False,177,345.49,1.28,-280.69,181,538.15,1.28,-331.95,883.64,1.28,False
call,0.1,1.5,0.3,20.0,True,True,17,6.15,1.04,-91.57,28,-455.72,0.34,-471.53,-449.57000000000005,0.34,False
call,0.1,1.5,0.3,25.0,False,False,248,271.73,1.13,-488.45,230,265.53,1.09,-460.65,537.26,1.09,False
call,0.1,1.5,0.3,25.0,False,True,48,-147.73,0.79,-253.87,52,-764.37,0.41,-780.15,-912.1,0.41,False
call,0.1,1.5,0.3,25.0,True,False,191,61.81,1.04,-533.52,204,489.99,1.21,-332.27,551.8,1.04,False
call,0.1,1.5,0.3,25.0,True,True,21,-289.05,0.4,-328.51,35,-508.74,0.39,-524.54,-797.79,0.39,False
call,0.1,1.5,0.5,0.0,False,False,252,-311.45,0.86,-738.55,250,-1992.04,0.59,-2344.49,-2303.49,0.59,False
call,0.1,1.5,0.5,0.0,False,True,52,-344.72,0.59,-380.14,68,-2325.08,0.26,-2364.7,-2669.8,0.26,False
call,0.1,1.5,0.5,0.0,True,False,191,-268.05,0.84,-602.62,207,91.51,1.04,-393.81,-176.54000000000002,0.84,False
call,0.1,1.5,0.5,0.0,True,True,21,-315.34,0.35,-341.51,38,-408.29,0.5,-480.03,-723.63,0.35,False
call,0.1,1.5,0.5,20.0,False,False,227,129.75,1.09,-385.8,188,97.44,1.05,-436.72,227.19,1.05,False
call,0.1,1.5,0.5,20.0,False,True,38,94.0,1.35,-106.23,30,-432.92,0.38,-448.72,-338.92,0.38,False
call,0.1,1.5,0.5,20.0,True,False,177,52.34,1.04,-349.79,181,129.89,1.07,-404.28,182.23,1.04,False
call,0.1,1.5,0.5,20.0,True,True,17,-20.14,0.87,-95.81,28,-432.12,0.36,-447.93,-452.26,0.36,False
call,0.1,1.5,0.5,25.0,False,False,248,-207.62,0.9,-612.29,230,-253.06,0.91,-625.87,-460.68,0.9,False
call,0.1,1.5,0.5,25.0,False,True,48,-240.89,0.66,-270.55,52,-753.77,0.4,-769.55,-994.66,0.4,False
call,0.1,1.5,0.5,25.0,True,False,191,-268.05,0.84,-602.62,204,14.66,1.01,-444.65,-253.39000000000001,0.84,False
call,0.1,1.5,0.5,25.0,True,True,21,-315.34,0.35,-341.51,35,-485.14,0.41,-530.87,-800.48,0.35,False
call,0.1,2.0,0.0,0.0,False,False,252,2535.0,2.4,-326.69,250,2286.28,1.59,-1794.03,4821.280000000001,1.59,True
call,0.1,2.0,0.0,0.0,False,True,52,12.9,1.01,-326.69,68,-1369.55,0.54,-1843.8,-1356.6499999999999,0.54,False
call,0.1,2.0,0.0,0.0,True,False,191,2040.36,2.66,-253.87,207,3702.14,3.62,-199.76,5742.5,2.66,True
call,0.1,2.0,0.0,0.0,True,True,21,-115.77,0.74,-253.87,38,98.31,1.14,-186.15,-17.459999999999994,0.74,False
call,0.1,2.0,0.0,20.0,False,False,227,2620.23,3.24,-89.47,188,3153.46,3.41,-199.76,5773.6900000000005,3.24,False
call,0.1,2.0,0.0,20.0,False,True,38,293.59,1.87,-123.12,30,-52.66,0.91,-218.76,240.92999999999998,0.91,False
call,0.1,2.0,0.0,20.0,True,False,177,2152.93,3.67,-89.47,181,3091.34,3.5,-199.76,5244.27,3.5,False
call,0.1,2.0,0.0,20.0,True,True,17,159.32,2.4,-74.96,28,-49.58,0.91,-215.68,109.74,0.91,False
call,0.1,2.0,0.0,25.0,False,False,248,2565.16,2.51,-253.87,230,3590.42,2.85,-275.8,6155.58,2.51,True
call,0.1,2.0,0.0,25.0,False,True,48,43.06,1.06,-253.87,52,-217.17,0.82,-468.02,-174.10999999999999,0.82,False
call,0.1,2.0,0.0,25.0,True,False,191,2040.36,2.66,-253.87,204,3568.61,3.52,-199.76,5608.97,2.66,True
call,0.1,2.0,0.0,25.0,True,True,21,-115.77,0.74,-253.87,35,-35.22,0.95,-259.81,-150.99,0.74,False
call,0.1,2.0,0.3,0.0,False,False,252,1302.35,1.78,-332.87,250,775.61,1.21,-1758.35,2077.96,1.21,False
call,0.1,2.0,0.3,0.0,False,True,52,-100.2,0.87,-332.87,68,-1557.2,0.44,-1790.84,-1657.4,0.44,False
call,0.1,2.0,0.3,0.0,True,False,191,955.19,1.78,-253.87,207,2355.05,2.76,-199.76,3310.2400000000002,1.78,True
call,0.1,2.0,0.3,0.0,True,True,21,-213.14,0.52,-297.93,38,-7.32,0.99,-195.44,-220.45999999999998,0.52,False
call,0.1,2.0,0.3,20.0,False,False,227,1532.08,2.48,-109.82,188,1964.45,2.6,-199.76,3496.5299999999997,2.48,False
call,0.1,2.0,0.3,20.0,False,True,38,252.41,2.1,-130.1,30,-90.65,0.83,-194.71,161.76,0.83,False
call,0.1,2.0,0.3,20.0,True,False,177,1150.22,2.43,-107.29,181,1944.31,2.68,-223.41,3094.5299999999997,2.43,False
call,0.1,2.0,0.3,20.0,True,True,17,82.06,1.72,-81.94,28,-82.66,0.83,-186.72,-0.5999999999999943,0.83,False
call,0.1,2.0,0.3,25.0,False,False,248,1349.26,1.86,-253.87,230,2251.82,2.27,-227.05,3601.08,1.86,True
call,0.1,2.0,0.3,25.0,False,True,48,-53.29,0.92,-253.87,52,-242.31,0.76,-366.37,-295.6,0.76,False
call,0.1,2.0,0.3,25.0,True,False,191,955.19,1.78,-253.87,204,2253.17,2.69,-199.76,3208.36,1.78,True
call,0.1,2.0,0.3,25.0,True,True,21,-213.14,0.52,-297.93,35,-109.2,0.83,-235.9,-322.34,0.52,False
call,0.1,2.0,0.5,0.0,False,False,252,759.57,1.49,-347.34,250,-4.32,1.0,-1780.11,755.25,1.0,False
call,0.1,2.0,0.5,0.0,False,True,52,-224.7,0.71,-347.34,68,-1611.55,0.41,-1770.46,-1836.25,0.41,False
call,0.1,2.0,0.5,0.0,True,False,191,565.76,1.49,-286.32,207,1603.72,2.2,-199.76,2169.48,1.49,True
call,0.1,2.0,0.5,0.0,True,True,21,-239.43,0.46,-310.92,38,-79.78,0.87,-208.74,-319.21000000000004,0.46,False
call,0.1,2.0,0.5,20.0,False,False,227,1092.64,2.19,-124.94,188,1365.8,2.14,-199.76,2458.44,2.14,False
call,0.1,2.0,0.5,20.0,False,True,38,181.22,1.79,-134.35,30,-90.51,0.82,-183.44,90.71,0.82,False
call,0.1,2.0,0.5,20.0,True,False,177,810.82,2.11,-96.86,181,1313.19,2.14,-259.75,2124.01,2.11,False
call,0.1,2.0,0.5,20.0,True,True,17,55.77,1.49,-86.18,28,-127.78,0.74,-220.71,-72.00999999999999,0.74,False
call,0.1,2.0,0.5,25.0,False,False,248,830.6,1.57,-253.87,230,1565.34,1.92,-199.76,2395.94,1.57,True
call,0.1,2.0,0.5,25.0,False,True,48,-153.67,0.77,-260.21,52,-209.56,0.78,-324.2,-363.23,0.77,False
call,0.1,2.0,0.5,25.0,True,False,191,565.76,1.49,-286.32,204,1526.87,2.14,-199.76,2092.63,1.49,True
call,0.1,2.0,0.5,25.0,True,True,21,-239.43,0.46,-310.92,35,-156.63,0.75,-259.58,-396.06,0.46,False
call,0.1,3.0,0.0,0.0,False,False,252,3857.15,4.54,-253.87,250,2717.03,1.62,-3305.78,6574.18,1.62,True
call,0.1,3.0,0.0,0.0,False,True,52,445.6,1.63,-253.87,68,-1774.58,0.55,-3305.78,-1328.98,0.55,False
call,0.1,3.0,0.0,0.0,True,False,191,2683.53,3.95,-253.87,207,4654.07,6.03,-199.76,7337.6,3.95,True
call,0.1,3.0,0.0,0.0,True,True,21,-203.31,0.64,-400.67,38,600.0,2.26,-268.83,396.69,0.64,False
call,0.1,3.0,0.0,20.0,False,False,227,3572.2,6.92,-120.12,188,3917.18,5.23,-199.76,7489.379999999999,5.23,False
call,0.1,3.0,0.0,20.0,False,True,38,502.39,3.28,-153.47,30,265.0,1.56,-268.83,767.39,1.56,False
call,0.1,3.0,0.0,20.0,True,False,177,2803.1,7.61,-77.62,181,3728.9,5.03,-199.76,6532.0,5.03,False
call,0.1,3.0,0.0,20.0,True,True,17,225.06,3.9,-77.62,28,211.53,1.44,-268.83,436.59000000000003,1.44,False
call,0.1,3.0,0.0,25.0,False,False,248,3687.42,4.39,-253.87,230,5230.88,6.11,-199.76,8918.3,4.39,True
call,0.1,3.0,0.0,25.0,False,True,48,275.87,1.39,-253.87,52,903.44,2.58,-268.83,1179.31,1.39,False
call,0.1,3.0,0.0,25.0,True,False,191,2683.53,3.95,-253.87,204,4520.54,5.88,-199.76,7204.07,3.95,True
call,0.1,3.0,0.0,25.0,True,True,21,-203.31,0.64,-400.67,35,466.47,1.98,-268.83,263.16,0.64,False
call,0.1,3.0,0.3,0.0,False,False,252,2331.29,3.25,-253.87,250,868.03,1.2,-3332.48,3199.3199999999997,1.2,False
call,0.1,3.0,0.3,0.0,False,True,52,200.86,1.31,-253.87,68,-2208.88,0.42,-3334.6,-2008.02,0.42,False
call,0.1,3.0,0.3,0.0,True,False,191,1487.38,2.64,-253.87,207,3214.71,4.91,-199.76,4702.09,2.64,True
call,0.1,3.0,0.3,0.0,True,True,21,-311.99,0.45,-427.45,38,449.82,2.21,-196.2,137.82999999999998,0.45,False
call,0.1,3.0,0.3,20.0,False,False,227,2236.53,5.05,-127.23,188,2657.04,4.23,-199.76,4893.57,4.23,False
call,0.1,3.0,0.3,20.0,False,True,38,355.74,3.1,-160.45,30,203.2,1.55,-196.2,558.94,1.55,False
call,0.1,3.0,0.3,20.0,True,False,177,1708.93,5.03,-93.13,181,2525.59,4.07,-204.82,4234.52,4.07,False
call,0.1,3.0,0.3,20.0,True,True,17,136.49,2.76,-77.62,28,158.94,1.43,-196.2,295.43,1.43,False
call,0.1,3.0,0.3,25.0,False,False,248,2184.71,3.11,-253.87,230,3600.06,4.92,-199.76,5784.77,3.11,True
call,0.1,3.0,0.3,25.0,False,True,48,54.28,1.08,-253.87,52,644.35,2.37,-196.2,698.63,1.08,False
call,0.1,3.0,0.3,25.0,True,False,191,1487.38,2.64,-253.87,204,3112.83,4.79,-199.76,4600.21,2.64,True
call,0.1,3.0,0.3,25.0,True,True,21,-311.99,0.45,-427.45,35,347.94,1.94,-196.2,35.94999999999999,0.45,False
call,0.1,3.0,0.5,0.0,False,False,252,1628.94,2.65,-253.87,250,1958.82,1.86,-1601.6,3587.76,1.86,True
call,0.1,3.0,0.5,0.0,False,True,52,31.79,1.05,-253.87,68,-367.47,0.8,-1619.26,-335.68,0.8,False
call,0.1,3.0,0.5,0.0,True,False,191,1031.55,2.2,-253.87,207,2629.08,5.2,-199.76,3660.63,2.2,True
call,0.1,3.0,0.5,0.0,True,True,21,-338.28,0.4,-440.44,38,568.1,4.23,-121.18,229.82000000000005,0.4,False
call,0.1,3.0,0.5,20.0,False,False,227,1680.74,4.33,-130.88,188,2184.76,4.49,-199.76,3865.5,4.33,False
call,0.1,3.0,0.5,20.0,False,True,38,276.74,2.63,-164.69,30,354.75,3.02,-121.18,631.49,2.63,False
call,0.1,3.0,0.5,20.0,True,False,177,1309.59,4.48,-77.62,181,2073.09,4.31,-234.86,3382.6800000000003,4.31,False
call,0.1,3.0,0.5,20.0,True,True,17,110.2,2.42,-77.62,28,317.48,2.81,-121.18,427.68,2.42,False
call,0.1,3.0,0.5,25.0,False,False,248,1543.24,2.56,-253.87,230,2956.69,5.09,-199.76,4499.93,2.56,True
call,0.1,3.0,0.5,25.0,False,True,48,-53.91,0.92,-255.97,52,745.25,3.73,-121.18,691.34,0.92,False
call,0.1,3.0,0.5,25.0,True,False,191,1031.55,2.2,-253.87,204,2552.23,5.08,-199.76,3583.7799999999997,2.2,True
call,0.1,3.0,0.5,25.0,True,True,21,-338.28,0.4,-440.44,35,491.25,3.79,-121.18,152.97000000000003,0.4,False
call,0.16,1.5,0.0,0.0,False,False,252,3222.46,1.87,-546.68,250,2066.21,1.29,-2363.77,5288.67,1.29,False
call,0.16,1.5,0.0,0.0,False,True,52,-169.42,0.89,-639.26,68,-2604.58,0.43,-2710.76,-2774.0,0.43,False
call,0.16,1.5,0.0,0.0,True,False,191,2770.41,2.12,-398.24,207,4357.15,2.27,-264.33,7127.5599999999995,2.12,True
call,0.16,1.5,0.0,0.0,True,True,21,-143.48,0.8,-340.59,38,-417.07,0.7,-477.56,-560.55,0.7,False
call,0.16,1.5,0.0,20.0,False,False,227,3361.87,2.23,-238.83,188,4249.76,2.49,-247.68,7611.63,2.23,False
call,0.16,1.5,0.0,20.0,False,True,38,206.96,1.26,-276.48,30,-369.64,0.66,-430.12,-162.67999999999998,0.66,False
call,0.16,1.5,0.0,20.0,True,False,177,2920.56,2.58,-172.5,181,4191.17,2.54,-333.9,7111.73,2.54,False
call,0.16,1.5,0.0,20.0,True,True,17,185.41,1.71,-130.41,28,-386.82,0.63,-447.3,-201.41,0.63,False
call,0.16,1.5,0.0,25.0,False,False,248,3349.38,1.95,-340.59,230,3930.1,1.9,-537.48,7279.48,1.9,True
call,0.16,1.5,0.0,25.0,False,True,48,-42.5,0.97,-433.17,52,-936.09,0.56,-996.57,-978.59,0.56,False
call,0.16,1.5,0.0,25.0,True,False,191,2770.41,2.12,-398.24,204,4252.63,2.26,-264.33,7023.04,2.12,True
call,0.16,1.5,0.0,25.0,True,True,21,-143.48,0.8,-340.59,35,-521.59,0.6,-582.09,-665.07,0.6,False
call,0.16,1.5,0.3,0.0,False,False,252,1868.64,1.55,-553.38,250,222.8,1.03,-2481.4,2091.44,1.03,False
call,0.16,1.5,0.3,0.0,False,True,52,-89.23,0.93,-546.68,68,-2684.64,0.39,-2746.57,-2773.87,0.39,False
call,0.16,1.5,0.3,0.0,True,False,191,1420.47,1.58,-538.89,207,2695.9,1.81,-313.91,4116.37,1.58,True
call,0.16,1.5,0.3,0.0,True,True,21,-277.82,0.61,-360.12,38,-395.71,0.69,-508.45,-673.53,0.61,False
call,0.16,1.5,0.3,20.0,False,False,227,2221.27,1.94,-173.0,188,2493.17,1.87,-334.87,4714.4400000000005,1.87,False
call,0.16,1.5,0.3,20.0,False,True,38,393.37,1.79,-149.85,30,-514.68,0.52,-547.77,-121.30999999999995,0.52,False
call,0.16,1.5,0.3,20.0,True,False,177,1685.4,1.94,-221.06,181,2481.05,1.91,-401.16,4166.450000000001,1.91,False
call,0.16,1.5,0.3,20.0,True,True,17,76.47,1.29,-142.18,28,-524.1,0.49,-557.19,-447.63,0.49,False
call,0.16,1.5,0.3,25.0,False,False,248,2016.55,1.64,-347.29,230,2176.02,1.52,-532.27,4192.57,1.52,True
call,0.16,1.5,0.3,25.0,False,True,48,58.68,1.05,-340.59,52,-947.21,0.52,-980.28,-888.5300000000001,0.52,False
call,0.16,1.5,0.3,25.0,True,False,191,1420.47,1.58,-538.89,204,2512.95,1.76,-339.52,3933.42,1.58,True
call,0.16,1.5,0.3,25.0,True,True,21,-277.82,0.61,-360.12,35,-578.66,0.54,-623.8,-856.48,0.54,False
call,0.16,1.5,0.5,0.0,False,False,252,1072.16,1.33,-713.58,250,-821.63,0.88,-2593.37,250.5300000000001,0.88,False
call,0.16,1.5,0.5,0.0,False,True,52,-185.08,0.85,-546.68,68,-2694.47,0.37,-2799.09,-2879.5499999999997,0.37,False
call,0.16,1.5,0.5,0.0,True,False,191,707.22,1.29,-651.44,207,1713.92,1.53,-325.65,2421.1400000000003,1.29,False
call,0.16,1.5,0.5,0.0,True,True,21,-297.78,0.56,-384.85,38,-384.71,0.69,-540.14,-682.49,0.56,False
call,0.16,1.5,0.5,20.0,False,False,227,1557.93,1.7,-256.35,188,1609.47,1.58,-376.19,3167.4,1.58,False
call,0.16,1.5,0.5,20.0,False,True,38,366.27,1.87,-149.85,30,-480.73,0.54,-513.82,-114.46000000000004,0.54,False
call,0.16,1.5,0.5,20.0,True,False,177,1053.82,1.59,-333.61,181,1605.67,1.61,-417.09,2659.49,1.59,False
call,0.16,1.5,0.5,20.0,True,True,17,73.79,1.32,-142.18,28,-490.15,0.51,-523.25,-416.35999999999996,0.51,False
call,0.16,1.5,0.5,25.0,False,False,248,1237.37,1.41,-507.49,230,1240.29,1.3,-558.48,2477.66,1.3,True
call,0.16,1.5,0.5,25.0,False,True,48,-19.87,0.98,-340.59,52,-860.38,0.55,-920.34,-880.25,0.55,False
call,0.16,1.5,0.5,25.0,True,False,191,707.22,1.29,-651.44,204,1553.92,1.48,-404.9,2261.1400000000003,1.29,False
call,0.16,1.5,0.5,25.0,True,True,21,-297.78,0.56,-384.85,35,-544.71,0.55,-655.49,-842.49,0.55,False
call,0.16,2.0,0.0,0.0,False,False,252,5601.36,2.95,-449.3,250,6757.8,2.29,-2201.42,12359.16,2.29,True
call,0.16,2.0,0.0,0.0,False,True,52,271.36,1.18,-493.16,68,-1190.62,0.71,-2286.53,-919.2599999999999,0.71,False
call,0.16,2.0,0.0,0.0,True,False,191,4609.34,3.54,-340.59,207,8231.65,5.54,-291.23,12840.99,3.54,True
call,0.16,2.0,0.0,0.0,True,True,21,35.03,1.05,-340.59,38,598.15,1.59,-291.23,633.18,1.05,False
call,0.16,2.0,0.0,20.0,False,False,227,5331.96,3.63,-238.83,188,7320.37,5.77,-237.7,12652.33,3.63,False
call,0.16,2.0,0.0,20.0,False,True,38,402.87,1.52,-273.53,30,448.52,1.59,-241.59,851.39,1.52,False
call,0.16,2.0,0.0,20.0,True,False,177,4595.55,4.74,-143.78,181,7201.63,6.07,-237.7,11797.18,4.74,False
call,0.16,2.0,0.0,20.0,True,True,17,363.92,2.76,-112.15,28,446.95,1.64,-241.59,810.87,1.64,False
call,0.16,2.0,0.0,25.0,False,False,248,5483.41,2.98,-340.59,230,8166.05,4.1,-353.01,13649.46,2.98,True
call,0.16,2.0,0.0,25.0,False,True,48,153.41,1.11,-384.45,52,153.93,1.09,-494.73,307.34000000000003,1.09,False
call,0.16,2.0,0.0,25.0,True,False,191,4609.34,3.54,-340.59,204,7984.9,5.4,-291.23,12594.24,3.54,True
call,0.16,2.0,0.0,25.0,True,True,21,35.03,1.05,-340.59,35,351.4,1.34,-291.23,386.42999999999995,1.05,False
call,0.16,2.0,0.3,0.0,False,False,252,4006.0,2.63,-449.3,250,4425.16,1.9,-2258.16,8431.16,1.9,True
call,0.16,2.0,0.3,0.0,False,True,52,317.02,1.28,-449.3,68,-1375.84,0.64,-2294.01,-1058.82,0.64,False
call,0.16,2.0,0.3,0.0,True,False,191,2975.91,2.65,-340.59,207,6231.79,4.94,-237.7,9207.7,2.65,True
call,0.16,2.0,0.3,0.0,True,True,21,-133.65,0.8,-340.59,38,593.1,1.75,-237.27,459.45000000000005,0.8,False
call,0.16,2.0,0.3,20.0,False,False,227,3996.95,3.47,-143.78,188,5384.18,4.82,-237.7,9381.130000000001,3.47,False
call,0.16,2.0,0.3,20.0,False,True,38,577.89,2.33,-159.92,30,383.25,1.61,-195.36,961.14,1.61,False
call,0.16,2.0,0.3,20.0,True,False,177,3100.89,3.54,-143.78,181,5326.04,5.12,-237.7,8426.93,3.54,False
call,0.16,2.0,0.3,20.0,True,True,17,220.64,2.07,-112.15,28,389.44,1.68,-195.36,610.0799999999999,1.68,False
call,0.16,2.0,0.3,25.0,False,False,248,3932.18,2.67,-340.59,230,6122.21,3.63,-348.88,10054.39,2.67,True
call,0.16,2.0,0.3,25.0,False,True,48,243.2,1.23,-340.59,52,214.41,1.15,-405.75,457.61,1.15,False
call,0.16,2.0,0.3,25.0,True,False,191,2975.91,2.65,-340.59,204,6048.84,4.82,-237.7,9024.75,2.65,True
call,0.16,2.0,0.3,25.0,True,True,21,-133.65,0.8,-340.59,35,410.15,1.52,-237.27,276.5,0.8,False
call,0.16,2.0,0.5,0.0,False,False,252,2838.86,2.2,-449.3,250,3244.3,1.71,-2061.98,6083.16,1.71,True
call,0.16,2.0,0.5,0.0,False,True,52,116.93,1.11,-449.3,68,-1226.74,0.65,-2072.22,-1109.81,0.65,False
call,0.16,2.0,0.5,0.0,True,False,191,2003.07,2.11,-340.59,207,4785.14,4.02,-237.7,6788.21,2.11,True
call,0.16,2.0,0.5,0.0,True,True,21,-212.99,0.67,-357.16,38,414.77,1.53,-237.27,201.77999999999997,0.67,False
call,0.16,2.0,0.5,20.0,False,False,227,2994.26,2.97,-143.78,188,4225.38,4.12,-237.7,7219.64,2.97,False
call,0.16,2.0,0.5,20.0,False,True,38,477.86,2.24,-159.92,30,336.62,1.58,-217.37,814.48,1.58,False
call,0.16,2.0,0.5,20.0,True,False,177,2209.72,2.81,-143.78,181,4094.1,4.16,-248.17,6303.82,2.81,False
call,0.16,2.0,0.5,20.0,True,True,17,158.58,1.77,-112.15,28,261.35,1.45,-217.37,419.93000000000006,1.45,False
call,0.16,2.0,0.5,25.0,False,False,248,2813.65,2.25,-340.59,230,4908.67,3.31,-275.93,7722.32,2.25,True
call,0.16,2.0,0.5,25.0,False,True,48,91.72,1.09,-340.59,52,317.11,1.25,-275.93,408.83000000000004,1.09,False
call,0.16,2.0,0.5,25.0,True,False,191,2003.07,2.11,-340.59,204,4625.14,3.92,-237.7,6628.21,2.11,True
call,0.16,2.0,0.5,25.0,True,True,21,-212.99,0.67,-357.16,35,254.77,1.32,-237.27,41.78,0.67,False
call,0.16,3.0,0.0,0.0,False,False,252,7867.08,5.57,-340.59,250,7645.86,2.34,-4081.18,15512.939999999999,2.34,False
call,0.16,3.0,0.0,0.0,False,True,52,984.8,1.81,-340.59,68,-1309.77,0.75,-4081.18,-324.97,0.75,False
call,0.16,3.0,0.0,0.0,True,False,191,5702.3,5.31,-340.59,207,9311.47,8.01,-269.23,15013.77,5.31,True
call,0.16,3.0,0.0,0.0,True,True,21,-51.84,0.94,-478.05,38,1137.46,2.35,-372.01,1085.6200000000001,0.94,False
call,0.16,3.0,0.0,20.0,False,False,227,7074.03,7.61,-181.95,188,8016.68,7.26,-269.23,15090.71,7.26,False
call,0.16,3.0,0.0,20.0,False,True,38,833.21,2.47,-266.3,30,633.44,1.8,-372.01,1466.65,1.8,False
call,0.16,3.0,0.0,20.0,True,False,177,5649.67,9.4,-170.9,181,7679.78,7.0,-269.23,13329.45,7.0,False
call,0.16,3.0,0.0,20.0,True,True,17,478.76,3.8,-170.9,28,529.24,1.67,-372.01,1008.0,1.67,False
call,0.16,3.0,0.0,25.0,False,False,248,7537.57,5.38,-340.59,230,10203.81,7.22,-269.23,17741.379999999997,5.38,True
call,0.16,3.0,0.0,25.0,False,True,48,655.29,1.54,-340.59,52,1535.65,2.33,-372.01,2190.94,1.54,False
call,0.16,3.0,0.0,25.0,True,False,191,5702.3,5.31,-340.59,204,9064.72,7.82,-269.23,14767.02,5.31,True
call,0.16,3.0,0.0,25.0,True,True,21,-51.84,0.94,-478.05,35,890.71,2.06,-372.01,838.87,0.94,False
call,0.16,3.0,0.3,0.0,False,False,252,5896.82,5.1,-340.59,250,4906.46,1.89,-4151.91,10803.279999999999,1.89,False
call,0.16,3.0,0.3,0.0,False,True,52,891.07,1.94,-340.59,68,-1791.28,0.64,-4153.49,-900.2099999999999,0.64,False
call,0.16,3.0,0.3,0.0,True,False,191,3946.06,4.0,-340.59,207,7182.39,7.48,-269.23,11128.45,4.0,True
call,0.16,3.0,0.3,0.0,True,True,21,-228.59,0.72,-512.82,38,1064.87,2.71,-269.23,836.2799999999999,0.72,False
call,0.16,3.0,0.3,20.0,False,False,227,5423.92,7.89,-170.9,188,6023.0,6.43,-269.23,11446.92,6.43,False
call,0.16,3.0,0.3,20.0,False,True,38,898.64,4.05,-278.08,30,577.54,1.93,-269.23,1476.1799999999998,1.93,False
call,0.16,3.0,0.3,20.0,True,False,177,4062.2,7.13,-170.9,181,5773.17,6.21,-269.23,9835.369999999999,6.21,False
call,0.16,3.0,0.3,20.0,True,True,17,327.41,2.92,-170.9,28,489.1,1.78,-269.23,816.51,1.78,False
call,0.16,3.0,0.3,25.0,False,False,248,5617.8,4.91,-340.59,230,7815.61,6.5,-269.23,13433.41,4.91,True
call,0.16,3.0,0.3,25.0,False,True,48,612.05,1.65,-340.59,52,1331.92,2.42,-269.23,1943.97,1.65,False
call,0.16,3.0,0.3,25.0,True,False,191,3946.06,4.0,-340.59,204,6999.44,7.31,-269.23,10945.5,4.0,True
call,0.16,3.0,0.3,25.0,True,True,21,-228.59,0.72,-512.82,35,881.92,2.42,-269.23,653.3299999999999,0.72,False
call,0.16,3.0,0.5,0.0,False,False,252,4435.09,4.08,-340.59,250,5988.2,3.25,-1908.27,10423.29,3.25,True
call,0.16,3.0,0.5,0.0,False,True,52,582.89,1.62,-340.59,68,675.71,1.31,-1908.27,1258.6,1.31,False
call,0.16,3.0,0.5,0.0,True,False,191,2885.85,3.2,-340.59,207,6148.6,10.3,-237.7,9034.45,3.2,True
call,0.16,3.0,0.5,0.0,True,True,21,-307.93,0.63,-530.09,38,1326.54,8.55,-175.6,1018.6099999999999,0.63,False
call,0.16,3.0,0.5,20.0,False,False,227,4173.24,6.3,-170.9,188,5224.12,8.9,-237.7,9397.36,6.3,False
call,0.16,3.0,0.5,20.0,False,True,38,712.47,3.41,-278.08,30,903.2,6.14,-175.6,1615.67,3.41,False
call,0.16,3.0,0.5,20.0,True,False,177,3108.31,5.69,-170.9,181,5001.5,8.57,-237.7,8109.8099999999995,5.69,False
call,0.16,3.0,0.5,20.0,True,True,17,265.35,2.55,-170.9,28,827.93,5.71,-175.6,1093.28,2.55,False
call,0.16,3.0,0.5,25.0,False,False,248,4204.68,3.92,-340.59,230,6847.67,9.55,-237.7,11052.35,3.92,True
call,0.16,3.0,0.5,25.0,False,True,48,352.48,1.37,-340.59,52,1713.08,6.43,-175.6,2065.56,1.37,False
call,0.16,3.0,0.5,25.0,True,False,191,2885.85,3.2,-340.59,204,5988.6,10.06,-237.7,8874.45,3.2,True
call,0.16,3.0,0.5,25.0,True,True,21,-307.93,0.63,-530.09,35,1166.54,7.64,-175.6,858.6099999999999,0.63,False
call,0.2,1.5,0.0,0.0,False,False,252,4770.39,2.04,-644.39,250,3869.31,1.45,-2655.57,8639.7,1.45,True
call,0.2,1.5,0.0,0.0,False,True,52,-68.77,0.97,-647.51,68,-2647.92,0.51,-3035.13,-2716.69,0.51,False
call,0.2,1.5,0.0,0.0,True,False,191,4009.39,2.32,-508.27,207,6430.09,2.52,-328.82,10439.48,2.32,True
call,0.2,1.5,0.0,0.0,True,True,21,-154.64,0.82,-387.91,38,-366.76,0.79,-610.36,-521.4,0.79,False
call,0.2,1.5,0.0,20.0,False,False,227,4838.25,2.44,-242.6,188,6289.3,2.83,-278.72,11127.55,2.44,False
call,0.2,1.5,0.0,20.0,False,True,38,330.23,1.33,-271.39,30,-252.64,0.8,-496.24,77.59000000000003,0.8,False
call,0.2,1.5,0.0,20.0,True,False,177,4130.35,2.83,-242.6,181,6199.1,2.89,-422.7,10329.45,2.83,False
call,0.2,1.5,0.0,20.0,True,True,17,222.15,1.65,-134.23,28,-279.48,0.77,-523.08,-57.33000000000001,0.77,False
call,0.2,1.5,0.0,25.0,False,False,248,4912.48,2.14,-387.91,230,5838.27,2.07,-688.49,10750.75,2.07,True
call,0.2,1.5,0.0,25.0,False,True,48,73.32,1.04,-391.04,52,-943.96,0.64,-1187.56,-870.6400000000001,0.64,False
call,0.2,1.5,0.0,25.0,True,False,191,4009.39,2.32,-508.27,204,6300.02,2.51,-328.82,10309.41,2.32,True
call,0.2,1.5,0.0,25.0,True,True,21,-154.64,0.82,-387.91,35,-496.83,0.7,-740.42,-651.47,0.7,False
call,0.2,1.5,0.3,0.0,False,False,252,3446.2,1.86,-644.39,250,1688.26,1.2,-2861.76,5134.46,1.2,False
call,0.2,1.5,0.3,0.0,False,True,52,123.12,1.08,-644.39,68,-2900.66,0.45,-3069.22,-2777.54,0.45,False
call,0.2,1.5,0.3,0.0,True,False,191,2530.88,1.87,-521.41,207,4488.36,2.11,-346.47,7019.24,1.87,True
call,0.2,1.5,0.3,0.0,True,True,21,-237.46,0.72,-393.07,38,-336.03,0.79,-547.17,-573.49,0.72,False
call,0.2,1.5,0.3,20.0,False,False,227,3802.33,2.37,-242.6,188,4088.93,2.19,-379.92,7891.26,2.19,False
call,0.2,1.5,0.3,20.0,False,True,38,663.67,2.15,-158.08,30,-457.55,0.64,-610.32,206.11999999999995,0.64,False
call,0.2,1.5,0.3,20.0,True,False,177,2811.06,2.31,-242.6,181,4056.03,2.24,-482.49,6867.09,2.24,False
call,0.2,1.5,0.3,20.0,True,True,17,175.15,1.57,-141.14,28,-474.11,0.61,-626.88,-298.96000000000004,0.61,False
call,0.2,1.5,0.3,25.0,False,False,248,3621.79,1.97,-387.91,230,3729.26,1.71,-762.94,7351.05,1.71,True
call,0.2,1.5,0.3,25.0,False,True,48,298.71,1.23,-387.91,52,-1151.11,0.55,-1303.89,-852.3999999999999,0.55,False
call,0.2,1.5,0.3,25.0,True,False,191,2530.88,1.87,-521.41,204,4227.14,2.05,-346.47,6758.02,1.87,True
call,0.2,1.5,0.3,25.0,True,True,21,-237.46,0.72,-393.07,35,-597.25,0.62,-750.01,-834.71,0.62,False
call,0.2,1.5,0.5,0.0,False,False,252,2299.42,1.61,-708.39,250,227.62,1.03,-2733.29,2527.04,1.03,False
call,0.2,1.5,0.5,0.0,False,True,52,-35.87,0.98,-644.39,68,-2829.46,0.44,-3001.84,-2865.33,0.44,False
call,0.2,1.5,0.5,0.0,True,False,191,1550.64,1.54,-566.16,207,2980.59,1.75,-349.1,4531.2300000000005,1.54,True
call,0.2,1.5,0.5,0.0,True,True,21,-273.56,0.66,-403.77,38,-374.44,0.75,-622.06,-648.0,0.66,False
call,0.2,1.5,0.5,20.0,False,False,227,2826.12,2.1,-242.6,188,2750.45,1.81,-431.21,5576.57,1.81,False
call,0.2,1.5,0.5,20.0,False,True,38,610.12,2.26,-171.99,30,-441.69,0.64,-579.75,168.43,0.64,False
call,0.2,1.5,0.5,20.0,True,False,177,1917.9,1.91,-242.6,181,2738.12,1.85,-524.69,4656.02,1.85,False
call,0.2,1.5,0.5,20.0,True,True,17,161.0,1.6,-155.04,28,-458.25,0.61,-596.31,-297.25,0.61,False
call,0.2,1.5,0.5,25.0,False,False,248,2499.26,1.71,-451.91,230,2462.78,1.49,-562.74,4962.040000000001,1.49,True
call,0.2,1.5,0.5,25.0,False,True,48,163.97,1.14,-387.91,52,-900.25,0.62,-1043.4,-736.28,0.62,False
call,0.2,1.5,0.5,25.0,True,False,191,1550.64,1.54,-566.16,204,2773.64,1.7,-366.95,4324.28,1.54,True
call,0.2,1.5,0.5,25.0,True,True,21,-273.56,0.66,-403.77,35,-581.39,0.62,-768.82,-854.95,0.62,False
call,0.2,2.0,0.0,0.0,False,False,252,8234.35,3.48,-387.91,250,10810.06,2.83,-2454.71,19044.41,2.83,True
call,0.2,2.0,0.0,0.0,False,True,52,817.41,1.48,-387.91,68,-734.13,0.85,-2538.51,83.27999999999997,0.85,False
call,0.2,2.0,0.0,0.0,True,False,191,6464.19,4.02,-387.91,207,11988.79,7.17,-278.72,18452.98,4.02,True
call,0.2,2.0,0.0,0.0,True,True,21,136.69,1.17,-387.91,38,1159.09,1.99,-269.72,1295.78,1.17,False
call,0.2,2.0,0.0,20.0,False,False,227,7508.17,4.11,-245.9,188,10561.1,7.43,-278.72,18069.27,4.11,False
call,0.2,2.0,0.0,20.0,False,True,38,620.85,1.63,-292.65,30,962.34,2.22,-241.32,1583.19,1.63,False
call,0.2,2.0,0.0,20.0,True,False,177,6386.67,5.49,-245.9,181,10238.75,7.56,-332.99,16625.42,5.49,False
call,0.2,2.0,0.0,20.0,True,True,17,513.48,3.02,-134.31,28,822.42,2.05,-241.32,1335.9,2.05,False
call,0.2,2.0,0.0,25.0,False,False,248,7780.88,3.35,-387.91,230,11969.59,4.95,-382.35,19750.47,3.35,True
call,0.2,2.0,0.0,25.0,False,True,48,363.94,1.21,-387.91,52,590.35,1.27,-466.15,954.29,1.21,False
call,0.2,2.0,0.0,25.0,True,False,191,6464.19,4.02,-387.91,204,11652.69,7.0,-278.72,18116.88,4.02,True
call,0.2,2.0,0.0,25.0,True,True,21,136.69,1.17,-387.91,35,822.99,1.7,-269.72,959.6800000000001,1.17,False
call,0.2,2.0,0.3,0.0,False,False,252,6274.47,3.24,-387.91,250,8088.64,2.51,-2410.12,14363.11,2.51,True
call,0.2,2.0,0.3,0.0,False,True,52,839.95,1.67,-387.91,68,-753.96,0.83,-2410.12,85.99000000000001,0.83,False
call,0.2,2.0,0.3,0.0,True,False,191,4501.59,3.12,-387.91,207,9503.5,6.93,-278.72,14005.09,3.12,True
call,0.2,2.0,0.3,0.0,True,True,21,-84.33,0.89,-387.91,38,1166.12,2.41,-241.32,1081.79,0.89,False
call,0.2,2.0,0.3,20.0,False,False,227,5930.79,4.12,-245.9,188,8141.67,6.47,-278.72,14072.46,4.12,False
call,0.2,2.0,0.3,20.0,False,True,38,843.25,2.56,-179.28,30,830.86,2.31,-241.32,1674.1100000000001,2.31,False
call,0.2,2.0,0.3,20.0,True,False,177,4619.21,4.28,-245.9,181,7914.97,6.63,-382.7,12534.18,4.28,False
call,0.2,2.0,0.3,20.0,True,True,17,328.28,2.29,-134.31,28,713.34,2.13,-241.32,1041.62,2.13,False
call,0.2,2.0,0.3,25.0,False,False,248,5912.81,3.11,-387.91,230,9584.52,4.9,-278.72,15497.330000000002,3.11,True
call,0.2,2.0,0.3,25.0,False,True,48,478.29,1.38,-387.91,52,867.07,1.54,-241.32,1345.3600000000001,1.38,False
call,0.2,2.0,0.3,25.0,True,False,191,4501.59,3.12,-387.91,204,9242.28,6.77,-278.72,13743.87,3.12,True
call,0.2,2.0,0.3,25.0,True,True,21,-84.33,0.89,-387.91,35,904.9,2.09,-241.32,820.5699999999999,0.89,False
call,0.2,2.0,0.5,0.0,False,False,252,4752.51,2.78,-387.91,250,6193.8,2.26,-2279.52,10946.310000000001,2.26,True
call,0.2,2.0,0.5,0.0,False,True,52,581.68,1.48,-387.91,68,-731.45,0.81,-2279.52,-149.7700000000001,0.81,False
call,0.2,2.0,0.5,0.0,True,False,191,3248.04,2.53,-387.91,207,7390.44,5.61,-285.86,10638.48,2.53,True
call,0.2,2.0,0.5,0.0,True,True,21,-203.48,0.74,-395.05,38,830.35,2.0,-241.32,626.87,0.74,False
call,0.2,2.0,0.5,20.0,False,False,227,4579.4,3.57,-245.9,188,6282.31,5.22,-285.86,10861.71,3.57,False
call,0.2,2.0,0.5,20.0,False,True,38,690.42,2.41,-193.18,30,608.2,1.96,-241.32,1298.62,1.96,False
call,0.2,2.0,0.5,20.0,True,False,177,3452.74,3.45,-245.9,181,6093.15,5.33,-447.48,9545.89,3.45,False
call,0.2,2.0,0.5,20.0,True,True,17,231.08,1.91,-134.31,28,507.65,1.8,-241.32,738.73,1.8,False
call,0.2,2.0,0.5,25.0,False,False,248,4415.1,2.65,-387.91,230,7721.91,4.44,-285.86,12137.01,2.65,True
call,0.2,2.0,0.5,25.0,False,True,48,244.27,1.2,-387.91,52,829.73,1.6,-241.32,1074.0,1.2,False
call,0.2,2.0,0.5,25.0,True,False,191,3248.04,2.53,-387.91,204,7183.49,5.48,-285.86,10431.529999999999,2.53,True
call,0.2,2.0,0.5,25.0,True,True,21,-203.48,0.74,-395.05,35,623.4,1.75,-241.32,419.91999999999996,0.74,False
call,0.2,3.0,0.0,0.0,False,False,252,10374.08,5.31,-398.67,250,11403.96,2.71,-4428.9,21778.04,2.71,False
call,0.2,3.0,0.0,0.0,False,True,52,1432.38,1.94,-398.67,68,-747.89,0.88,-4428.9,684.4900000000001,0.88,False
call,0.2,3.0,0.0,0.0,True,False,191,7577.56,5.26,-398.67,207,12694.29,8.38,-310.13,20271.850000000002,5.26,True
call,0.2,3.0,0.0,0.0,True,True,21,171.11,1.19,-560.82,38,1485.95,2.27,-436.28,1657.06,1.19,False
call,0.2,3.0,0.0,20.0,False,False,227,9228.18,6.69,-191.3,188,11040.51,8.2,-310.13,20268.690000000002,6.69,False
call,0.2,3.0,0.0,20.0,False,True,38,1155.46,2.57,-220.1,30,909.84,1.93,-436.28,2065.3,1.93,False
call,0.2,3.0,0.0,20.0,True,False,177,7414.55,8.47,-191.3,181,10564.89,7.89,-310.13,17979.44,7.89,False
call,0.2,3.0,0.0,20.0,True,True,17,801.77,8.63,-105.1,28,769.92,1.78,-436.28,1571.69,1.78,False
call,0.2,3.0,0.0,25.0,False,False,248,9920.61,5.12,-398.67,230,13965.43,7.56,-321.68,23886.04,5.12,True
call,0.2,3.0,0.0,25.0,False,True,48,978.91,1.64,-398.67,52,2054.28,2.3,-436.28,3033.19,1.64,False
call,0.2,3.0,0.0,25.0,True,False,191,7577.56,5.26,-398.67,204,12358.19,8.18,-310.13,19935.75,5.26,True
call,0.2,3.0,0.0,25.0,True,True,21,171.11,1.19,-560.82,35,1149.85,1.98,-436.28,1320.96,1.19,False
call,0.2,3.0,0.3,0.0,False,False,252,8126.58,5.22,-398.67,250,8299.81,2.34,-4537.62,16426.39,2.34,False
call,0.2,3.0,0.3,0.0,False,True,52,1406.43,2.33,-398.67,68,-1250.0,0.78,-4537.62,156.43000000000006,0.78,False
call,0.2,3.0,0.3,0.0,True,False,191,5477.15,4.1,-398.67,207,10186.28,8.71,-310.13,15663.43,4.1,True
call,0.2,3.0,0.3,0.0,True,True,21,-73.23,0.92,-609.11,38,1506.13,2.96,-310.13,1432.9,0.92,False
call,0.2,3.0,0.3,20.0,False,False,227,7435.52,7.52,-203.15,188,8621.68,7.53,-310.13,16057.2,7.52,False
call,0.2,3.0,0.3,20.0,False,True,38,1365.21,6.11,-227.01,30,822.28,2.07,-310.13,2187.49,2.07,False
call,0.2,3.0,0.3,20.0,True,False,177,5545.78,6.66,-203.61,181,8249.16,7.25,-310.13,13794.939999999999,6.66,False
call,0.2,3.0,0.3,20.0,True,True,17,593.25,6.64,-105.1,28,704.76,1.92,-310.13,1298.01,1.92,False
call,0.2,3.0,0.3,25.0,False,False,248,7764.92,5.03,-398.67,230,11081.43,7.41,-350.48,18846.35,5.03,True
call,0.2,3.0,0.3,25.0,False,True,48,1044.77,1.99,-398.67,52,1875.39,2.59,-350.48,2920.16,1.99,False
call,0.2,3.0,0.3,25.0,True,False,191,5477.15,4.1,-398.67,204,9925.06,8.51,-310.13,15402.21,4.1,True
call,0.2,3.0,0.3,25.0,True,True,21,-73.23,0.92,-609.11,35,1244.91,2.62,-310.13,1171.68,0.92,False
call,0.2,3.0,0.5,0.0,False,False,252,6275.74,4.26,-398.67,250,6471.86,2.19,-4403.21,12747.599999999999,2.19,False
call,0.2,3.0,0.5,0.0,False,True,52,1029.31,1.98,-398.67,68,-1131.53,0.77,-4403.21,-102.22000000000003,0.77,False
call,0.2,3.0,0.5,0.0,True,False,191,4124.99,3.34,-398.67,207,8613.66,11.85,-278.72,12738.65,3.34,True
call,0.2,3.0,0.5,0.0,True,True,21,-203.7,0.77,-631.07,38,1710.8,8.09,-241.32,1507.1,0.77,False
call,0.2,3.0,0.5,20.0,False,False,227,5777.0,6.06,-203.15,188,7303.74,10.2,-278.72,13080.74,6.06,False
call,0.2,3.0,0.5,20.0,False,True,38,1093.53,5.09,-240.92,30,1170.11,5.85,-241.32,2263.64,5.09,False
call,0.2,3.0,0.5,20.0,True,False,177,4302.45,5.39,-230.66,181,6997.83,9.82,-278.72,11300.279999999999,5.39,False
call,0.2,3.0,0.5,20.0,True,True,17,484.73,5.61,-105.1,28,1069.56,5.43,-241.32,1554.29,5.43,False
call,0.2,3.0,0.5,25.0,False,False,248,5938.33,4.08,-398.67,230,9654.54,11.08,-278.72,15592.87,4.08,True
call,0.2,3.0,0.5,25.0,False,True,48,691.9,1.66,-398.67,52,2302.84,6.68,-241.32,2994.7400000000002,1.66,False
call,0.2,3.0,0.5,25.0,True,False,191,4124.99,3.34,-398.67,204,8406.71,11.59,-278.72,12531.699999999999,3.34,True
call,0.2,3.0,0.5,25.0,True,True,21,-203.7,0.77,-631.07,35,1503.85,7.23,-241.32,1300.1499999999999,0.77,False
